order_code,member_id,customer_name,delivery_date,round,reason,truck_number,delivery_day,customer_type,branch,address,gps,latitude,longitude,district,status,note,delivery_group,is_transferred,transfer_operator,transfer_date,transfer_raw
1,"06032/520","เอเชี่ยน พร็อพเพอร์ตี้ จำกัด","2026-09-29T14:07:00+07:00","ปกติ","ไม่สามารถเข้าส่งได้ น้ำท่วมสูงในพื้นที่","13101","อังคาร","B2B","สาขารามอินทรา","818 (สำนักขาย)  เสรีไทย 43 แยก 3 แขวงคลองกุ่ม เขตบึงกุ่ม จ.กรุงเทพฯ 10230","13.792278333333336,100.66417833333335",13.792278333333336,100.66417833333335,"บึงกุ่ม","รอน้ำลด","","ยังส่งไม่ได้",false,"","",""
2,"189006","ธรรมรัตน์","2026-09-29T14:05:00+07:00","ปกติ","ไม่สามารถเข้าส่งได้ น้ำท่วมสูงในพื้นที่","13101","อังคาร","B2C","สาขารามอินทรา","87/20 อาคาร เอื้ออาทร บึงกุ่ม แยก 13 ถ.เสรีไทย43  แขวงคลองกุ่ม เขตบึงกุ่ม จ.กรุงเทพฯ 10240","13.7906,100.66657166666667",13.7906,100.66657166666667,"บึงกุ่ม","รอน้ำลด","","ยังส่งไม่ได้",false,"","",""
3,"210389","สราวุธ","2026-09-29T14:05:00+07:00","ปกติ","ไม่สามารถเข้าส่งได้ น้ำท่วมสูงในพื้นที่","13101","อังคาร","B2C","สาขารามอินทรา","889/28 Grandity ซ.เสรีไทย43 ถ.เสรีไทย แขวงคลองกุ่ม เขตบึงกุ่ม จ.กรุงเทพฯ 10240","13.78707382,100.67001132",13.78707382,100.67001132,"บึงกุ่ม","รอน้ำลด","","ยังส่งไม่ได้",false,"","",""
4,"214530","อินโนวา อินเตอร์เทรด จำกัด (สำนักงานใหญ่)","2026-09-29T12:41:00+07:00","ตามน้ำ","ไม่สามารถเข้าส่งได้ น้ำท่วมสูงในพื้นที่","13101","อังคาร","B2B","สาขารามอินทรา","3/19 ซ.เสรีไทย 43  แขวงคลองกุ่ม เขตบึงกุ่ม จ.กรุงเทพฯ 10240","13.783003333333333,100.67009666666667",13.783003333333333,100.67009666666667,"บึงกุ่ม","รอน้ำลด","","ยังส่งไม่ได้",false,"","",""
5,"288583","รัตนาภรณ์","2026-09-29T14:08:00+07:00","ตามน้ำ","ไม่สามารถเข้าส่งได้ น้ำท่วมสูงในพื้นที่","13101","อังคาร","B2C","สาขารามอินทรา","55/15 บ้านเอื้ออาทรบึงกุ่ม ชั้น 2 ซ.เสรีไทย 43 แยก 3 แขวงคลองกุ่ม เขตบึงกุ่ม จ.กรุงเทพฯ 10240","13.793811666666667,100.66680999999998",13.793811666666667,100.66680999999998,"บึงกุ่ม","รอน้ำลด","","ยังส่งไม่ได้",false,"","",""
6,"299811","รวีวรรณ เวฬุวนารักษ์","2026-09-29T14:01:00+07:00","ปกติ","ไม่สามารถเข้าส่งได้ น้ำท่วมสูงในพื้นที่","13101","อังคาร","B2C","สาขารามอินทรา","40/5 เอื้ออาทรบึงกุ่ม อาคาร 40 ชั้น 1 ห้อง 5 ซ.เสรีไทย 43 แยก 3 ถ.เสรีไทย  แขวงคลองกุ่ม เขตบึงกุ่ม จ.กรุงเทพฯ 10240","13.801436666666666,100.66631000000001",13.801436666666666,100.66631000000001,"บึงกุ่ม","รอน้ำลด","","ยังส่งไม่ได้",false,"","",""
7,"91792","เทคโคมิค จำกัด","2026-09-29T14:06:00+07:00","ปกติ","ไม่สามารถเข้าส่งได้ น้ำท่วมสูงในพื้นที่","13101","อังคาร","B2B","สาขารามอินทรา","889/14 ซ.เสรีไทย 43 ถ.เสรีไทย  แขวงคลองกุ่ม เขตบึงกุ่ม กรุงเทพฯ 10240","13.786249999999999,100.67027166666666",13.786249999999999,100.67027166666666,"บึงกุ่ม","รอน้ำลด","","ยังส่งไม่ได้",false,"","",""
8,"98662","พรทิพา นิลนวลอุบล","2026-09-29T14:04:00+07:00","ปกติ","ไม่สามารถเข้าส่งได้ เกิดข้อผิดพลาด (เลื่อนวันที่ส่ง)","13101","อังคาร","B2C","สาขารามอินทรา","ฝ่ายโยธา สำนักงานเขตบึงกุ่ม เลขที่ 999 ม.4 ถ.เสรีไทย ซอยเสรีไทย 43 แขวงคลองกุ่ม เขตบึงกุ่ม กรุงเทพฯ 10240","13.785481666666666,100.66957833333332",13.785481666666666,100.66957833333332,"บึงกุ่ม","รอน้ำลด","","ยังส่งไม่ได้",false,"","",""
9,"114719","อัมรินทร์ ฉัตรทิพย์โยธา","2026-09-29T14:01:00+07:00","ปกติ","ไม่สามารถเข้าส่งได้ น้ำท่วมสูงในพื้นที่","13101","อังคาร","B2C","สาขารามอินทรา","48/508 หมู่บ้านเจริญการ(ซ.ย่อยเป็น ซ.7 ซ้ายมือบ้านชั้นเดียว)  ม.4 ซ.เสรีไท41 แขวงคลองกุ่ม เขตบึงกุ่ม กรุงเทพฯ 10240","13.787603333333333,100.66469166666666",13.787603333333333,100.66469166666666,"บึงกุ่ม","รอน้ำลด","","ยังส่งไม่ได้",false,"","",""
10,"122924","อรอุมา","2026-09-29T14:06:00+07:00","ปกติ","ไม่สามารถเข้าส่งได้ น้ำท่วมสูงในพื้นที่","13101","อังคาร","B2C","สาขารามอินทรา","116/29 มบ.เอื้ออาทรบึงกุ่ม ชั้น 4 ซ.เสรีไทย 43 แขวงคลองกุ่ม เขตบึงกุ่ม กรุงเทพฯ 10240","13.78897004,100.66876115",13.78897004,100.66876115,"บึงกุ่ม","รอน้ำลด","","ยังส่งไม่ได้",false,"","",""
11,"124614","ภรณี","2026-09-29T14:02:00+07:00","ปกติ","ไม่สามารถเข้าส่งได้ น้ำท่วมสูงในพื้นที่","13101","อังคาร","B2C","สาขารามอินทรา","48/675 หมู่ที่ 4  หมู่บ้านเจริญกาญจน์ ซ.เสรีไทย 41 แขวงคลองกุ่ม เขตบึงกุ่ม กรุงเทพฯ 10240","13.7869588,100.6661756",13.7869588,100.6661756,"บึงกุ่ม","รอน้ำลด","","ยังส่งไม่ได้",false,"","",""
12,"204196/1","ปรียาภรณ์","2026-09-29T14:06:00+07:00","ปกติ","ไม่สามารถเข้าส่งได้ น้ำท่วมสูงในพื้นที่","13101","อังคาร","B2C","สาขารามอินทรา","644/140 หมู่บ้านนวกานต์ ซอยเสรีไทย 43 แขวงคลองกุ่ม เขตบึงกุ่ม จ.กรุงเทพฯ 10240","13.790269171189413,100.66956103417607",13.790269171189413,100.66956103417607,"บึงกุ่ม","รอน้ำลด","","ยังส่งไม่ได้",false,"","",""
13,"251983","ปาณิดา","2026-09-29T14:05:00+07:00","ปกติ","ไม่สามารถเข้าส่งได้ น้ำท่วมสูงในพื้นที่","13101","อังคาร","B2C","สาขารามอินทรา","18/21 หมู่บ้านเอื้ออาทร บึงกุ่ม ชั้น3 ซ.เสรีไทย 41 ถ.เสรีไทย แขวงคลองกุ่ม เขตบึงกุ่ม กรุงเทพฯ 10240","13.789200000000001,100.66919833333334",13.789200000000001,100.66919833333334,"บึงกุ่ม","รอน้ำลด","","ยังส่งไม่ได้",false,"","",""
14,"252998","รัตนา","2026-09-29T14:07:00+07:00","ปกติ","ไม่สามารถเข้าส่งได้ น้ำท่วมสูงในพื้นที่","13101","อังคาร","B2C","สาขารามอินทรา","อาคารสงเคราะห์ข้าราชการและลูกจ้างประจำกรุงเทพมหานคร(บึงกุ่ม) ตึก 3 ห้อง 703/311  ชั้น 3 ซ.เสรีไทย 43 แขวงคลองกุ่ม เขตบึงกุ่ม จ.กรุงเทพฯ 10240","13.785718333333334,100.67050333333333",13.785718333333334,100.67050333333333,"บึงกุ่ม","รอน้ำลด","","ยังส่งไม่ได้",false,"","",""
15,"64310","ฝ่ายการคลัง สำนักงานเขตบึงกุ่ม","2026-09-29T14:04:00+07:00","ปกติ","ไม่สามารถเข้าส่งได้ น้ำท่วมสูงในพื้นที่","13101","อังคาร","B2B","สาขารามอินทรา","สำนักงานเขตบึงกุ่ม (ฝ่ายการคลัง) ชั้น 3 แขวงคลองกุ่ม เขตบึงกุ่ม กรุงเทพฯ 10240","13.785171666666667,100.66958333333332",13.785171666666667,100.66958333333332,"บึงกุ่ม","รอน้ำลด","","ยังส่งไม่ได้",false,"","",""
16,"06032/493","เอเชี่ยน พร็อพเพอร์ตี้ จำกัด","2026-09-29T14:08:00+07:00","ปกติ","ไม่สามารถเข้าส่งได้ น้ำท่วมสูงในพื้นที่","13101","อังคาร","B2B","สาขารามอินทรา","818 (สำนักงานช่าง) เสรีไทย 43 แยก 3 แขวงคลองกุ่ม เขตบึงกุ่ม จ.กรุงเทพฯ 10230","13.792624999999997,100.663765",13.792624999999997,100.663765,"บึงกุ่ม","รอน้ำลด","","ยังส่งไม่ได้",false,"","",""
17,"255760","สุโข คราฟท์ จำกัด","2026-09-29T11:48:00+07:00","ปกติ","ไม่สามารถเข้าส่งได้ น้ำท่วมสูงในพื้นที่","13101","อังคาร","B2B","สาขารามอินทรา","86/3 บางกะปิทาวเวอร์ ซ.เสรีไทย 37 ถ.เสรีไทย แขวงคลองกุ่ม เขตบึงกุ่ม จ.กรุงเทพฯ 10240","13.780289999999999,100.66767",13.780289999999999,100.66767,"บึงกุ่ม","รอน้ำลด","","ยังส่งไม่ได้",false,"","",""
18,"258572","สิริกานต์","2026-09-29T14:03:00+07:00","ปกติ","ไม่สามารถเข้าส่งได้ เกิดข้อผิดพลาด (เลื่อนวันที่ส่ง)","13101","อังคาร","B2C","สาขารามอินทรา","48/735 แยก4 คลองกุ่มนิเวศน์ ซ.เสรีไทย41 ถ.เสรีไทย แขวงคลองกุ่ม เขตบึงกุ่ม จ.กรุงเทพฯ 10240","13.787196666666667,100.6661",13.787196666666667,100.6661,"บึงกุ่ม","รอน้ำลด","","ยังส่งไม่ได้",false,"","",""
19,"68333","สุภาพร แสงอรุณ","2026-09-29T14:04:00+07:00","ปกติ","ไม่สามารถเข้าส่งได้ น้ำท่วมสูงในพื้นที่","13101","อังคาร","B2C","สาขารามอินทรา","ฝ่ายการศึกษา สำนักงานเขตบึงกุ่ม 999 ชั้น 5 ซ.43 ถ.เสรีไทย แขวงคลองกุ่ม เขตบึงกุ่ม กรุงเทพฯ 10240","13.785686666666667,100.66946833333334",13.785686666666667,100.66946833333334,"บึงกุ่ม","รอน้ำลด","","ยังส่งไม่ได้",false,"","",""
20,"260715","ไพฑูรย์","2026-09-29T14:02:00+07:00","ปกติ","ไม่สามารถเข้าส่งได้ น้ำท่วมสูงในพื้นที่","13101","อังคาร","B2C","สาขารามอินทรา","48/949 หมู่บ้านคลองกุ่มนิเวศน์ ซ.7 ซ.เสรีไทย 41 ถ.เสรีไท แขวงคลองกุ่ม เขตบึงกุ่ม จ.กรุงเทพฯ 10240","13.789,100.6642778",13.789,100.6642778,"บึงกุ่ม","รอน้ำลด","","ยังส่งไม่ได้",false,"","",""
21,"172000","ชุตาภรณ์","2026-09-29T14:03:00+07:00","ปกติ","ไม่สามารถเข้าส่งได้ น้ำท่วมสูงในพื้นที่","13101","อังคาร","B2C","สาขารามอินทรา","48/613 ซ.เสรีไทย 41 เจริญกาญจน์ 5 แขวงคลองกุ่ม เขตบึงกุ่ม กรุงเทพฯ 10240","13.787845,100.66539666666668",13.787845,100.66539666666668,"บึงกุ่ม","รอน้ำลด","","ยังส่งไม่ได้",false,"","",""
22,"179209","พรปวีณ์","2026-09-29T10:53:00+07:00","ปกติ","ไม่สามารถเข้าส่งได้ น้ำท่วมสูงในพื้นที่","13101","อังคาร","B2C","สาขารามอินทรา","93/138 หมู่บ้านเสริมสุข ซ.เสรีไทย 23/1 ถ.เสรีไทย แขวงคลองกุ่ม เขตบึงกุ่ม จ.กรุงเทพฯ 10240","13.77887439,100.65976834",13.77887439,100.65976834,"บึงกุ่ม","รอน้ำลด","","ยังส่งไม่ได้",false,"","",""
23,"269410","ศิริพร","2026-09-29T14:07:00+07:00","ปกติ","ไม่สามารถเข้าส่งได้ น้ำท่วมสูงในพื้นที่","13101","อังคาร","B2C","สาขารามอินทรา","644/98 หมู่บ้านนวกานต์ ซ.6 ถ.เสรีไทย 43 แขวงคลองกุ่ม เขตบึงกุ่ม จ.กรุงเทพฯ 10240","13.790806658785634,100.66909087790987",13.790806658785634,100.66909087790987,"บึงกุ่ม","รอน้ำลด","","ยังส่งไม่ได้",false,"","",""
24,"271467","สแควเมตร สตูดิโอ ดีไซน์ แอนด์ คอนสตรัคชั่น จำกัด","2026-09-29T10:10:00+07:00","ปกติ","ไม่สามารถเข้าส่งได้ น้ำท่วมสูงในพื้นที่","13102","อังคาร","B2B","สาขารามอินทรา","108/304 FACTORY SQUAREMETER STUDIO แขวงคันนายาว เขตคันนายาว จ.กรุงเทพฯ 10230","13.808261666666665,100.68610333333332",13.808261666666665,100.68610333333332,"คันนายาว","รอน้ำลด","","ยังส่งไม่ได้",false,"","",""
25,"273905","ปมัยพร","2026-09-29T10:04:00+07:00","ปกติ","ไม่สามารถเข้าส่งได้ น้ำท่วมสูงในพื้นที่","13102","อังคาร","B2C","สาขารามอินทรา","203  ถ.สวนสยาม แขวงคันนายาว เขตบึงกุ่ม จ.กรุงเทพฯ 10240","13.805436666666667,100.69180166666665",13.805436666666667,100.69180166666665,"บึงกุ่ม","รอน้ำลด","","ยังส่งไม่ได้",false,"","",""
26,"277680","กริชญา","2026-09-29T09:47:00+07:00","ปกติ","ไม่สามารถเข้าส่งได้ น้ำท่วมสูงในพื้นที่","13102","อังคาร","B2C","สาขารามอินทรา"," 16,18 ซ.สวนสยาม 1 ถ.สวนสยาม แขวงคันนายาว เขตคันนายาว จ.กรุงเทพฯ 10230","13.810530000000002,100.68924",13.810530000000002,100.68924,"คันนายาว","รอน้ำลด","","ยังส่งไม่ได้",false,"","",""
27,"192882","คิว-แมท คอนสตรัคชั่น จำกัด","2026-09-29T10:26:00+07:00","ปกติ","ไม่สามารถเข้าส่งได้ น้ำท่วมสูงในพื้นที่","13102","อังคาร","B2B","สาขารามอินทรา","832 ซ.รามอินทรา 68 แยก 2 ถ.รามอินทรา แขวงคันนายาว เขตคันนายาว จ.กรุงเทพฯ 10230","13.81806158,100.68328473",13.81806158,100.68328473,"คันนายาว","รอน้ำลด","","ยังส่งไม่ได้",false,"","",""
28,"279310","ณัชชยาภา","2026-09-29T09:50:00+07:00","ปกติ","ไม่สามารถเข้าส่งได้ เกิดข้อผิดพลาด (เลื่อนวันที่ส่ง)","13102","อังคาร","B2C","สาขารามอินทรา","บ้านเลขที่ 4 ซอยสวนสยาม 16 แยก 4-4, ถ.เสรีไทย แขวงคันนายาว เขตคันนายาว จ.กรุงเทพฯ 10230","13.80782,100.68707333333332",13.80782,100.68707333333332,"คันนายาว","รอน้ำลด","","ยังส่งไม่ได้",false,"","",""
29,"198344","วสินันท์","2026-09-29T10:27:00+07:00","ปกติ","ไม่สามารถเข้าส่งได้ น้ำท่วมสูงในพื้นที่","13102","อังคาร","B2C","สาขารามอินทรา","58/61 หมู่บ้านแสงอรุณ ซ.รามอินทรา 68 ถ.รามอินทรา แขวงคันนายาว เขตคันนายาว จ.กรุงเทพฯ 10230","13.81742,100.68361833333331",13.81742,100.68361833333331,"คันนายาว","รอน้ำลด","","ยังส่งไม่ได้",false,"","",""
30,"199378","ธนาชัย โฮม ดีไซน์ จำกัด","2026-09-29T10:11:00+07:00","ปกติ","ไม่สามารถเข้าส่งได้ น้ำท่วมสูงในพื้นที่","13102","อังคาร","B2B","สาขารามอินทรา","22 ซ.สวนสยาม 2 แขวงคันนายาว เขตคันนายาว จ.กรุงเทพฯ 10230","13.813133333333333,100.68624333333334",13.813133333333333,100.68624333333334,"คันนายาว","รอน้ำลด","","ยังส่งไม่ได้",false,"","",""
31,"09069","ดีเอ็มเอกซ จำกัด","2026-09-29T10:05:00+07:00","ปกติ","ไม่สามารถเข้าส่งได้ น้ำท่วมสูงในพื้นที่","13102","อังคาร","B2B","สาขารามอินทรา","221/3 ถ.สวนสยาม แขวงคันนายาว เขตคันนายาว กรุงเทพฯ 10230","13.8001312,100.6904563",13.8001312,100.6904563,"คันนายาว","รอน้ำลด","","ยังส่งไม่ได้",false,"","",""
32,"61468/25","เอสซี แอสเสท คอร์ปอเรชั่น จำกัด (มหาชน)","2026-09-29T10:19:00+07:00","ปกติ","ไม่สามารถเข้าส่งได้ น้ำท่วมสูงในพื้นที่","13102","อังคาร","B2B","สาขารามอินทรา","โครงการ แกรนด์ บางกอก บูเลอวาร์ด รามอินทรา-เกษตรนวมินทร์ ถ.สวนสยาม แขวงคันนายาว เขตคันนายาว จ.กรุงเทพฯ 10230 แขวงคันนายาว เขตคันนายาว จ.กรุงเทพฯ 10230","13.813608333333331,100.687465",13.813608333333331,100.687465,"คันนายาว","รอน้ำลด","","ยังส่งไม่ได้",false,"","",""
33,"214903","ธนารักษ์","2026-09-29T10:27:00+07:00","ปกติ","ไม่สามารถเข้าส่งได้ น้ำท่วมสูงในพื้นที่","13102","อังคาร","B2C","สาขารามอินทรา","58/82 ซ.รามอินทรา 68 ถ.รามอินทรา  แขวงคันนายาว เขตคันนายาว กรุงเทพฯ 10230","13.817663333333334,100.68321333333333",13.817663333333334,100.68321333333333,"คันนายาว","รอน้ำลด","","ยังส่งไม่ได้",false,"","",""
34,"287553","วาสนา","2026-09-29T09:48:00+07:00","ปกติ","ไม่สามารถเข้าส่งได้ น้ำท่วมสูงในพื้นที่","13102","อังคาร","B2C","สาขารามอินทรา","8/20 อมรพันธุ์นคร8 ซ.สวนสยาม9แยก2 ถ.สวนสยาม แขวงคันนายาว เขตคันนายาว จ.กรุงเทพฯ 10230","13.801313333333333,100.69131",13.801313333333333,100.69131,"คันนายาว","รอน้ำลด","","ยังส่งไม่ได้",false,"","",""
35,"219339","ซันเทค เทคโนโลยี จำกัด","2026-09-29T09:49:00+07:00","ปกติ","ไม่สามารถเข้าส่งได้ น้ำท่วมสูงในพื้นที่","13102","อังคาร","B2B","สาขารามอินทรา","9/72 หมู่บ้าน อมรพันธ์นคร 9 ซ.สวนสยาม 24 แยก 2 ถ.สวนสยาม แขวงคันนายาว เขตคันนายาว จ.กรุงเทพฯ 10230","13.799891666666667,100.68942",13.799891666666667,100.68942,"คันนายาว","รอน้ำลด","","ยังส่งไม่ได้",false,"","",""
36,"221818","ปวริศา ฐิตานันท์","2026-09-29T10:23:00+07:00","ปกติ","ไม่สามารถเข้าส่งได้ น้ำท่วมสูงในพื้นที่","13102","อังคาร","B2C","สาขารามอินทรา","หมู่บ้านแสงอรุณ เลขที่ 58/139 ซ.รามอินทรา68 ถนนรามอินทรา แขวงคันนายาว เขตคันนายาว จ.กรุงเทพฯ 10230","13.815705,100.68387",13.815705,100.68387,"คันนายาว","รอน้ำลด","","ยังส่งไม่ได้",false,"","",""
37,"289825","มัลลิกา","2026-09-29T09:42:00+07:00","ตามน้ำ","ไม่สามารถเข้าส่งได้ น้ำท่วมสูงในพื้นที่","13102","อังคาร","B2C","สาขารามอินทรา","28/213 (7/30) ชั้น 4  แฟตลตำรวจ สน.บางชัน ซ.เสรีไทย 73 แขวงคันนายาว เขตคันนายาว จ.กรุงเทพฯ 10230","13.801941666666668,100.68787833333333",13.801941666666668,100.68787833333333,"คันนายาว","รอน้ำลด","","ยังส่งไม่ได้",false,"","",""
38,"03905/293","สถานีตำรวจนครบาลบางชัน","2026-09-29T10:10:00+07:00","ปกติ","ไม่สามารถเข้าส่งได้ เกิดข้อผิดพลาด (เลื่อนวันที่ส่ง)","13102","อังคาร","B2B","สาขารามอินทรา","28 ซอยเสรีไทย 73  แขวงคันนายาว เขตคันนายาว กรุงเทพมหานคร 10230","13.80246,100.68596833333335",13.80246,100.68596833333335,"คันนายาว","รอน้ำลด","","ยังส่งไม่ได้",false,"","",""
39,"290862","นันทวรรณ","2026-09-29T10:11:00+07:00","ปกติ","ไม่สามารถเข้าส่งได้ น้ำท่วมสูงในพื้นที่","13102","อังคาร","B2C","สาขารามอินทรา","บ้านเลขที่ 87 หมู่บ้านรังสิยาซอยรามอินทรา 64  แขวงคันนายาว เขตคันนายาว จ.กรุงเทพฯ 10230","13.806915,100.68333666666668",13.806915,100.68333666666668,"คันนายาว","รอน้ำลด","","ยังส่งไม่ได้",false,"","",""
40,"291373","กนกวรรณ จิตรเที่ยง","2026-09-29T10:28:00+07:00","ปกติ","ไม่สามารถเข้าส่งได้ น้ำท่วมสูงในพื้นที่","13102","อังคาร","B2C","สาขารามอินทรา","58/490 แยก7-7 แสงอรุณ ซ.รามอินทรา 68 ถ.รามอินทรา แขวงคันนายาว เขตคันนายาว จ.กรุงเทพฯ 10230","13.815026666666665,100.68201666666667",13.815026666666665,100.68201666666667,"คันนายาว","รอน้ำลด","","ยังส่งไม่ได้",false,"","",""
41,"293121","เดอะ แฮนน่า กรุ๊ป จำกัด","2026-09-29T10:15:00+07:00","ปกติ","ไม่สามารถเข้าส่งได้ น้ำท่วมสูงในพื้นที่","13102","อังคาร","B2B","สาขารามอินทรา","โรงเรียนสอนภาษาอังกฤษ AEP โครงการอมอรินี่มอลล์ อาคาร A ชั้น 2 ห้อง A208 ซ.1/1 ถ.สวนสยาม แขวงคันนายาว เขตคันนายาว จ.กรุงเทพฯ 10230","13.8137543,100.6873967",13.8137543,100.6873967,"คันนายาว","รอน้ำลด","","ยังส่งไม่ได้",false,"","",""
42,"293368","จิรพันธ์","2026-09-29T10:06:00+07:00","ปกติ","ไม่สามารถเข้าส่งได้ น้ำท่วมสูงในพื้นที่","13102","อังคาร","B2C","สาขารามอินทรา","42 ซ.สวนสยาม 8 แยก 2 แขวงคันนายาว เขตคันนายาว จ.กรุงเทพฯ 10230","13.811528333333335,100.68760333333333",13.811528333333335,100.68760333333333,"คันนายาว","รอน้ำลด","","ยังส่งไม่ได้",false,"","",""
43,"231961","ออฟเซ็ท จำกัด","2026-09-29T10:28:00+07:00","ปกติ","ไม่สามารถเข้าส่งได้ น้ำท่วมสูงในพื้นที่","13102","อังคาร","B2B","สาขารามอินทรา","58/435 แสงอรุณ ซ.รามอินทรา 68 แยก7-5 แขวงคันนายาว เขตคันนายาว จ.กรุงเทพฯ 10230","13.815326666666666,100.68247833333335",13.815326666666666,100.68247833333335,"คันนายาว","รอน้ำลด","","ยังส่งไม่ได้",false,"","",""
44,"238505","ประยงค์","2026-09-29T09:47:00+07:00","ปกติ","ไม่สามารถเข้าส่งได้ น้ำท่วมสูงในพื้นที่","13102","อังคาร","B2C","สาขารามอินทรา","2/9 ซ.สวนสยาม 15 ถ.สวนสยาม แขวงคันนายาว เขตคันนายาว จ.กรุงเทพฯ 10230","13.797511666666667,100.69075833333333",13.797511666666667,100.69075833333333,"คันนายาว","รอน้ำลด","","ยังส่งไม่ได้",false,"","",""
45,"85329","ฟิวเจอร์แมท จำกัด","2026-09-29T10:03:00+07:00","ปกติ","ไม่สามารถเข้าส่งได้ น้ำท่วมสูงในพื้นที่","13102","อังคาร","B2B","สาขารามอินทรา","161 ถ.สวนสยาม แขวงคันนายาว เขตคันนายาว กรุงเทพฯ 10230","13.80920461,100.69011667",13.80920461,100.69011667,"คันนายาว","รอน้ำลด","","ยังส่งไม่ได้",false,"","",""
46,"143361","ประดิษฐ์","2026-09-29T09:15:00+07:00","ปกติ","ไม่สามารถเข้าส่งได้ น้ำท่วมสูงในพื้นที่","13102","อังคาร","B2C","สาขารามอินทรา","11 ซ.สวนสยาม 2 แยก 2  แขวงคันนายาว เขตคันนายาว จ.กรุงเทพฯ 10230","13.813771666666666,100.68485666666666",13.813771666666666,100.68485666666666,"คันนายาว","รอน้ำลด","","ยังส่งไม่ได้",false,"","",""
47,"245652","จีรกิตร์","2026-09-29T09:48:00+07:00","ปกติ","ไม่สามารถเข้าส่งได้ น้ำท่วมสูงในพื้นที่","13102","อังคาร","B2C","สาขารามอินทรา","เลขที่ 1/2 ซ.สวนสยาม 30 ถ.สวนสยาม แขวงคันนายาว เขตคันนายาว จ.กรุงเทพฯ 10230","13.79625027,100.69034854",13.79625027,100.69034854,"คันนายาว","รอน้ำลด","","ยังส่งไม่ได้",false,"","",""
48,"151125","เรียล โนเบิล จำกัด (สำนักงานใหญ่)","2026-09-29T09:50:00+07:00","ปกติ","ไม่สามารถเข้าส่งได้ เกิดข้อผิดพลาด (เลื่อนวันที่ส่ง)","13102","อังคาร","B2B","สาขารามอินทรา","2/30 ซ.สวนสยาม 10 แยก 2  แขวงคันนายาว เขตคันนายาว จ.กรุงเทพฯ 10230","13.810465,100.6877324",13.810465,100.6877324,"คันนายาว","รอน้ำลด","","ยังส่งไม่ได้",false,"","",""
49,"156583","สิรภัทร","2026-09-29T09:49:00+07:00","ปกติ","ไม่สามารถเข้าส่งได้ น้ำท่วมสูงในพื้นที่","13102","อังคาร","B2C","สาขารามอินทรา","5/14 หมู่บ้านอมรพันธ์นคร 5 ซ.สวนสยาม 26 แยก 1 แขวงคันนายาว เขตคันนายาว จ.กรุงเทพฯ 10230","13.798328333333332,100.68974000000001",13.798328333333332,100.68974000000001,"คันนายาว","รอน้ำลด","","ยังส่งไม่ได้",false,"","",""
50,"55972","แสงศิริ เด็คโคเรท จำกัด","2026-09-29T10:24:00+07:00","ปกติ","ไม่สามารถเข้าส่งได้ น้ำท่วมสูงในพื้นที่","13102","อังคาร","B2B","สาขารามอินทรา","758,760/1 ถ.รามอินทรา แขวงคันนายาว เขตคันนายาว จ.กรุงเทพฯ 10230","13.819626666666666,100.68122833333334",13.819626666666666,100.68122833333334,"คันนายาว","รอน้ำลด","","ยังส่งไม่ได้",false,"","",""
51,"256233","มอนสเตอร์ ทราเวล จำกัด","2026-09-29T09:46:00+07:00","ปกติ","ไม่สามารถเข้าส่งได้ น้ำท่วมสูงในพื้นที่","13102","อังคาร","B2B","สาขารามอินทรา","203 (ห้องเลขที่ B9 ห้อง102 ) ประตูบางกอกไชน่าทาวน์ ถ. สวนสยาม  แขวงคันนายาว เขตคันนายาว กรุงเทพมหานคร 10230","13.80438995,100.69188197",13.80438995,100.69188197,"คันนายาว","รอน้ำลด","","ยังส่งไม่ได้",false,"","",""
52,"170453","จอมฉัตร","2026-09-29T10:06:00+07:00","ปกติ","ไม่สามารถเข้าส่งได้ น้ำท่วมสูงในพื้นที่","13102","อังคาร","B2C","สาขารามอินทรา","2/26 หมู่บ้านสิริยาทาวน์ ซ.สวนสยาม10 แยก 2  แขวงคันนายาว เขตคันนายาว กรุงเทพฯ 10230","13.810606666666668,100.68766333333333",13.810606666666668,100.68766333333333,"คันนายาว","รอน้ำลด","","ยังส่งไม่ได้",false,"","",""
53,"179395","โมทนา โปรเกรสซีฟ","2026-09-29T10:11:00+07:00","ปกติ","ไม่สามารถเข้าส่งได้ น้ำท่วมสูงในพื้นที่","13102","อังคาร","B2B","สาขารามอินทรา","58,60 ถ.สวนสยาม  แขวงคันนายาว เขตคันนายาว จ.กรุงเทพฯ 10230","13.81443,100.68728833333334",13.81443,100.68728833333334,"คันนายาว","รอน้ำลด","","ยังส่งไม่ได้",false,"","",""
54,"180424","จิราภรณ์","2026-09-29T10:23:00+07:00","ปกติ","ไม่สามารถเข้าส่งได้ น้ำท่วมสูงในพื้นที่","13102","อังคาร","B2C","สาขารามอินทรา","293 หมู่บ้านเดอะปาร์ค แอท แฟชั้น ซ.รามอินทรา 64 แขวงคันนายาว เขตคันนายาว กรุงเทพฯ 10230","13.806368333333333,100.68552",13.806368333333333,100.68552,"คันนายาว","รอน้ำลด","","ยังส่งไม่ได้",false,"","",""
55,"108841","วันชัย คชารักษ์","2026-09-29T09:10:00+07:00","โอนงานสิ้นวัน","ไม่สามารถเข้าส่งได้ น้ำท่วมสูงในพื้นที่","13102","เสาร์","B2C","สาขารามอินทรา","104/67 หมู่บ้านสวนสยามทาวเฮ้าส์ ม.4 ถ.รามอินทรา แขวงคันนายาว เขตคันนายาว กรุงเทพฯ 10230","13.8133802,100.6855793",13.8133802,100.6855793,"คันนายาว","รอน้ำลด","","ยังส่งไม่ได้",true,"วีรวัฒน์ อุดมทรัพย์","28/09/2026","ผู้ทำรายการ:วีรวัฒน์ อุดมทรัพย์;โอนงานมาจากวันที่:28/09/2026"
56,"154209","เจตณรงค์","2026-09-29T09:12:00+07:00","โอนงานสิ้นวัน","ไม่สามารถเข้าส่งได้ น้ำท่วมสูงในพื้นที่","13102","เสาร์","B2C","สาขารามอินทรา","49 หมู่บ้าน เลิศอุบล 5 ซ.สวยสยาม 3 แยก 6 ถ.สวนสยาม แขวงคันนายาว เขตคันนายาว จ.กรุงเทพฯ 10230","13.811264999999999,100.68385833333332",13.811264999999999,100.68385833333332,"คันนายาว","รอน้ำลด","","ยังส่งไม่ได้",true,"วุฒิชัย จีปน","26/09/2026","ผู้ทำรายการ:วุฒิชัย จีปน;โอนงานมาจากวันที่:26/09/2026"
57,"190616","อาภรณ์","2026-09-29T09:51:00+07:00","โอนงานสิ้นวัน","ไม่สามารถเข้าส่งได้ น้ำท่วมสูงในพื้นที่","13102","เสาร์","B2C","สาขารามอินทรา","19 ถ.แยกสวนสยาม แขวงคันนายาว เขตคันนายาว จ.กรุงเทพฯ 10230","13.813652279530292,100.68634276474488",13.813652279530292,100.68634276474488,"คันนายาว","รอน้ำลด","","ยังส่งไม่ได้",true,"จิรวัฒน์ สัยนิถี","28/09/2026","ผู้ทำรายการ:จิรวัฒน์ สัยนิถี;โอนงานมาจากวันที่:28/09/2026"
58,"202279","วันวิสา","2026-09-29T09:43:00+07:00","โอนงานสิ้นวัน","ไม่สามารถเข้าส่งได้ เกิดข้อผิดพลาด (เลื่อนวันที่ส่ง)","13102","เสาร์","B2C","สาขารามอินทรา","58/557 หมู่บ้านแสงอรุณ ซ.4 แยก 7-3 ซ.รามอินทรา 68 ถ.รามอินทรา แขวงคันนายาว เขตคันนายาว จ.กรุงเทพฯ 10230","13.813863333333332,100.68299499999999",13.813863333333332,100.68299499999999,"คันนายาว","รอน้ำลด","","ยังส่งไม่ได้",true,"สถาพร นนท์เข็มพรหม","26/09/2026","ผู้ทำรายการ:สถาพร นนท์เข็มพรหม;โอนงานมาจากวันที่:26/09/2026"
59,"254858","พัชรินทร์","2026-09-29T09:45:00+07:00","โอนงานสิ้นวัน","ไม่สามารถเข้าส่งได้ น้ำท่วมสูงในพื้นที่","13102","เสาร์","B2C","สาขารามอินทรา","เลขที่ 20 หมู่บ้านราณี 7 ซ.สวนสยาม 24 แยก 10 ถ.สวนสยาม แขวงคันนายาว เขตคันนายาว จ.กรุงเทพฯ 10230","13.813883333333335,100.68305000000001",13.813883333333335,100.68305000000001,"คันนายาว","รอน้ำลด","","ยังส่งไม่ได้",true,"ฤทธิศักดิ์ สระเงินสิงห์","28/09/2026","ผู้ทำรายการ:ฤทธิศักดิ์ สระเงินสิงห์;โอนงานมาจากวันที่:28/09/2026"
60,"255708","สมใจ","2026-09-29T09:52:00+07:00","โอนงานสิ้นวัน","ไม่สามารถเข้าส่งได้ น้ำท่วมสูงในพื้นที่","13102","เสาร์","B2C","สาขารามอินทรา","1/13 หมู่บ้านสิริยา สวนสยาม 20 ซ.6 แขวงคันนายาว เขตคันนายาว จ.กรุงเทพฯ 10230","13.806573333333331,100.68942166666666",13.806573333333331,100.68942166666666,"คันนายาว","รอน้ำลด","","ยังส่งไม่ได้",true,"วีรวัฒน์ อุดมทรัพย์","28/09/2026","ผู้ทำรายการ:วีรวัฒน์ อุดมทรัพย์;โอนงานมาจากวันที่:28/09/2026"
61,"259817","นิรันดร์","2026-09-29T09:54:00+07:00","โอนงานสิ้นวัน","ไม่สามารถเข้าส่งได้ น้ำท่วมสูงในพื้นที่","13102","เสาร์","B2C","สาขารามอินทรา","169/7 บ้านสวนอมรพันธุ์ ถ.แยกสวนสยาม แขวงคันนายาว เขตคันนายาว จ.กรุงเทพฯ 10230","13.811791666666666,100.68334000000002",13.811791666666666,100.68334000000002,"คันนายาว","รอน้ำลด","","ยังส่งไม่ได้",true,"วุฒิชัย จีปน","26/09/2026","ผู้ทำรายการ:วุฒิชัย จีปน;โอนงานมาจากวันที่:26/09/2026"
62,"40317","อธิวัฒน์ สืบสายเมธา","2026-09-29T09:54:00+07:00","โอนงานสิ้นวัน","ไม่สามารถเข้าส่งได้ น้ำท่วมสูงในพื้นที่","13102","เสาร์","B2C","สาขารามอินทรา","1/37 หมู่บ้านสิริยาโฮม ถ.สวนสยาม แขวงคันนายาว เขตคันนายาว กรุงเทพฯ 10230","13.8064832,100.68927084",13.8064832,100.68927084,"คันนายาว","รอน้ำลด","","ยังส่งไม่ได้",true,"จิรวัฒน์ สัยนิถี","28/09/2026","ผู้ทำรายการ:จิรวัฒน์ สัยนิถี;โอนงานมาจากวันที่:28/09/2026"
63,"97241","มหัทธนาวินท์ จำกัด","2026-09-29T10:05:00+07:00","ปกติ","ไม่สามารถเข้าส่งได้ น้ำท่วมสูงในพื้นที่","13102","อังคาร","B2B","สาขารามอินทรา","254 ถ.สวนสยาม แขวงคันนายาว เขตคันนายาว กรุงเทพฯ 10230","13.810906666666664,100.68808166666668",13.810906666666664,100.68808166666668,"คันนายาว","รอน้ำลด","","ยังส่งไม่ได้",false,"","",""
64,"152143","หมอชัช จำกัด (สำนักงานใหญ่)","2026-09-29T10:25:00+07:00","ปกติ","ไม่สามารถเข้าส่งได้ น้ำท่วมสูงในพื้นที่","13102","อังคาร","B2B","สาขารามอินทรา","69/9 ซ.รามอินทรา 64 แขวงคันนายาว เขตคันนายาว กรุงเทพฯ 10230","13.819238333333333,100.67942999999998",13.819238333333333,100.67942999999998,"คันนายาว","รอน้ำลด","","ยังส่งไม่ได้",false,"","",""
65,"272807","สุดใจ","2026-09-29T10:08:00+07:00","เสริมน้ำ นอกรอบ","ไม่สามารถเข้าส่งได้ น้ำท่วมสูงในพื้นที่","13102","เสาร์","B2C","สาขารามอินทรา"," 47 หมู่บ้าน เลิศอุบล 5 ซ.สวนสยาม 3 แยก 6 ถ.สวนสยาม  แขวงคันนายาว เขตคันนายาว กรุงเทพฯ 10230","13.811656666666666,100.683255",13.811656666666666,100.683255,"คันนายาว","รอน้ำลด","","ยังส่งไม่ได้",false,"","",""
66,"25458","ธัญ หลูอารีย์สุวรรณ","2026-09-29T10:09:00+07:00","เสริมน้ำ ตรงรอบ","ไม่สามารถเข้าส่งได้ น้ำท่วมสูงในพื้นที่","13102","อังคาร","B2C","สาขารามอินทรา","7/129 โครงการอารีน่าการ์เด้นท์ ซ.สวนสยาม 24 ถ.เสรีไทย แขวงคันนายาว เขตคันนายาว กรุงเทพฯ 10210","13.7998186,100.6882167",13.7998186,100.6882167,"คันนายาว","รอน้ำลด","","ยังส่งไม่ได้",false,"","",""
67,"190877","พีระยุทธ","2026-09-29T12:35:00+07:00","ปกติ","ไม่สามารถเข้าส่งได้ น้ำท่วมสูงในพื้นที่","13103","อังคาร","B2C","สาขารามอินทรา","45/303 ซอยอุเทน 17/2 ถนนนวมินทร์ ซอย 24 แขวงคลองกุ่ม เขตบึงกุ่ม จ.กรุงเทพฯ 10240","13.78757296,100.65704998",13.78757296,100.65704998,"บึงกุ่ม","รอน้ำลด","","ยังส่งไม่ได้",false,"","",""
68,"279984","ณัฐภาสรณ์","2026-09-29T12:33:00+07:00","ปกติ","ไม่สามารถเข้าส่งได้ เกิดข้อผิดพลาด (เลื่อนวันที่ส่ง)","13103","อังคาร","B2C","สาขารามอินทรา","45/255 ซ.นวมินทร์ 24 แยกอุเทน 17/4   แขวงคลองกุ่ม เขตบึงกุ่ม จ.กรุงเทพฯ 10240","13.7886352,100.6564518",13.7886352,100.6564518,"บึงกุ่ม","รอน้ำลด","","ยังส่งไม่ได้",false,"","",""
69,"282964","นัทชาพัฒน์","2026-09-29T12:36:00+07:00","ปกติ","ไม่สามารถเข้าส่งได้ น้ำท่วมสูงในพื้นที่","13103","อังคาร","B2C","สาขารามอินทรา","111/1 โรงเรียนนานาชาติฮัลโหลซันชายน์ อาคารเอ หมู่ 1 ซ.นวมินทร์ 24 แขวงคลองกุ่ม เขตบึงกุ่ม จ.กรุงเทพฯ 10240","13.783778333333332,100.65110666666666",13.783778333333332,100.65110666666666,"บึงกุ่ม","รอน้ำลด","","ยังส่งไม่ได้",false,"","",""
70,"11957","นภาพร วิริยานนท์","2026-09-29T12:33:00+07:00","ปกติ","ไม่สามารถเข้าส่งได้ น้ำท่วมสูงในพื้นที่","13103","อังคาร","B2C","สาขารามอินทรา","45/33 ซ.นวมินทร์ 24 แยกอุเทน17/7 ถ.นวมินทร์ แขวงคลองกุ่ม เขตบึงกุ่ม กรุงเทพมหานคร 10230","13.789668333333335,100.65532",13.789668333333335,100.65532,"บึงกุ่ม","รอน้ำลด","","ยังส่งไม่ได้",false,"","",""
71,"294717","น้ำทิพย์","2026-09-29T12:32:00+07:00","ปกติ","ไม่สามารถเข้าส่งได้ น้ำท่วมสูงในพื้นที่","13103","อังคาร","B2C","สาขารามอินทรา","644/106 นวมินทร์24 เคหะบางกะปิ ตึกA ชั้น3 ถ.นวมินทร์24 แขวงคลองกุ่ม เขตบึงกุ่ม จ.กรุงเทพฯ 10240","13.785919999999999,100.65208",13.785919999999999,100.65208,"บึงกุ่ม","รอน้ำลด","","ยังส่งไม่ได้",false,"","",""
72,"298822","YADANA MOE OO","2026-09-29T12:31:00+07:00","ตามน้ำ","ไม่สามารถเข้าส่งได้ น้ำท่วมสูงในพื้นที่","13103","อังคาร","B2C","สาขารามอินทรา","COZY LIVING APARTMENT NAWAMIN 24  FLOOR 5, ROOM 506 KHLONG CHAN, BANG KAPI, BANGKOK, 10240","13.784666666666665,100.65168999999999",13.784666666666665,100.65168999999999,"","รอน้ำลด","","ยังส่งไม่ได้",false,"","",""
73,"43624","สหยูนิคอร์กรุ๊ป จำกัด","2026-09-29T12:37:00+07:00","ปกติ","ไม่สามารถเข้าส่งได้ น้ำท่วมสูงในพื้นที่","13103","อังคาร","B2B","สาขารามอินทรา","86,88 ซอยนวมินทร์ 24 ถนนนวมินทร์ แขวงคลองกุ่ม เขตบึงกุ่ม กรุงเทพฯ 10240","13.785246666666668,100.65031833333333",13.785246666666668,100.65031833333333,"บึงกุ่ม","รอน้ำลด","","ยังส่งไม่ได้",false,"","",""
74,"07840/6","ออคต้าเมมโมเรียล จำกัด","2026-09-29T12:35:00+07:00","ปกติ","ไม่สามารถเข้าส่งได้ น้ำท่วมสูงในพื้นที่","13103","อังคาร","B2B","สาขารามอินทรา","401/2 หมู่บ้านศรีนครพัฒนา 1 ซ.นวมินทร์ 24 แยกอุเทน 25 แขวงคลองกุ่ม เขตบึงกุ่ม กรุงเทพฯ 10240","13.7865,100.65895",13.7865,100.65895,"บึงกุ่ม","รอน้ำลด","","ยังส่งไม่ได้",false,"","",""
75,"130575","ที อควอติก้า จำกัด","2026-09-29T12:34:00+07:00","ปกติ","ไม่สามารถเข้าส่งได้ น้ำท่วมสูงในพื้นที่","13103","อังคาร","B2B","สาขารามอินทรา","45/30 หมู่บ้านศรีนครพัฒนาซ.อุเทน17/7 ซ.นวมินทร์ 24 ถ.นวมินทร์ แขวงคลองกุ่ม เขตบึงกุ่ม จ.กรุงเทพฯ 10230","13.78997129,100.65554246",13.78997129,100.65554246,"บึงกุ่ม","รอน้ำลด","","ยังส่งไม่ได้",false,"","",""
76,"05773/1","แปซิฟิคพาร์ค ศรีราชา จำกัด","2026-09-29T12:36:00+07:00","ปกติ","ไม่สามารถเข้าส่งได้ น้ำท่วมสูงในพื้นที่","13103","อังคาร","B2B","สาขารามอินทรา","425/39 หมู่บ้านศรีนครพัฒนา ซ.นวมินทร์ 24 ซ.อุเทน1 แขวงคลองกุ่ม เขตบึงกุ่ม จ.กรุงเทพฯ 10230","13.78277737,100.6535416",13.78277737,100.6535416,"บึงกุ่ม","รอน้ำลด","","ยังส่งไม่ได้",false,"","",""
77,"156378","ซัมสการา แอดไวเซอรี่ (ประเทศไทย) จำกัด","2026-09-29T12:34:00+07:00","ปกติ","ไม่สามารถเข้าส่งได้ น้ำท่วมสูงในพื้นที่","13103","อังคาร","B2B","สาขารามอินทรา","45/502 หมู่บ้านศรีนครพัฒนา 1 อุเทน 17/5 ซ. นวมินทร์ 24 ถ.นวมินทร์ แขวงคลองกุ่ม เขตบึงกุ่ม จ.กรุงเทพฯ 10230","13.78958244,100.65645503",13.78958244,100.65645503,"บึงกุ่ม","รอน้ำลด","","ยังส่งไม่ได้",false,"","",""
78,"248002","พลอยณภัทร","2026-09-29T12:32:00+07:00","ปกติ","ไม่สามารถเข้าส่งได้ เกิดข้อผิดพลาด (เลื่อนวันที่ส่ง)","13103","อังคาร","B2C","สาขารามอินทรา","387/5 หมู่บ้านศรีนครพัฒนา(อยู่ตรงข้ามโรงเรียน Hello Sunshine ) ชั้น 2 ตึก B ซ.นวมินทร์ 24 แขวงคลองกุ่ม เขตบึงกุ่ม จ.กรุงเทพฯ 10240","13.783631666666668,100.65118666666667",13.783631666666668,100.65118666666667,"บึงกุ่ม","รอน้ำลด","","ยังส่งไม่ได้",false,"","",""
79,"158091","อภิชญา","2026-09-29T12:32:00+07:00","ปกติ","ไม่สามารถเข้าส่งได้ น้ำท่วมสูงในพื้นที่","13103","อังคาร","B2C","สาขารามอินทรา","415 ถ.นวมินทร์ 24  หมู่บ้านศรีนครพัฒนาแยก 5 แขวงคลองกุ่ม เขตบึงกุ่ม จ.กรุงเทพฯ 10230","13.7853155,100.6528829",13.7853155,100.6528829,"บึงกุ่ม","รอน้ำลด","","ยังส่งไม่ได้",false,"","",""
80,"59401","ภากร สาริมาน","2026-09-29T12:36:00+07:00","ปกติ","ไม่สามารถเข้าส่งได้ น้ำท่วมสูงในพื้นที่","13103","อังคาร","B2C","สาขารามอินทรา","573/3 ซ.นวมินทร์ 24 แยกอุเทน 18 แขวงคลองกุ่ม เขตบึงกุ่ม กรุงเทพฯ 10240","13.782195000000002,100.65827499999999",13.782195000000002,100.65827499999999,"บึงกุ่ม","รอน้ำลด","","ยังส่งไม่ได้",false,"","",""
81,"259180","นิธิโรจน์","2026-09-29T12:33:00+07:00","ปกติ","ไม่สามารถเข้าส่งได้ น้ำท่วมสูงในพื้นที่","13103","อังคาร","B2C","สาขารามอินทรา","45/118 หมู่บ้านศรีนครพัฒนา ซ.นวมินทร์ 24  แขวงคลองกุ่ม เขตบึงกุ่ม จ.กรุงเทพฯ 10240","13.787461666666665,100.65444000000001",13.787461666666665,100.65444000000001,"บึงกุ่ม","รอน้ำลด","","ยังส่งไม่ได้",false,"","",""
82,"181674","จิระนันท์","2026-09-29T12:35:00+07:00","ปกติ","ไม่สามารถเข้าส่งได้ น้ำท่วมสูงในพื้นที่","13103","อังคาร","B2C","สาขารามอินทรา","45/334  หมู่บ้านศรีนคร 1 ถ.นวมินทร์ 24 ซ.อุเทน 17/1 แขวงคลองกุ่ม เขตบึงกุ่ม จ.กรุงเทพฯ 10240","13.787388333333334,100.65733833333334",13.787388333333334,100.65733833333334,"บึงกุ่ม","รอน้ำลด","","ยังส่งไม่ได้",false,"","",""
83,"190618","สุรัสวดี","2026-09-29T18:13:00+07:00","ปกติ","ไม่สามารถเข้าส่งได้ น้ำท่วมสูงในพื้นที่","13104","อังคาร","B2C","สาขารามอินทรา","35/117 หมู่บ้านมณียา ซ.10 ถ.ประดิษฐ์มนูธรรม แขวงนวลจันทร์ เขตบึงกุ่ม จ.กรุงเทพฯ 10230","13.843359999999999,100.63958333333333",13.843359999999999,100.63958333333333,"บึงกุ่ม","รอน้ำลด","","ยังส่งไม่ได้",false,"","",""
84,"199801","สุทธนา","2026-09-29T18:13:00+07:00","ปกติ","ไม่สามารถเข้าส่งได้ น้ำท่วมสูงในพื้นที่","13104","อังคาร","B2C","สาขารามอินทรา","35/107 หมู่บ้าน มณียา ถ.ประดิษฐ์มนูธรรม  แขวงนวลจันทร์ เขตบึงกุ่ม จ.กรุงเทพฯ 10230","13.842956666666664,100.63858833333333",13.842956666666664,100.63858833333333,"บึงกุ่ม","รอน้ำลด","","ยังส่งไม่ได้",false,"","",""
85,"208508","ลัทธพล","2026-09-29T18:14:00+07:00","ปกติ","ไม่สามารถเข้าส่งได้ น้ำท่วมสูงในพื้นที่","13104","อังคาร","B2C","สาขารามอินทรา","35/56 หมู๋บ้านมณียา ถ.ประดิษฐ์มณูธรรม แขวงคลองกุ่ม เขตบึงกุ่ม จ.กรุงเทพฯ 10240","13.827753333333332,100.63091166666666",13.827753333333332,100.63091166666666,"บึงกุ่ม","รอน้ำลด","","ยังส่งไม่ได้",false,"","",""
86,"61149","พรพิมล แดงอุดม","2026-09-29T18:13:00+07:00","ปกติ","ไม่สามารถเข้าส่งได้ น้ำท่วมสูงในพื้นที่","13104","อังคาร","B2C","สาขารามอินทรา","35/150 หมู่บ้านมณียา ซ.11 ถ.ประดิษฐ์มนูธรรม แขวงคลองกุ่ม เขตบึงกุ่ม กรุงเทพฯ 10230","13.842453333333333,100.63723333333334",13.842453333333333,100.63723333333334,"บึงกุ่ม","รอน้ำลด","","ยังส่งไม่ได้",false,"","",""
87,"98635","ซีเอ โอ คล๊อก จำกัด (สำนักงานใหญ่)","2026-09-29T17:14:00+07:00","ปกติ","ไม่สามารถเข้าส่งได้ น้ำท่วมสูงในพื้นที่","13201","อังคาร","B2B","สาขารามอินทรา","27 ซ.สุเหร่าคลองหนึ่ง 1 แขวงบางชัน เขตคลองสามวา กรุงเทพฯ 10510","13.841513333333333,100.69837833333334",13.841513333333333,100.69837833333334,"คลองสามวา","รอน้ำลด","","ยังส่งไม่ได้",false,"","",""
88,"200855","เวิร์ค แอนด์ เซฟ จำกัด","2026-09-29T11:45:00+07:00","ปกติ","ไม่สามารถเข้าส่งได้ เกิดข้อผิดพลาด (เลื่อนวันที่ส่ง)","13203","อังคาร","B2B","สาขารามอินทรา","6/69,6/70 ซ.พระยาสุเรนทร์ 22  แขวงบางชัน เขตคลองสามวา จ.กรุงเทพฯ 10510","13.826428333333334,100.70112666666667",13.826428333333334,100.70112666666667,"คลองสามวา","รอน้ำลด","","ยังส่งไม่ได้",false,"","",""
89,"201140","อี.พี.อิเล็คทริค เพาเวอร์ ซัพพลาย จำกัด (สำนักงานใหญ่)","2026-09-29T11:45:00+07:00","ปกติ","ไม่สามารถเข้าส่งได้ น้ำท่วมสูงในพื้นที่","13203","อังคาร","B2B","สาขารามอินทรา","เลขที่ 6/50 ซ.พระยาสุเรนทร์ 22 ถ.รามอินทรา แขวงบางชัน เขตคลองสามวา จ.กรุงเทพฯ 10510","13.826988333333334,100.70182500000001",13.826988333333334,100.70182500000001,"คลองสามวา","รอน้ำลด","","ยังส่งไม่ได้",false,"","",""
90,"299473","จิรเดช ชัยชนะ","2026-09-29T14:07:00+07:00","ปกติ","ไม่สามารถเข้าส่งได้ น้ำท่วมสูงในพื้นที่","13203","อังคาร","B2C","สาขารามอินทรา","466/325 พร้อมพัฒน์ ถ.ปัญญาอินทรา แขวงสามวาตะวันตก เขตคลองสามวา จ.กรุงเทพฯ 10510","13.882703333333332,100.71228666666666",13.882703333333332,100.71228666666666,"คลองสามวา","รอน้ำลด","","ยังส่งไม่ได้",false,"","",""
91,"40994","โรงเรียนเลิร์นสาธิตพัฒนา ฝ่ายประถม","2026-09-29T14:12:00+07:00","ปกติ","ไม่สามารถเข้าส่งได้ น้ำท่วมสูงในพื้นที่","13203","จันทร์, อังคาร, พฤหัสบดี","Key Account 1","สาขารามอินทรา","380 ถ.ปัญญาอินทรา แขวงสามวาตะวันตก เขตคลองสามวา กรุงเทพฯ 10510","13.876303333333333,100.70861333333332",13.876303333333333,100.70861333333332,"คลองสามวา","รอน้ำลด","","ยังส่งไม่ได้",false,"","",""
92,"241944","ประกิจ","2026-09-29T08:28:00+07:00","ปกติ","ไม่สามารถเข้าส่งได้ น้ำท่วมสูงในพื้นที่","13203","อังคาร","B2C","สาขารามอินทรา","60/214 ซ.พระยาสุเรนทร์ 28 ถ.พระยาสุเรนทร์ แขวงบางชัน เขตคลองสามวา จ.กรุงเทพฯ 10510","13.829346666666668,100.70094666666667",13.829346666666668,100.70094666666667,"คลองสามวา","รอน้ำลด","","ยังส่งไม่ได้",false,"","",""
93,"95793","ดาวฤกษ์ คอมมูนิเคชั่นส์ จำกัด","2026-09-29T11:49:00+07:00","ปกติ","ไม่สามารถเข้าส่งได้ น้ำท่วมสูงในพื้นที่","13203","อังคาร, ศุกร์","B2B","สาขารามอินทรา","428/139-140 หมู่บ้าน เดอะ รีเจ้นท์ สตรีท ถ.พระยาสุเรนทร์  แขวงบางชัน เขตคลองสามวา กรุงเทพฯ 10510","13.830761666666668,100.69945833333334",13.830761666666668,100.69945833333334,"คลองสามวา","รอน้ำลด","","ยังส่งไม่ได้",false,"","",""
94,"176549/1","เอสแอลล์ คอมมูนิเคชั่น จำกัด (สำนักงานใหญ่)","2026-09-29T08:28:00+07:00","ปกติ","ไม่สามารถเข้าส่งได้ น้ำท่วมสูงในพื้นที่","13203","อังคาร","B2B","สาขารามอินทรา","77/58 หมู่5 ถนน พระยาสุเรนทร์ 30 แยก 5 แขวงบางชัน เขตคลองสามวา จ.กรุงเทพฯ 10510","13.835835000000001,100.70015",13.835835000000001,100.70015,"คลองสามวา","รอน้ำลด","","ยังส่งไม่ได้",false,"","",""
95,"50513","ศิริเพ็ชร  ทฤศณาวดี","2026-09-29T13:58:00+07:00","เสริมน้ำ นอกรอบ","ไม่สามารถเข้าส่งได้ น้ำท่วมสูงในพื้นที่","13203","เสาร์","B2C","สาขารามอินทรา"," 37/140 หมู่บ้านลิฟวิ่งลากูน พระยาสุเรนทร์ 39 ซ.พระยาสุเรนทร์ 39  ถ.พระยาสุเรนทร์ แขวงสามวาตะตก เขตคลองสามวา กรุงเทพ 10510","13.863453333333332,100.68967333333333",13.863453333333332,100.68967333333333,"คลองสามวา","รอน้ำลด","","ยังส่งไม่ได้",false,"","",""
96,"251083","วรภา","2026-09-29T08:12:00+07:00","เสริมน้ำ นอกรอบ","ไม่สามารถเข้าส่งได้ น้ำท่วมสูงในพื้นที่","13203","เสาร์","B2C","สาขารามอินทรา","77/16 หมู่บ้านพระยาสุเรนทร์ ถ.พระยาสุเรนท์ 30 แยก 5 แขวงบางชัน เขตคลองสามวา จ.กรุงเทพฯ 10510","13.835993333333333,100.69975666666666",13.835993333333333,100.69975666666666,"คลองสามวา","รอน้ำลด","","ยังส่งไม่ได้",false,"","",""
97,"172714","จันทิมา","2026-09-29T09:36:00+07:00","เสริมน้ำ ตรงรอบ","ไม่สามารถเข้าส่งได้ น้ำท่วมสูงในพื้นที่","13205","อังคาร","B2C","สาขารามอินทรา","96/516  หมู่บ้านฟลอร่าวิลล์ทิวลิป1 เฟส  8 ถ.สุวินทวงศ์ แขวงลำผักชี เขตหนองจอก จ.กรุงเทพฯ 10530","13.79398,100.80812666666667",13.79398,100.80812666666667,"หนองจอก","รอน้ำลด","","ยังส่งไม่ได้",false,"","",""
98,"274466","สุปราณี","2026-09-29T09:56:00+07:00","ปกติ","ไม่สามารถเข้าส่งได้ เกิดข้อผิดพลาด (เลื่อนวันที่ส่ง)","13205","อังคาร","B2C","สาขารามอินทรา","90/150 หมู่บ้านฟลอร่าวิลล์พาร์คซิตี้ ซ.6/1 ถ.สุวินทวงศ์ 38 แขวงลำผักชี เขตหนองจอก จ.กรุงเทพฯ 10530","13.800433333333334,100.80148166666667",13.800433333333334,100.80148166666667,"หนองจอก","รอน้ำลด","","ยังส่งไม่ได้",false,"","",""
99,"274512","ระวีพร","2026-09-29T09:42:00+07:00","ตามน้ำ","ไม่สามารถเข้าส่งได้ น้ำท่วมสูงในพื้นที่","13205","อังคาร","B2C","สาขารามอินทรา","96/107 หมู่บ้านฟลอร่าวิลล์พาร์คซิตี้ ถ.สุวินทวงศ์ แขวงลำผักชี เขตหนองจอก จ.กรุงเทพฯ 10530","13.797785,100.80998",13.797785,100.80998,"หนองจอก","รอน้ำลด","","ยังส่งไม่ได้",false,"","",""
100,"186681","สิริรัตน์","2026-09-29T09:36:00+07:00","เสริมน้ำ ตรงรอบ","ไม่สามารถเข้าส่งได้ น้ำท่วมสูงในพื้นที่","13205","อังคาร","B2C","สาขารามอินทรา","103/127 หมู่บ้านฟลอร่าวิลล์ พาร์คโฮม เฟส 17 (ซ.5) ซ.สุวินทวงศ์ 38  ถ.สุวินทวงศ์ แขวงลำผักชี เขตหนองจอก จ.กรุงเทพฯ 10530","13.78326775,100.81029385",13.78326775,100.81029385,"หนองจอก","รอน้ำลด","","ยังส่งไม่ได้",false,"","",""
101,"187255","ทักษพร","2026-09-29T09:50:00+07:00","ปกติ","ไม่สามารถเข้าส่งได้ น้ำท่วมสูงในพื้นที่","13205","อังคาร","B2C","สาขารามอินทรา","96/453 หมู่บ้านฟลอร่าวิลล์ปาร์คซิตี้  เฟส6 ซอยพีโอนี1 แขวงลำผักชี เขตหนองจอก จ.กรุงเทพฯ 10530","13.79438033,100.80712706",13.79438033,100.80712706,"หนองจอก","รอน้ำลด","","ยังส่งไม่ได้",false,"","",""
102,"276068","ชนกานต์","2026-09-29T09:49:00+07:00","ปกติ","ไม่สามารถเข้าส่งได้ น้ำท่วมสูงในพื้นที่","13205","อังคาร","B2C","สาขารามอินทรา","94/224 ซอยทิวลิป 4 ฟลอร่าวิลล์ ซ.วัดอู่ตะเภา ถ.ฉลองกรุง แขวงลำผักชี เขตหนองจอก จ.กรุงเทพฯ 10530","13.794344999999998,100.80938166666668",13.794344999999998,100.80938166666668,"หนองจอก","รอน้ำลด","","ยังส่งไม่ได้",false,"","",""
103,"277082","เอ็ม เอ เอส 2025 (ไทยแลนด์)  จำกัด","2026-09-29T09:50:00+07:00","ปกติ","ไม่สามารถเข้าส่งได้ น้ำท่วมสูงในพื้นที่","13205","อังคาร","B2B","สาขารามอินทรา","96/215 ซ.สุวินทวงศ์ 38  แขวงลำผักชี เขตหนองจอก จ.กรุงเทพฯ 10530","13.797358333333333,100.808905",13.797358333333333,100.808905,"หนองจอก","รอน้ำลด","","ยังส่งไม่ได้",false,"","",""
104,"190582","คณิศร","2026-09-29T09:56:00+07:00","ปกติ","ไม่สามารถเข้าส่งได้ น้ำท่วมสูงในพื้นที่","13205","อังคาร","B2C","สาขารามอินทรา","90/39 หมู่บ้าน ฟลอราวิลล์ พาร์คโฮม @สุวินทวงศ์ เฟส 1 ถ.สุวินทวงศ์  แขวงลำผักชี เขตหนองจอก จ.กรุงเทพฯ 10530","13.79952,100.80238499999999",13.79952,100.80238499999999,"หนองจอก","รอน้ำลด","","ยังส่งไม่ได้",false,"","",""
105,"191344","เบอเก็ด เอ็นเตอร์ไพร์ซ จำกัด","2026-09-29T10:15:00+07:00","ปกติ","ไม่สามารถเข้าส่งได้ น้ำท่วมสูงในพื้นที่","13205","อังคาร","B2B","สาขารามอินทรา","60 ซอย สุวินทวงศ์ 24 แขวงแสนแสบ เขตมีนบุรี จ.กรุงเทพฯ 10510","13.809685000000002,100.76537166666667",13.809685000000002,100.76537166666667,"มีนบุรี","รอน้ำลด","","ยังส่งไม่ได้",false,"","",""
106,"192431","ขนิษฐา","2026-09-29T09:43:00+07:00","ตามน้ำ","ไม่สามารถเข้าส่งได้ น้ำท่วมสูงในพื้นที่","13205","อังคาร","B2C","สาขารามอินทรา","100/472 เฟส7-ซอย5 หมู่บ้านฟลอร่าวิลล์ ซ.สุวินทวงศ์ 38 ถ.สุวินทวงศ์ แขวงลำผักชี เขตหนองจอก จ.กรุงเทพฯ 10530","13.793514999999998,100.799155",13.793514999999998,100.799155,"หนองจอก","รอน้ำลด","","ยังส่งไม่ได้",false,"","",""
107,"196873","สุดารัตน์","2026-09-29T10:06:00+07:00","ปกติ","ไม่สามารถเข้าส่งได้ น้ำท่วมสูงในพื้นที่","13205","อังคาร","B2C","สาขารามอินทรา","103/209 หมู่บ้านฟลอร่าวิลล์ เฟส 17 ซ.สุวินทวงศ์ 38 แขวงลำผักชี เขตหนองจอก จ.กรุงเทพฯ 10530","13.78315092,100.80875079",13.78315092,100.80875079,"หนองจอก","รอน้ำลด","","ยังส่งไม่ได้",false,"","",""
108,"157617/1","สุภาพร พิลาล้ำ","2026-09-29T10:05:00+07:00","ปกติ","ไม่สามารถเข้าส่งได้ เกิดข้อผิดพลาด (เลื่อนวันที่ส่ง)","13205","อังคาร","B2C","สาขารามอินทรา","103/59 หมู่บ้านฟลอร่าวิลล์พาร์คซิตี้ เฟต 17 (ซอย3) ซ.สุวินทวงค์ 38 แขวงลำผักชี เขตหนองจอก จ.กรุงเทพฯ 10530","13.783921666666666,100.80900500000001",13.783921666666666,100.80900500000001,"หนองจอก","รอน้ำลด","","ยังส่งไม่ได้",false,"","",""
109,"200029","กิตติภพ","2026-09-29T09:51:00+07:00","ปกติ","ไม่สามารถเข้าส่งได้ น้ำท่วมสูงในพื้นที่","13205","อังคาร","B2C","สาขารามอินทรา","96/435 หมู่บ้านฟลอร่าวิลล์  ซ.พีโอนี 4 ถ.สุวินทวงศ์ 38  แขวงลำผักชี เขตหนองจอก กรุงเทพฯ 10530 ","13.79691787,100.81056344",13.79691787,100.81056344,"หนองจอก","รอน้ำลด","","ยังส่งไม่ได้",false,"","",""
110,"202316","อมรพรรณ","2026-09-29T09:57:00+07:00","ปกติ","ไม่สามารถเข้าส่งได้ น้ำท่วมสูงในพื้นที่","13205","อังคาร","B2C","สาขารามอินทรา","107/86 หมู่บ้านฟลอร่าวิลล์ เฟส 22 ซ.สุวินทวงศ์ 38 แขวงลำผักชี เขตหนองจอก จ.กรุงเทพฯ 10530","13.78903602,100.7992715",13.78903602,100.7992715,"หนองจอก","รอน้ำลด","","ยังส่งไม่ได้",false,"","",""
111,"203104","ธัณย์จิรา","2026-09-29T09:47:00+07:00","ปกติ","ไม่สามารถเข้าส่งได้ น้ำท่วมสูงในพื้นที่","13205","อังคาร","B2C","สาขารามอินทรา","94/188 ซ.ทิวลิป 2 ถ.สุวินทวงศ์ ซอย 38 แขวงลำผักชี เขตหนองจอก กรุงเทพฯ 10530","13.79515743,100.81004051",13.79515743,100.81004051,"หนองจอก","รอน้ำลด","","ยังส่งไม่ได้",false,"","",""
112,"213695","ภัสส์ศา","2026-09-29T09:54:00+07:00","ปกติ","ไม่สามารถเข้าส่งได้ น้ำท่วมสูงในพื้นที่","13205","อังคาร","B2C","สาขารามอินทรา","100/340 หมู่บ้าน ฟลอร่าวิลล์ สุวินทวงศ์ 38 เฟส 7 ซ.4 ถ.สุวินทวงศ์ แขวงลำผักชี เขตหนองจอก จ.กรุงเทพฯ 10530","13.793286666666665,100.79705333333335",13.793286666666665,100.79705333333335,"หนองจอก","รอน้ำลด","","ยังส่งไม่ได้",false,"","",""
113,"214032","กฤษฎา","2026-09-29T10:00:00+07:00","ปกติ","ไม่สามารถเข้าส่งได้ น้ำท่วมสูงในพื้นที่","13205","อังคาร","B2C","สาขารามอินทรา","106/60 หมู่บ้าน ฟลอราวิลล์ เฟส20 ซ.3 ถ.สุวินทวงศ์  แขวงลำผักชี เขตหนองจอก จ.กรุงเทพฯ 10530","13.789823333333334,100.80605500000001",13.789823333333334,100.80605500000001,"หนองจอก","รอน้ำลด","","ยังส่งไม่ได้",false,"","",""
114,"286227","วาสนา","2026-09-29T10:00:00+07:00","ปกติ","ไม่สามารถเข้าส่งได้ น้ำท่วมสูงในพื้นที่","13205","อังคาร","B2C","สาขารามอินทรา","106/28 หมู่บ้านฟลอร่าวิลล์  เฟส 20 ซ.2/1 แขวงลำผักชี เขตหนองจอก จ.กรุงเทพฯ 10530","13.790678333333336,100.80637",13.790678333333336,100.80637,"หนองจอก","รอน้ำลด","","ยังส่งไม่ได้",false,"","",""
115,"286228","ชัยยันต์","2026-09-29T10:03:00+07:00","ปกติ","ไม่สามารถเข้าส่งได้ น้ำท่วมสูงในพื้นที่","13205","อังคาร","B2C","สาขารามอินทรา","102/8 หมู่บ้านฟลอร่าวิลล์  เฟส 19 ซ.6 แขวงลำผักชี เขตหนองจอก จ.กรุงเทพฯ 10530","13.788793333333334,100.81046999999998",13.788793333333334,100.81046999999998,"หนองจอก","รอน้ำลด","","ยังส่งไม่ได้",false,"","",""
116,"217448","รัตนา","2026-09-29T09:57:00+07:00","ปกติ","ไม่สามารถเข้าส่งได้ น้ำท่วมสูงในพื้นที่","13205","อังคาร","B2C","สาขารามอินทรา","107/35 หมู่บ้าน ฟลอร่าวิลล์ เฟส 22  แขวงลำผักชี เขตหนองจอก จ.กรุงเทพฯ 10530","13.789436666666665,100.79807333333335",13.789436666666665,100.79807333333335,"หนองจอก","รอน้ำลด","","ยังส่งไม่ได้",false,"","",""
117,"217492","วิชชุดา","2026-09-29T10:04:00+07:00","ปกติ","ไม่สามารถเข้าส่งได้ น้ำท่วมสูงในพื้นที่","13205","อังคาร","B2C","สาขารามอินทรา","102/4 เฟส 19 ซ.6/1 ฟลอล่าวิลล์ ถ.สุวินทวงค์ 38 แขวงลำผักชี เขตหนองจอก จ.กรุงเทพฯ 10530","13.788753333333334,100.81021833333334",13.788753333333334,100.81021833333334,"หนองจอก","รอน้ำลด","","ยังส่งไม่ได้",false,"","",""
118,"219477","อาณิศา","2026-09-29T09:59:00+07:00","ปกติ","ไม่สามารถเข้าส่งได้ เกิดข้อผิดพลาด (เลื่อนวันที่ส่ง)","13205","อังคาร","B2C","สาขารามอินทรา","107/404 หมู่บ้าน ฟลอร่าวิลล์ เฟส 22 ซ.2/1 ถ.สุวินทวงศ์ 38 แขวงลำผักชี เขตหนองจอก จ.กรุงเทพฯ 10530","13.789096666666667,100.800095",13.789096666666667,100.800095,"หนองจอก","รอน้ำลด","","ยังส่งไม่ได้",false,"","",""
119,"289524","สมปอง ริมประนาม","2026-09-29T09:19:00+07:00","ปกติ","ไม่สามารถเข้าส่งได้ น้ำท่วมสูงในพื้นที่","13205","อังคาร","B2C","สาขารามอินทรา","26/10 ม.2 ถ.สุวินทวงศ์ 42 แขวงลำต้อยติ่ง เขตหนองจอก จ.กรุงเทพฯ 10530","13.807643333333333,100.80785166666668",13.807643333333333,100.80785166666668,"หนองจอก","รอน้ำลด","","ยังส่งไม่ได้",false,"","",""
120,"291743","ณัฐย์ธนภรณ์","2026-09-29T10:01:00+07:00","ปกติ","ไม่สามารถเข้าส่งได้ น้ำท่วมสูงในพื้นที่","13205","อังคาร","B2C","สาขารามอินทรา","106/29 เฟส 20 ซ.2/1 หมู่บ้านฟลอร่าวิลล์ สุวินทวงศ์ 38 แขวงลำผักชี เขตหนองจอก จ.กรุงเทพฯ 10530","13.790715,100.80653",13.790715,100.80653,"หนองจอก","รอน้ำลด","","ยังส่งไม่ได้",false,"","",""
121,"293621","อัคพล","2026-09-29T10:07:00+07:00","ปกติ","ไม่สามารถเข้าส่งได้ น้ำท่วมสูงในพื้นที่","13205","อังคาร","B2C","สาขารามอินทรา","77/72 ร่มโพธิ์ทอง ซ.สุวินทวงศ์42 ถ.สุวินทวงค์ แขวงลำผักชี เขตหนองจอก จ.กรุงเทพฯ 10530","13.784402838184,100.80323336225",13.784402838184,100.80323336225,"หนองจอก","รอน้ำลด","","ยังส่งไม่ได้",false,"","",""
122,"294620/1","สอนสมฤทธิ์ เอ็นจิเนียริ่ง จำกัด","2026-09-29T10:00:00+07:00","ปกติ","ไม่สามารถเข้าส่งได้ น้ำท่วมสูงในพื้นที่","13205","อังคาร","B2C","สาขารามอินทรา","เลขที่ 107/397 หมู่บ้านฟลอร่าวิลล์ ซอย สุวินทวงศ์ 38  แขวงลำผักชี เขตหนองจอก จ.กรุงเทพฯ 10530","13.789141666666668,100.80053833333335",13.789141666666668,100.80053833333335,"หนองจอก","รอน้ำลด","","ยังส่งไม่ได้",false,"","",""
123,"298144","มาลี ปารมี","2026-09-29T09:52:00+07:00","ปกติ","ไม่สามารถเข้าส่งได้ น้ำท่วมสูงในพื้นที่","13205","อังคาร","B2C","สาขารามอินทรา","106/268 หมู่บ้านฟลอร่า วิลล์ สุวินทวงศ์ เฟส 20 (สายเมน) ถ.สุวินทวงศ์ ซ.38 แขวงลำผักชี เขตหนองจอก จ.กรุงเทพฯ 10530","13.789685,100.80338166666667",13.789685,100.80338166666667,"หนองจอก","รอน้ำลด","","ยังส่งไม่ได้",false,"","",""
124,"17595","สุกัญญา มีนมณี","2026-09-29T09:55:00+07:00","ปกติ","ไม่สามารถเข้าส่งได้ น้ำท่วมสูงในพื้นที่","13205","อังคาร","B2C","สาขารามอินทรา","30/99 หมู่ 1 หมู่บ้านฟลอลาวิลล์พาร์คซิตี้ ซอยฟลอลาแคทลียา ถ.สุวินทวงศ์ แขวงลำผักชี เขตหนองจอก กรุงเทพ 10530","13.798304926604033,100.80011039972305",13.798304926604033,100.80011039972305,"หนองจอก","รอน้ำลด","","ยังส่งไม่ได้",false,"","",""
125,"13171","ชัญภร ธีรโชติพงศ์","2026-09-29T09:49:00+07:00","ปกติ","ไม่สามารถเข้าส่งได้ น้ำท่วมสูงในพื้นที่","13205","อังคาร","B2C","สาขารามอินทรา","96/583 หมู่ 2 หมู่บ้านฟลอล่าวิลล์ ซอยทิวลิป 1 ถ.สุวินทวงศ์ แขวงลำผักชี เขตหนองจอก กรุงเทพฯ 10530","13.794215000000001,100.80844166666665",13.794215000000001,100.80844166666665,"หนองจอก","รอน้ำลด","","ยังส่งไม่ได้",false,"","",""
126,"230616","มาลี","2026-09-29T09:49:00+07:00","ปกติ","ไม่สามารถเข้าส่งได้ น้ำท่วมสูงในพื้นที่","13205","อังคาร","B2C","สาขารามอินทรา","94/272 หมู่บ้านฟลอร่าวิลล์ เฟส 8 ซ.ทิวลิป 4 ถ.สุวินทวงศ์ แขวงลำผักชี เขตหนองจอก จ.กรุงเทพฯ 10530","13.795324999999998,100.81119833333332",13.795324999999998,100.81119833333332,"หนองจอก","รอน้ำลด","","ยังส่งไม่ได้",false,"","",""
127,"28673","อุดมพร สิงห์สำราญ","2026-09-29T10:03:00+07:00","ตามน้ำ","ไม่สามารถเข้าส่งได้ น้ำท่วมสูงในพื้นที่","13205","อังคาร","B2C","สาขารามอินทรา","104/4 มบ.ฟลอร่าวิลล์ เฟส 18 แขวงลำผักชี เขตหนองจอก กรุงเทพฯ 10530","13.7855334,100.8095472",13.7855334,100.8095472,"หนองจอก","รอน้ำลด","","ยังส่งไม่ได้",false,"","",""
128,"35258","สิริวรรณ ปารเปรม","2026-09-29T09:51:00+07:00","ปกติ","ไม่สามารถเข้าส่งได้ เกิดข้อผิดพลาด (เลื่อนวันที่ส่ง)","13205","อังคาร","B2C","สาขารามอินทรา","96/479 หมู่บ้านฟอร่าวิลล์ ถ.สุวินทวงศ์ แขวงลำผักชี เขตหนองจอก กรุงเทพฯ 10530","13.795173542169632,100.8085218449685",13.795173542169632,100.8085218449685,"หนองจอก","รอน้ำลด","","ยังส่งไม่ได้",false,"","",""
129,"237505","เคลิงค์ แอดวานซ์ เทคโนโลยี จำกัด","2026-09-29T10:16:00+07:00","ปกติ","ไม่สามารถเข้าส่งได้ น้ำท่วมสูงในพื้นที่","13205","อังคาร","B2B","สาขารามอินทรา","8 ม.3 ซ.สุวินทวงศ์ 24  แขวงแสนแสบ เขตมีนบุรี จ.กรุงเทพฯ 10510","13.809626666666668,100.76302833333332",13.809626666666668,100.76302833333332,"มีนบุรี","รอน้ำลด","","ยังส่งไม่ได้",false,"","",""
130,"237788","ศุภโชค","2026-09-29T09:43:00+07:00","ตามน้ำ","ไม่สามารถเข้าส่งได้ น้ำท่วมสูงในพื้นที่","13205","อังคาร","B2C","สาขารามอินทรา","103/116 หมู่บ้านฟลอร่าวิล เฟส 17 แขวงลำผักชี เขตหนองจอก กรุงเทพฯ 10530","13.783244999999999,100.81004499999999",13.783244999999999,100.81004499999999,"หนองจอก","รอน้ำลด","","ยังส่งไม่ได้",false,"","",""
131,"85048","ภิรนา","2026-09-29T09:54:00+07:00","ปกติ","ไม่สามารถเข้าส่งได้ น้ำท่วมสูงในพื้นที่","13205","อังคาร","B2C","สาขารามอินทรา","100/59 หมู่บ้าน ฟลอร่าวิลล์ พาร์ค ซิตี้ สุวินทวงศ์ 38  แขวงลำผักชี เขตหนองจอก จ.กรุงเทพฯ 10530","13.794401666666666,100.80253666666667",13.794401666666666,100.80253666666667,"หนองจอก","รอน้ำลด","","ยังส่งไม่ได้",false,"","",""
132,"242417","อังคณา เกิดน้อย","2026-09-29T10:01:00+07:00","ปกติ","ไม่สามารถเข้าส่งได้ น้ำท่วมสูงในพื้นที่","13205","อังคาร","B2C","สาขารามอินทรา","106/331 ฟลอล่าวิลล์ ( เฟส20 ซ.6/10 ) ซ.สุวินทวงศ์ 38 ถ.สุวินทวงศ์ แขวงลำผักชี เขตหนองจอก จ.กรุงเทพฯ 10530","13.788803333333332,100.80246000000001",13.788803333333332,100.80246000000001,"หนองจอก","รอน้ำลด","","ยังส่งไม่ได้",false,"","",""
133,"88372","ประทุมทิพย์ แสวงบิล","2026-09-29T09:55:00+07:00","ปกติ","ไม่สามารถเข้าส่งได้ น้ำท่วมสูงในพื้นที่","13205","อังคาร","B2C","สาขารามอินทรา","30/90 หมู่บ้านฟอร์ล่าวิว ซ.แคทเทอรียา ถ.สุวินทวงศ์ แขวงลำผักชี เขตหนองจอก กรุงเทพฯ 10530","13.797941666666668,100.800025",13.797941666666668,100.800025,"หนองจอก","รอน้ำลด","","ยังส่งไม่ได้",false,"","",""
134,"92918","พิชัย กุลสัมพันธ์","2026-09-29T09:49:00+07:00","ปกติ","ไม่สามารถเข้าส่งได้ น้ำท่วมสูงในพื้นที่","13205","อังคาร","B2C","สาขารามอินทรา","96/522 หมู่บ้านฟลอร่าวิลล์พาร์คซิตี้ ซ.ทิวลิป 1 ถ.สุวินทวงศ์ แขวงลำผักชี เขตหนอจอก กรุงเทพฯ 10530","13.7942369,100.8085157",13.7942369,100.8085157,"หนอจอก","รอน้ำลด","","ยังส่งไม่ได้",false,"","",""
135,"99941","เวิร์ค เทค เอ็นจิเนียริง จำกัด","2026-09-29T10:00:00+07:00","ปกติ","ไม่สามารถเข้าส่งได้ น้ำท่วมสูงในพื้นที่","13205","อังคาร","B2B","สาขารามอินทรา","107/39 หมู่บ้านฟลอร่าวิลล์ (เฟส 22) ซ.สุวินทวงศ์ 38  แขวงลำผักชี เขตหนองจอก กรุงเทพฯ 10530","13.789469999999998,100.79857666666666",13.789469999999998,100.79857666666666,"หนองจอก","รอน้ำลด","","ยังส่งไม่ได้",false,"","",""
136,"104585","นพรัตน์ ยืนโยง","2026-09-29T09:43:00+07:00","ตามน้ำ","ไม่สามารถเข้าส่งได้ น้ำท่วมสูงในพื้นที่","13205","อังคาร","B2C","สาขารามอินทรา","103/124 หมู่บ้านฟลอล่าวิล เฟส 17 แขวงลำผักชี เขตหนองจอก กรุงเทพฯ 10530","13.783266666666668,100.81031999999999",13.783266666666668,100.81031999999999,"หนองจอก","รอน้ำลด","","ยังส่งไม่ได้",false,"","",""
137,"114581","นวลฤดี เหมือนเพชร","2026-09-29T09:46:00+07:00","ตามน้ำ","ไม่สามารถเข้าส่งได้ น้ำท่วมสูงในพื้นที่","13205","อังคาร","B2C","สาขารามอินทรา","94/138 หมู่บ้านฟลอร่าวิลล์ ซ.ทิวลิป 2 ถ.สุวินทวงศ์ 38 แขวงลำผักชี เขตหนองจอก กรุงเทพฯ 10530","13.79529758616724,100.8100835165685",13.79529758616724,100.8100835165685,"หนองจอก","รอน้ำลด","","ยังส่งไม่ได้",false,"","",""
138,"118658","มนัญชยา","2026-09-29T09:47:00+07:00","ปกติ","ไม่สามารถเข้าส่งได้ เกิดข้อผิดพลาด (เลื่อนวันที่ส่ง)","13205","อังคาร","B2C","สาขารามอินทรา","94/286 หมู่บ้านฟลอร่าวิลล์ ซ.ทิวลิป 4 ถ.สุวินทวงศ์ 38 แขวงลำผักชี เขตหนองจอก กรุงเทพฯ 10530","13.794998333333334,100.81230666666667",13.794998333333334,100.81230666666667,"หนองจอก","รอน้ำลด","","ยังส่งไม่ได้",false,"","",""
139,"121937","แพรว","2026-09-29T09:48:00+07:00","ปกติ","ไม่สามารถเข้าส่งได้ น้ำท่วมสูงในพื้นที่","13205","อังคาร","B2C","สาขารามอินทรา","94/144 หมู่บ้านฟลอร่าวิลล์พาร์คซิตี้ เฟส 8 ถ.สุวินทวงศ์  แขวงลำผักชี เขตหนองจอก กรุงเทพฯ 10530","13.794947688248879,100.8095708545328",13.794947688248879,100.8095708545328,"หนองจอก","รอน้ำลด","","ยังส่งไม่ได้",false,"","",""
140,"128044","ปิติกานต์","2026-09-29T09:44:00+07:00","ตามน้ำ","ไม่สามารถเข้าส่งได้ น้ำท่วมสูงในพื้นที่","13205","อังคาร","B2C","สาขารามอินทรา","30/66 หมู่บ้านฟรอล่าวิวปาค์ซิตี้ เฟส 7 ตรงข้าม ซ.2 (บ้านหลังเดียว) ถ.สุวินทวงศ์ ซ.สุวินทวงศ์  38 แขวงลำผักชี เขตหนองจอก กรุงเทพฯ 10530","13.795898333333332,100.80071000000001",13.795898333333332,100.80071000000001,"หนองจอก","รอน้ำลด","","ยังส่งไม่ได้",false,"","",""
141,"129281","เสาวณีย์","2026-09-29T09:45:00+07:00","ตามน้ำ","ไม่สามารถเข้าส่งได้ น้ำท่วมสูงในพื้นที่","13205","อังคาร","B2C","สาขารามอินทรา","104/5 หมู่บ้านฟลอร่าวิลล์ เฟส18 ถ.สุวินทวงศ์ แขวงลำผักชี เขตหนองจอก กรุงเทพฯ 10530","13.785338333333334,100.80951166666667",13.785338333333334,100.80951166666667,"หนองจอก","รอน้ำลด","","ยังส่งไม่ได้",false,"","",""
142,"245811","ประคองศรี","2026-09-29T10:06:00+07:00","ปกติ","ไม่สามารถเข้าส่งได้ น้ำท่วมสูงในพื้นที่","13205","อังคาร","B2C","สาขารามอินทรา","103/130 หมู่บ้าน ฟลอร่าวิลล์พาร์คซิตี้ เฟส 17 ซ.5  แขวงลำผักชี เขตหนองจอก กรุงเทพฯ 10530","13.783335,100.81074500000001",13.783335,100.81074500000001,"หนองจอก","รอน้ำลด","","ยังส่งไม่ได้",false,"","",""
143,"150106","สุรศักดิ์","2026-09-29T10:04:00+07:00","ปกติ","ไม่สามารถเข้าส่งได้ น้ำท่วมสูงในพื้นที่","13205","อังคาร","B2C","สาขารามอินทรา","103/38 หมู่บ้านฟลอร่าวิล เฟส 17 แขวงลำผักชี เขตหนองจอก จ.กรุงเทพฯ 10530","13.78439623,100.80921373",13.78439623,100.80921373,"หนองจอก","รอน้ำลด","","ยังส่งไม่ได้",false,"","",""
144,"155682","โค-แพค เอ็นจิเนียริ่ง จำกัด","2026-09-29T10:16:00+07:00","ปกติ","ไม่สามารถเข้าส่งได้ น้ำท่วมสูงในพื้นที่","13205","อังคาร","B2B","สาขารามอินทรา","999 หมู่ที่ 3  ซ.สุวินทวงค์ 24 แขวงแสนแสบ เขตมีนบุรี จ.กรุงเทพฯ 10510","13.8098836,100.7624737",13.8098836,100.7624737,"มีนบุรี","รอน้ำลด","","ยังส่งไม่ได้",false,"","",""
145,"156059","พรภิวงค์","2026-09-29T10:05:00+07:00","ปกติ","ไม่สามารถเข้าส่งได้ น้ำท่วมสูงในพื้นที่","13205","อังคาร","B2C","สาขารามอินทรา","103/36 หมู่บ้านฟลอราวิลล์ เฟส 17 ซ.2 ซ.สุวินทวงศ์  38 ถ.สุวินทวงศ์ แขวงลำผักชี เขตหนองจอก กรุงเทพฯ 10530","13.784403333333334,100.80921833333332",13.784403333333334,100.80921833333332,"หนองจอก","รอน้ำลด","","ยังส่งไม่ได้",false,"","",""
146,"03106/1","แอล.เอ.บี คอร์พอเรชั่น จำกัด","2026-09-29T09:56:00+07:00","ปกติ","ไม่สามารถเข้าส่งได้ น้ำท่วมสูงในพื้นที่","13205","อังคาร","B2B","สาขารามอินทรา","บ้านคุณบรรลือ 90/120 ม.ฟลอร่าวิลล์ เฟส1ซ.8 ถ.สุวินทวงศ์ แขวงลำผักชี เขตหนองจอก กรุงเทพฯ 10530","13.799665623421179,100.8003211969564",13.799665623421179,100.8003211969564,"หนองจอก","รอน้ำลด","","ยังส่งไม่ได้",false,"","",""
147,"250429","WANN WINWIN","2026-09-29T09:54:00+07:00","ปกติ","ไม่สามารถเข้าส่งได้ น้ำท่วมสูงในพื้นที่","13205","อังคาร","B2C","สาขารามอินทรา","100/388, ฟลอร่าวิลล์พาร์คซิตี้ ซ.5 เฟส7 ถ.สุวินทวงศ์38 แขวงลำผักชี เขตหนองจอก จ.กรุงเทพฯ 10530","13.793668333333335,100.79932166666667",13.793668333333335,100.79932166666667,"หนองจอก","รอน้ำลด","","ยังส่งไม่ได้",false,"","",""
148,"161009","โฮมแคร์ พีเอ็ม คอนสตรัคชั่น จำกัด","2026-09-29T10:01:00+07:00","ปกติ","ไม่สามารถเข้าส่งได้ เกิดข้อผิดพลาด (เลื่อนวันที่ส่ง)","13205","อังคาร","B2B","สาขารามอินทรา","106/76 หมู่บ้านฟลอร่าลิลี่  เฟส 20 ซ.สุวินทวงศ์ 38 ถ.สุวินทวงศ์ แขวงลำผักชี เขตหนองจอก กรุงเทพฯ 10530","13.7901902,100.8044517",13.7901902,100.8044517,"หนองจอก","รอน้ำลด","","ยังส่งไม่ได้",false,"","",""
149,"256157","อัฏฐผล พูนศิริวงศ์","2026-09-29T09:53:00+07:00","ปกติ","ไม่สามารถเข้าส่งได้ น้ำท่วมสูงในพื้นที่","13205","อังคาร","B2C","สาขารามอินทรา","98/72 หมู่บ้าน ฟลอร่าวิลล์ ซ.ฟลอร่า ฟรีเซียร์ 1 ถ.สุวินทวงศ์ 38 แขวงลำผักชี เขตหนองจอก จ.กรุงเทพฯ 10530","13.79494,100.80356166666667",13.79494,100.80356166666667,"หนองจอก","รอน้ำลด","","ยังส่งไม่ได้",false,"","",""
150,"163255","ทิพอุษา","2026-09-29T09:47:00+07:00","ปกติ","ไม่สามารถเข้าส่งได้ น้ำท่วมสูงในพื้นที่","13205","อังคาร","B2C","สาขารามอินทรา","100/450 หมู่บ้านฟลอร่าวิลล์ พาร์ค ซิตี้ สุวินทวงศ์ ถ.สุวินทวงศ์ แขวงลำผักชี เขตหนองจอก จ.กรุงเทพฯ 10530","13.79404315,100.80029654",13.79404315,100.80029654,"หนองจอก","รอน้ำลด","","ยังส่งไม่ได้",false,"","",""
151,"257830","เดือนเพ็ญ","2026-09-29T09:47:00+07:00","ปกติ","ไม่สามารถเข้าส่งได้ น้ำท่วมสูงในพื้นที่","13205","อังคาร","B2C","สาขารามอินทรา","94/332 หมู่บ้านฟลอล่าวิวล์ ซ.ทิวลิป 6 ถ.สุวินทวงศ์ แขวงลำผักชี เขตหนองจอก กรุงเทพฯ 10530","13.793865000000002,100.80932333333334",13.793865000000002,100.80932333333334,"หนองจอก","รอน้ำลด","","ยังส่งไม่ได้",false,"","",""
152,"260220","จิรสิน","2026-09-29T10:07:00+07:00","ปกติ","ไม่สามารถเข้าส่งได้ น้ำท่วมสูงในพื้นที่","13205","อังคาร","B2C","สาขารามอินทรา","77/13 หมู่บ้านร่มโพธิ์ทอง ถ.สุวินทวงศ์ 42  แขวงลำผักชี เขตหนองจอก จ.กรุงเทพฯ 10530","13.7827989,100.8035446",13.7827989,100.8035446,"หนองจอก","รอน้ำลด","","ยังส่งไม่ได้",false,"","",""
153,"167041","เบญจมาศ","2026-09-29T10:06:00+07:00","ปกติ","ไม่สามารถเข้าส่งได้ น้ำท่วมสูงในพื้นที่","13205","อังคาร","B2C","สาขารามอินทรา","103/61 ซอย 3 เฟส17 Flora Ville สุวินทวงศ์ ซอย สุวินทวงศ์ 38 แขวงลำผักชี เขตหนองจอก จ.กรุงเทพฯ 10530","13.7839939,100.80923605",13.7839939,100.80923605,"หนองจอก","รอน้ำลด","","ยังส่งไม่ได้",false,"","",""
154,"169469","พรหมภัทร","2026-09-29T09:53:00+07:00","ปกติ","ไม่สามารถเข้าส่งได้ น้ำท่วมสูงในพื้นที่","13205","อังคาร","B2C","สาขารามอินทรา","98 หมู่บ้านฟลอร่า วิวปาร์คซิตี้ ซ.สุวินทวงศ์ 38 ถ.สุวินทวงศ์ แขวงลำผักชี เขตหนองจอก จ.กรุงเทพฯ 10530","13.79640212,100.80394442",13.79640212,100.80394442,"หนองจอก","รอน้ำลด","","ยังส่งไม่ได้",false,"","",""
155,"263679","นันทวัน","2026-09-29T09:45:00+07:00","ตามน้ำ","ไม่สามารถเข้าส่งได้ น้ำท่วมสูงในพื้นที่","13205","อังคาร","B2C","สาขารามอินทรา","94/235 หมู่บ้าน ฟลอร่าวิลล์ ทิวลิป 6 เฟส 8 ซ.สุวินทวงศ์ 38 แขวงลำผักชี เขตหนองจอก จ.กรุงเทพฯ 10530","13.79463,100.81238333333334",13.79463,100.81238333333334,"หนองจอก","รอน้ำลด","","ยังส่งไม่ได้",false,"","",""
156,"171043","สิรินทร์","2026-09-29T10:02:00+07:00","ปกติ","ไม่สามารถเข้าส่งได้ น้ำท่วมสูงในพื้นที่","13205","อังคาร","B2C","สาขารามอินทรา","106/116 หมู่บ้านฟลอร่าวิลล์ เฟส20 ซ.สุวินทวงศ์ 38 แขวงลำผักชี เขตหนองจอก จ.กรุงเทพฯ 10530","13.79064333,100.80532427",13.79064333,100.80532427,"หนองจอก","รอน้ำลด","","ยังส่งไม่ได้",false,"","",""
157,"171530","น้ำฝน","2026-09-29T09:51:00+07:00","ปกติ","ไม่สามารถเข้าส่งได้ น้ำท่วมสูงในพื้นที่","13205","อังคาร","B2C","สาขารามอินทรา","96/372 หมู่บ้านฟลอราวิลล์ เฟส 6 สุวินทวงศ์ 38  ซ.6 ถ.สุวินทวงศ์ แขวงลำผักชี เขตหนองจอก จ.กรุงเทพฯ 10530","13.79637522,100.80968262",13.79637522,100.80968262,"หนองจอก","รอน้ำลด","","ยังส่งไม่ได้",false,"","",""
158,"264663","สมบัติ","2026-09-29T09:53:00+07:00","ปกติ","ไม่สามารถเข้าส่งได้ เกิดข้อผิดพลาด (เลื่อนวันที่ส่ง)","13205","อังคาร","B2C","สาขารามอินทรา","98/69 หมูบ้านฟลอร่าวิลล์ แขวงลำผักชี เขตหนองจอก จ.กรุงเทพฯ 10530","13.794836666666667,100.80410833333332",13.794836666666667,100.80410833333332,"หนองจอก","รอน้ำลด","","ยังส่งไม่ได้",false,"","",""
159,"172873","อมรเทพ","2026-09-29T10:02:00+07:00","ปกติ","ไม่สามารถเข้าส่งได้ น้ำท่วมสูงในพื้นที่","13205","อังคาร","B2C","สาขารามอินทรา","106/279 หมู่บ้านฟลอร่าวิลล์พาร์คโฮม ซ.สุวินทวงศ์38 ถ.สุวินทวงศ์ แขวงลำผักชี เขตหนองจอก จ.กรุงเทพฯ 10530","13.789313333333332,100.80466666666668",13.789313333333332,100.80466666666668,"หนองจอก","รอน้ำลด","","ยังส่งไม่ได้",false,"","",""
160,"266684","วิโรจน์","2026-09-29T09:51:00+07:00","ปกติ","ไม่สามารถเข้าส่งได้ น้ำท่วมสูงในพื้นที่","13205","อังคาร","B2C","สาขารามอินทรา","96/481 ฟลอร่าวิลล์ ซ.ฟลอร่าฟิโอนี 2 ถ.สุวินทวงศ์ 38 แขวงลำผักชี เขตหนองจอก จ.กรุงเทพฯ 10530","13.795388333333335,100.80865999999999",13.795388333333335,100.80865999999999,"หนองจอก","รอน้ำลด","","ยังส่งไม่ได้",false,"","",""
161,"268858","สุนีย์","2026-09-29T09:52:00+07:00","ปกติ","ไม่สามารถเข้าส่งได้ น้ำท่วมสูงในพื้นที่","13205","อังคาร","B2C","สาขารามอินทรา","96/158 หมู่บ้าน ฟลอร่าวิลล์ พาร์คซิตี้ สุวินทวงศ์ ซ.พีโอนี 7 เฟส 6 ถ.สุวินทวงศ์ 38 แขวงลำผักชี เขตหนองจอก จ.กรุงเทพฯ 10530","13.795285000000002,100.80637333333334",13.795285000000002,100.80637333333334,"หนองจอก","รอน้ำลด","","ยังส่งไม่ได้",false,"","",""
162,"180697","ธัญญารัตน์","2026-09-29T09:48:00+07:00","ปกติ","ไม่สามารถเข้าส่งได้ น้ำท่วมสูงในพื้นที่","13205","อังคาร","B2C","สาขารามอินทรา","94/27 หมู่บ้านฟลอลาวิลล์ ซ.ฟลอล่าพีโอนี 2 ถ.สุวินทวงศ์ แขวงลำผักชี เขตหนองจอก จ.กรุงเทพฯ 10530","13.795828333333334,100.81413333333333",13.795828333333334,100.81413333333333,"หนองจอก","รอน้ำลด","","ยังส่งไม่ได้",false,"","",""
163,"175972","วิบูลย์ศักดิ์","2026-09-29T09:52:00+07:00","ปกติ","ไม่สามารถเข้าส่งได้ น้ำท่วมสูงในพื้นที่","13205","อังคาร","B2C","สาขารามอินทรา","96/477 หมู่บ้านฟลอร่าวิลล์ ซอยพีโอนี2 เฟส6  ซอยสุวินทวงศ์38 แขวงลำผักชี เขตหนองจอก จ.กรุงเทพฯ 10530","13.795276666666666,100.80858500000001",13.795276666666666,100.80858500000001,"หนองจอก","รอน้ำลด","","ยังส่งไม่ได้",false,"","",""
164,"115653","มาลี ทรัพย์ศิริพันธ์","2026-09-29T09:38:00+07:00","เสริมน้ำ ตรงรอบ","ไม่สามารถเข้าส่งได้ น้ำท่วมสูงในพื้นที่","13205","อังคาร","B2C","สาขารามอินทรา","100/122 (บ้านเนมเนย) หมู่บ้านฟลาร่าวิลล์ เฟส 7 ซ.3 ถ.สุวินทวงศ์ 38 แขวงลำผักชี เขตหนองจอก กรุงเทพฯ 10530","13.79469758214153,100.79953288946874",13.79469758214153,100.79953288946874,"หนองจอก","รอน้ำลด","","ยังส่งไม่ได้",false,"","",""
165,"195273","สิริวรรณ","2026-09-29T09:38:00+07:00","เสริมน้ำ ตรงรอบ","ไม่สามารถเข้าส่งได้ น้ำท่วมสูงในพื้นที่","13205","อังคาร","B2C","สาขารามอินทรา","30/64 หมู่บ้านฟลอร่าวิลล์พาร์ค ถ.สุวินทวงศ์ แขวงลำผักชี เขตหนองจอก กรุงเทพมหานคร 10530","13.7961784,100.8006854",13.7961784,100.8006854,"หนองจอก","รอน้ำลด","","ยังส่งไม่ได้",false,"","",""
166,"209664","สมหมาย","2026-09-29T09:38:00+07:00","เสริมน้ำ ตรงรอบ","ไม่สามารถเข้าส่งได้ น้ำท่วมสูงในพื้นที่","13205","อังคาร","B2C","สาขารามอินทรา","เลขที่ 96/143 หมู่บ้านฟลอร่าวิลล์ ซ.ราพีโอนี11  ถ.สุวินทวงศ์ แขวงลำผักชี เขตหนองจอก กรุงเทพฯ 10530","13.831760000000001,100.85073499999999",13.831760000000001,100.85073499999999,"หนองจอก","รอน้ำลด","","ยังส่งไม่ได้",false,"","",""
167,"36630","อครพฤฒิ์ วิวัฒน์เมธารมย์","2026-09-29T08:59:00+07:00","เสริมน้ำ นอกรอบ","ไม่สามารถเข้าส่งได้ น้ำท่วมสูงในพื้นที่","13205","เสาร์","B2C","สาขารามอินทรา","61/510 หมู่ 2 หมู่บ้านโรยัลปาร์ควิลล์ บงกช 5 ถ.สุวินทวงศ์ แขวงลำผักชี เขตหนองจอก กรุงเทพฯ 10530","13.802511666666666,100.81125333333333",13.802511666666666,100.81125333333333,"หนองจอก","รอน้ำลด","","ยังส่งไม่ได้",false,"","",""
168,"107202","สุพิมพ์ อุดมสิทธิพัฒนา","2026-09-29T09:13:00+07:00","โอนงานสิ้นวัน","ไม่สามารถเข้าส่งได้ เกิดข้อผิดพลาด (เลื่อนวันที่ส่ง)","13205","เสาร์","B2C","สาขารามอินทรา","78/77 หมู่บ้านเดอะแพลนท์ฉลองกรุง ถ.ฉลองกรุง แขวงลำผักชี เขตหนองจอก จ.กรุงเทพ 10530","13.7988003,100.8293844",13.7988003,100.8293844,"หนองจอก","รอน้ำลด","","ยังส่งไม่ได้",true,"สถาพร นนท์เข็มพรหม","26/09/2026","ผู้ทำรายการ:สถาพร นนท์เข็มพรหม;โอนงานมาจากวันที่:26/09/2026"
169,"109165","สหัทธยา ใจสมุทร","2026-09-29T09:00:00+07:00","โอนงานสิ้นวัน","ไม่สามารถเข้าส่งได้ น้ำท่วมสูงในพื้นที่","13205","เสาร์","B2C","สาขารามอินทรา","61/295 ซอยบงกช 5 หมู่บ้าน โรยัล ปาร์ค วิลล์ แขวงลำผักชี เขตหนองจอก กรุงเทพฯ 10530","13.801413333333334,100.81137333333332",13.801413333333334,100.81137333333332,"หนองจอก","รอน้ำลด","","ยังส่งไม่ได้",true,"ฤทธิศักดิ์ สระเงินสิงห์","28/09/2026","ผู้ทำรายการ:ฤทธิศักดิ์ สระเงินสิงห์;โอนงานมาจากวันที่:28/09/2026"
170,"124483","สุบงกช","2026-09-29T09:01:00+07:00","โอนงานสิ้นวัน","ไม่สามารถเข้าส่งได้ น้ำท่วมสูงในพื้นที่","13205","เสาร์","B2C","สาขารามอินทรา","61/294 มบ.โรยัลปาร์ควิลล์   ม.2 ซ.44 ถ.สุวินทวงศ์ แขวงลำผักชี เขตหนองจอก จ.กรุงเทพมหานคร 10530","13.8011732,100.8114684",13.8011732,100.8114684,"หนองจอก","รอน้ำลด","","ยังส่งไม่ได้",true,"วีรวัฒน์ อุดมทรัพย์","28/09/2026","ผู้ทำรายการ:วีรวัฒน์ อุดมทรัพย์;โอนงานมาจากวันที่:28/09/2026"
171,"126155","ขวัญจิต","2026-09-29T09:01:00+07:00","โอนงานสิ้นวัน","ไม่สามารถเข้าส่งได้ น้ำท่วมสูงในพื้นที่","13205","เสาร์","B2C","สาขารามอินทรา","61/613 หมู่บ้านรอยัลปารค์วิวล์ ซ.บงกช 7 ถ.สุวินทวงศ์ แขวงลำผักชี เขตหนองจอก กรุงเทพฯ 10530","13.8038367,100.81088",13.8038367,100.81088,"หนองจอก","รอน้ำลด","","ยังส่งไม่ได้",true,"วุฒิชัย จีปน","26/09/2026","ผู้ทำรายการ:วุฒิชัย จีปน;โอนงานมาจากวันที่:26/09/2026"
172,"131037","ดวงดาว","2026-09-29T09:01:00+07:00","โอนงานสิ้นวัน","ไม่สามารถเข้าส่งได้ น้ำท่วมสูงในพื้นที่","13205","เสาร์","B2C","สาขารามอินทรา","61/316 หมู่บ้านโรยัลปาร์ควิลล์ ซ.บงกช 6 ถ.สุวินทวงศ์ แขวงลำผักชี เขตหนองจอก กรุงเทพฯ 10530","13.80156038,100.81097544",13.80156038,100.81097544,"หนองจอก","รอน้ำลด","","ยังส่งไม่ได้",true,"จิรวัฒน์ สัยนิถี","28/09/2026","ผู้ทำรายการ:จิรวัฒน์ สัยนิถี;โอนงานมาจากวันที่:28/09/2026"
173,"147576","ธนิศร","2026-09-29T08:58:00+07:00","โอนงานสิ้นวัน","ไม่สามารถเข้าส่งได้ น้ำท่วมสูงในพื้นที่","13205","เสาร์","B2C","สาขารามอินทรา","59/272 หมู่บ้านโรยัลปาร์ควิลล์ ถ.สุวินทวงศ์ แขวงลำผักชี เขตหนองจอก จ.กรุงเทพฯ 10530","13.801156666666667,100.81485833333333",13.801156666666667,100.81485833333333,"หนองจอก","รอน้ำลด","","ยังส่งไม่ได้",true,"สถาพร นนท์เข็มพรหม","26/09/2026","ผู้ทำรายการ:สถาพร นนท์เข็มพรหม;โอนงานมาจากวันที่:26/09/2026"
174,"161626","นพดล รุจิรวณิช","2026-09-29T09:02:00+07:00","โอนงานสิ้นวัน","ไม่สามารถเข้าส่งได้ น้ำท่วมสูงในพื้นที่","13205","เสาร์","B2C","สาขารามอินทรา","61/276 หมู่ 2 รอยัลปาร์ควิลล์  ซ.บงกช 5/1 ถ.สุวินทวงศ์ 44 แขวงลำผักชี เขตหนองจอก จ.กรุงเทพฯ 10530","13.801168333333331,100.81202333333334",13.801168333333331,100.81202333333334,"หนองจอก","รอน้ำลด","","ยังส่งไม่ได้",true,"ฤทธิศักดิ์ สระเงินสิงห์","28/09/2026","ผู้ทำรายการ:ฤทธิศักดิ์ สระเงินสิงห์;โอนงานมาจากวันที่:28/09/2026"
175,"163460","วราพร","2026-09-29T09:13:00+07:00","โอนงานสิ้นวัน","ไม่สามารถเข้าส่งได้ น้ำท่วมสูงในพื้นที่","13205","เสาร์","B2C","สาขารามอินทรา","78/42 เดอะ แพลนท์ ฉลองกรุง ถ.ฉลองกรุง แขวงลำผักชี เขตหนองจอก จ.กรุงเทพฯ 10530","13.80108099,100.82971535",13.80108099,100.82971535,"หนองจอก","รอน้ำลด","","ยังส่งไม่ได้",true,"วีรวัฒน์ อุดมทรัพย์","28/09/2026","ผู้ทำรายการ:วีรวัฒน์ อุดมทรัพย์;โอนงานมาจากวันที่:28/09/2026"
176,"163615","ศักดิ์ชัย","2026-09-29T09:03:00+07:00","โอนงานสิ้นวัน","ไม่สามารถเข้าส่งได้ น้ำท่วมสูงในพื้นที่","13205","เสาร์","B2C","สาขารามอินทรา","61/848 หมู่บ้าน รอยัลปาร์ควิลล์ ซ.บงกช 7 ถ.สุวินทวงศ์ แขวงลำผักชี เขตหนองจอก จ.กรุงเทพฯ 10530","13.8050202,100.81203963",13.8050202,100.81203963,"หนองจอก","รอน้ำลด","","ยังส่งไม่ได้",true,"วุฒิชัย จีปน","26/09/2026","ผู้ทำรายการ:วุฒิชัย จีปน;โอนงานมาจากวันที่:26/09/2026"
177,"170851","เรดดี้ อินเตอร์เนชั่นแนล เทรดดิ้ง จำกัด","2026-09-29T09:13:00+07:00","โอนงานสิ้นวัน","ไม่สามารถเข้าส่งได้ น้ำท่วมสูงในพื้นที่","13205","เสาร์","B2B","สาขารามอินทรา","78/19 หมู่บ้าน เดอะแพลนท์ ฉลองกรุง ถ.ฉลองกรุง แขวงลำผักชี เขตหนองจอก จ.กรุงเทพฯ 10530","13.79891205,100.82934119",13.79891205,100.82934119,"หนองจอก","รอน้ำลด","","ยังส่งไม่ได้",true,"จิรวัฒน์ สัยนิถี","28/09/2026","ผู้ทำรายการ:จิรวัฒน์ สัยนิถี;โอนงานมาจากวันที่:28/09/2026"
178,"190457","รัชกฤช","2026-09-29T08:59:00+07:00","โอนงานสิ้นวัน","ไม่สามารถเข้าส่งได้ เกิดข้อผิดพลาด (เลื่อนวันที่ส่ง)","13205","เสาร์","B2C","สาขารามอินทรา","59/344  หมู่บ้าน โรยัลปาร์ควิวล์ ซอยอุบล 7 ถ.สุวินทวงศ์ แขวงลำผักชี เขตหนองจอก จ.กรุงเทพฯ 10530","13.800353333333332,100.81433666666665",13.800353333333332,100.81433666666665,"หนองจอก","รอน้ำลด","","ยังส่งไม่ได้",true,"สถาพร นนท์เข็มพรหม","26/09/2026","ผู้ทำรายการ:สถาพร นนท์เข็มพรหม;โอนงานมาจากวันที่:26/09/2026"
179,"223467","อภิสรา","2026-09-29T09:14:00+07:00","โอนงานสิ้นวัน","ไม่สามารถเข้าส่งได้ น้ำท่วมสูงในพื้นที่","13205","เสาร์","B2C","สาขารามอินทรา","79/112 หมู่บ้าน วัฒนา1 ถ.สังฆประชา แขวงลำผักชี เขตหนองจอก จ.กรุงเทพฯ 10530","13.778761666666666,100.83728500000001",13.778761666666666,100.83728500000001,"หนองจอก","รอน้ำลด","","ยังส่งไม่ได้",true,"ฤทธิศักดิ์ สระเงินสิงห์","28/09/2026","ผู้ทำรายการ:ฤทธิศักดิ์ สระเงินสิงห์;โอนงานมาจากวันที่:28/09/2026"
180,"23366","เพ็ญศรี ขาวเมืองน้อย","2026-09-29T09:04:00+07:00","โอนงานสิ้นวัน","ไม่สามารถเข้าส่งได้ น้ำท่วมสูงในพื้นที่","13205","เสาร์","B2C","สาขารามอินทรา","61/409 หมู่บ้าน โรยัล ปาร์ค วิลล์ ถ.สุวินทวงศ์ ซ.บงกช 8/1 แขวงลำผักชี เขตหนองจอก จ.กรุงเทพฯ 10530","13.802813333333331,100.80980166666669",13.802813333333331,100.80980166666669,"หนองจอก","รอน้ำลด","","ยังส่งไม่ได้",true,"วีรวัฒน์ อุดมทรัพย์","28/09/2026","ผู้ทำรายการ:วีรวัฒน์ อุดมทรัพย์;โอนงานมาจากวันที่:28/09/2026"
181,"235696","ชัยรัตน์","2026-09-29T09:05:00+07:00","โอนงานสิ้นวัน","ไม่สามารถเข้าส่งได้ น้ำท่วมสูงในพื้นที่","13205","เสาร์","B2C","สาขารามอินทรา","61/884 หมู่บ้านโรยัลปาร์ควิลล์ ซ.บงกช 5 ถ.สุวินทวงศ์ แขวงลำผักชี เขตหนองจอก จ.กรุงเทพฯ 10530","13.804298333333334,100.81243333333332",13.804298333333334,100.81243333333332,"หนองจอก","รอน้ำลด","","ยังส่งไม่ได้",true,"วุฒิชัย จีปน","26/09/2026","ผู้ทำรายการ:วุฒิชัย จีปน;โอนงานมาจากวันที่:26/09/2026"
182,"25228","ธนกฤต สิงหอังกูร","2026-09-29T09:07:00+07:00","ตามน้ำ","ไม่สามารถเข้าส่งได้ น้ำท่วมสูงในพื้นที่","13205","เสาร์","B2C","สาขารามอินทรา","61/618 หมู่บ้านรอยัลปาร์ควิลล์สุวินทวงศ์ ถ.สุวินทวงศ์ แขวงลำผักชี เขตหนองจอก กรุงเทพฯ 10530","13.8039952,100.8111848",13.8039952,100.8111848,"หนองจอก","รอน้ำลด","","ยังส่งไม่ได้",false,"","",""
183,"264926","กนกรัตน์","2026-09-29T09:08:00+07:00","โอนงานสิ้นวัน","ไม่สามารถเข้าส่งได้ น้ำท่วมสูงในพื้นที่","13205","เสาร์","B2C","สาขารามอินทรา","61/116  หมู่บ้าน โรยัลปาร์ค วิลล์ เฟส 3 ซ.6/4  แขวงหนองจอก เขตหนองจอก จ.กรุงเทพฯ 10530","13.798865000000001,100.81092333333332",13.798865000000001,100.81092333333332,"หนองจอก","รอน้ำลด","","ยังส่งไม่ได้",true,"สถาพร นนท์เข็มพรหม","26/09/2026","ผู้ทำรายการ:สถาพร นนท์เข็มพรหม;โอนงานมาจากวันที่:26/09/2026"
184,"265729","พัชรินทร์","2026-09-29T09:09:00+07:00","โอนงานสิ้นวัน","ไม่สามารถเข้าส่งได้ น้ำท่วมสูงในพื้นที่","13205","เสาร์","B2C","สาขารามอินทรา","61/280 หมู่บ้าน รอยัล ปาร์ควิลล์ หมู่ 2 แขวงลำผักชี เขตหนองจอก จ.กรุงเทพฯ 10530","13.801316666666667,100.81186333333332",13.801316666666667,100.81186333333332,"หนองจอก","รอน้ำลด","","ยังส่งไม่ได้",true,"ฤทธิศักดิ์ สระเงินสิงห์","28/09/2026","ผู้ทำรายการ:ฤทธิศักดิ์ สระเงินสิงห์;โอนงานมาจากวันที่:28/09/2026"
185,"286222","คมกฤต","2026-09-29T09:09:00+07:00","โอนงานสิ้นวัน","ไม่สามารถเข้าส่งได้ น้ำท่วมสูงในพื้นที่","13205","เสาร์","B2C","สาขารามอินทรา","61/262 หมู่บ้านโรยัลปาร์ค วิลล์ หมู่ 2 ซ.บงกช 5/2  แขวงลำผักชี เขตหนองจอก จ.กรุงเทพฯ 10530","13.801641666666667,100.81214166666665",13.801641666666667,100.81214166666665,"หนองจอก","รอน้ำลด","","ยังส่งไม่ได้",true,"วีรวัฒน์ อุดมทรัพย์","28/09/2026","ผู้ทำรายการ:วีรวัฒน์ อุดมทรัพย์;โอนงานมาจากวันที่:28/09/2026"
186,"287130","ใจทิพย์","2026-09-29T09:09:00+07:00","โอนงานสิ้นวัน","ไม่สามารถเข้าส่งได้ น้ำท่วมสูงในพื้นที่","13205","เสาร์","B2C","สาขารามอินทรา","61/706 หมู่บ้านรอยัลปาร์ควิว ซ.บงกช 14 ถ.สุวินทวงษ์ แขวงลำผักชี เขตหนองจอก จ.กรุงเทพฯ 10530","13.805088333333334,100.81010333333333",13.805088333333334,100.81010333333333,"หนองจอก","รอน้ำลด","","ยังส่งไม่ได้",true,"วุฒิชัย จีปน","26/09/2026","ผู้ทำรายการ:วุฒิชัย จีปน;โอนงานมาจากวันที่:26/09/2026"
187,"290809","ณัฐวัตร","2026-09-29T09:09:00+07:00","โอนงานสิ้นวัน","ไม่สามารถเข้าส่งได้ น้ำท่วมสูงในพื้นที่","13205","เสาร์","B2C","สาขารามอินทรา","61/442 โรยัลปาร์ควิลล์ ซ.บงกช 8 ถ.สุวินทวงศ์ แขวงลำผักชี เขตหนองจอก จ.กรุงเทพฯ 10530","13.802814999999999,100.810145",13.802814999999999,100.810145,"หนองจอก","รอน้ำลด","","ยังส่งไม่ได้",true,"จิรวัฒน์ สัยนิถี","28/09/2026","ผู้ทำรายการ:จิรวัฒน์ สัยนิถี;โอนงานมาจากวันที่:28/09/2026"
188,"40190","ภาวินีย์ ภักดีโชติ","2026-09-29T09:09:00+07:00","โอนงานสิ้นวัน","ไม่สามารถเข้าส่งได้ เกิดข้อผิดพลาด (เลื่อนวันที่ส่ง)","13205","เสาร์","B2C","สาขารามอินทรา","61/852 หมู่บ้าน รอยัลปาร์ควิลล์ ซ.บงกช7 ถ.สุวินทวงศ์ แขวงลำผักชี เขตหนองจอก จ.กรุงเทพฯ 10530","13.804428,100.8116623",13.804428,100.8116623,"หนองจอก","รอน้ำลด","","ยังส่งไม่ได้",true,"สถาพร นนท์เข็มพรหม","26/09/2026","ผู้ทำรายการ:สถาพร นนท์เข็มพรหม;โอนงานมาจากวันที่:26/09/2026"
189,"43303","ยุทธนา ตั้งศิริจิตร","2026-09-29T09:10:00+07:00","โอนงานสิ้นวัน","ไม่สามารถเข้าส่งได้ น้ำท่วมสูงในพื้นที่","13205","เสาร์","B2C","สาขารามอินทรา","61/655 หมู่บ้านรอยัลปาร์ควิล ซ.บงกช 12 ถ.สุวินทวงศ์ แขวงลำผักชี เขตหนองจอก กรุงเทพฯ 10530","13.804307510477408,100.81019267083052",13.804307510477408,100.81019267083052,"หนองจอก","รอน้ำลด","","ยังส่งไม่ได้",true,"ฤทธิศักดิ์ สระเงินสิงห์","28/09/2026","ผู้ทำรายการ:ฤทธิศักดิ์ สระเงินสิงห์;โอนงานมาจากวันที่:28/09/2026"
190,"50763","นฤมล กำเนิดมณี","2026-09-29T09:10:00+07:00","โอนงานสิ้นวัน","ไม่สามารถเข้าส่งได้ น้ำท่วมสูงในพื้นที่","13205","เสาร์","B2C","สาขารามอินทรา","61/757 หมู่บ้านรอยัลปาร์ควิลล์ ซ.บงกช 9 ถ.สุวินทวงศ์ แขวงลำผักชี เขตหนองจอก กรุงเทพฯ 10530","13.805270396882438,100.81127842270543",13.805270396882438,100.81127842270543,"หนองจอก","รอน้ำลด","","ยังส่งไม่ได้",true,"วีรวัฒน์ อุดมทรัพย์","28/09/2026","ผู้ทำรายการ:วีรวัฒน์ อุดมทรัพย์;โอนงานมาจากวันที่:28/09/2026"
191,"93420","ณรงศักดิ์ เมฆแสน","2026-09-29T09:15:00+07:00","โอนงานสิ้นวัน","ไม่สามารถเข้าส่งได้ น้ำท่วมสูงในพื้นที่","13205","เสาร์","B2C","สาขารามอินทรา","79/412 ม.7 หมู่บ้านวัฒนา 2 ซ.วัดลำผักชี ถ.สังฆประชา แขวงลำผักชี เขตหนองจอก กรุงเทพฯ 10530","13.7791455,100.833194",13.7791455,100.833194,"หนองจอก","รอน้ำลด","","ยังส่งไม่ได้",true,"วุฒิชัย จีปน","26/09/2026","ผู้ทำรายการ:วุฒิชัย จีปน;โอนงานมาจากวันที่:26/09/2026"
192,"99757","รัศมี เกษนรา","2026-09-29T09:10:00+07:00","โอนงานสิ้นวัน","ไม่สามารถเข้าส่งได้ น้ำท่วมสูงในพื้นที่","13205","เสาร์","B2C","สาขารามอินทรา","61/693 หมู่ 2 หมู่บ้านโรยัลปาร์ควิลล์ ซ.บงกช 14 ถ.สุวินทวงศ์ แขวงลำผักชี เขตหนองจอก กรุงเทพฯ 10530","13.805026542395353,100.81006231717765",13.805026542395353,100.81006231717765,"หนองจอก","รอน้ำลด","","ยังส่งไม่ได้",true,"จิรวัฒน์ สัยนิถี","28/09/2026","ผู้ทำรายการ:จิรวัฒน์ สัยนิถี;โอนงานมาจากวันที่:28/09/2026"
193,"160884","ไพเราะ","2026-09-29T09:15:00+07:00","โอนงานสิ้นวัน","ไม่สามารถเข้าส่งได้ น้ำท่วมสูงในพื้นที่","13205","เสาร์","B2C","สาขารามอินทรา","79/414 หมู่บ้านวัฒนา 2 ซ.วัดลำผักชี ถ.สังฆประชา แขวงลำผักชี เขตหนองจอก กรุงเทพฯ 10530","13.779165,100.83362166666666",13.779165,100.83362166666666,"หนองจอก","รอน้ำลด","","ยังส่งไม่ได้",true,"สถาพร นนท์เข็มพรหม","26/09/2026","ผู้ทำรายการ:สถาพร นนท์เข็มพรหม;โอนงานมาจากวันที่:26/09/2026"
194,"203431","ภูมิใจกร","2026-09-29T09:15:00+07:00","โอนงานสิ้นวัน","ไม่สามารถเข้าส่งได้ น้ำท่วมสูงในพื้นที่","13205","เสาร์","B2C","สาขารามอินทรา","79/630 หมู่ 7 หมู่บ้านวัฒนา 2  แขวงลำผักชี เขตหนองจอก จ.กรุงเทพฯ 10530","13.77985329,100.8356258",13.77985329,100.8356258,"หนองจอก","รอน้ำลด","","ยังส่งไม่ได้",true,"ฤทธิศักดิ์ สระเงินสิงห์","28/09/2026","ผู้ทำรายการ:ฤทธิศักดิ์ สระเงินสิงห์;โอนงานมาจากวันที่:28/09/2026"
195,"220726","คุณหญิงศิริพร จำกัด","2026-09-29T09:14:00+07:00","โอนงานสิ้นวัน","ไม่สามารถเข้าส่งได้ น้ำท่วมสูงในพื้นที่","13205","เสาร์","B2B","สาขารามอินทรา","78/65 เดอะแพลนท์ ฉลองกรุง ซ.10 ถ.ฉลองกรุง  แขวงลำผักชี เขตหนองจอก จ.กรุงเทพฯ 10530","13.799593333333332,100.82921",13.799593333333332,100.82921,"หนองจอก","รอน้ำลด","","ยังส่งไม่ได้",true,"วีรวัฒน์ อุดมทรัพย์","28/09/2026","ผู้ทำรายการ:วีรวัฒน์ อุดมทรัพย์;โอนงานมาจากวันที่:28/09/2026"
196,"265135","เรณู","2026-09-29T09:11:00+07:00","โอนงานสิ้นวัน","ไม่สามารถเข้าส่งได้ น้ำท่วมสูงในพื้นที่","13205","เสาร์","B2C","สาขารามอินทรา","61/463 หมู่บ้านรอยัลปาร์ค ซ.7 ถ.สุวินทวงศ์ แขวงลำผักชี เขตหนองจอก จ.กรุงเทพฯ 10530","13.802291666666667,100.81053166666668",13.802291666666667,100.81053166666668,"หนองจอก","รอน้ำลด","","ยังส่งไม่ได้",true,"วุฒิชัย จีปน","26/09/2026","ผู้ทำรายการ:วุฒิชัย จีปน;โอนงานมาจากวันที่:26/09/2026"
197,"47684","ขวัญชัย บำรุงชีพ","2026-09-29T09:12:00+07:00","โอนงานสิ้นวัน","ไม่สามารถเข้าส่งได้ น้ำท่วมสูงในพื้นที่","13205","เสาร์","B2C","สาขารามอินทรา","61/511 หมู่2 หมู่บ้านรอยัลปาร์ควิลล์ ซ.บงกช5 ถ.สุวินทวงศ์ แขวงลำผักชี เขตหนองจอก กรุงเทพฯ ฯ 10530","13.802506666666666,100.81124166666665",13.802506666666666,100.81124166666665,"หนองจอก","รอน้ำลด","","ยังส่งไม่ได้",true,"จิรวัฒน์ สัยนิถี","28/09/2026","ผู้ทำรายการ:จิรวัฒน์ สัยนิถี;โอนงานมาจากวันที่:28/09/2026"
198,"44886/1","พัลลภา ตันติวังไพศาล","2026-09-29T09:48:00+07:00","ปกติ","ไม่สามารถเข้าส่งได้ เกิดข้อผิดพลาด (เลื่อนวันที่ส่ง)","13205","อังคาร","B2C","สาขารามอินทรา","94/182 หมู่บ้านฟลอร่าวิลล์ทิวลิป ซ.2 เฟส 8 ซ.สุวินทวงศ์ 38 ถ.สุวินทวงศ์ แขวงลำผักชี เขตหนองจอก จ.กรุงเทพฯ 10530","13.79493858,100.80960725",13.79493858,100.80960725,"หนองจอก","รอน้ำลด","","ยังส่งไม่ได้",false,"","",""
199,"218001","กมลพรรณ ทินณรงค์","2026-09-29T09:39:00+07:00","เสริมน้ำ ตรงรอบ","ไม่สามารถเข้าส่งได้ น้ำท่วมสูงในพื้นที่","13205","อังคาร","B2C","สาขารามอินทรา","94/201 ฟลอราวิลล์ สุวินทวงศ์ ซ.ฟลอรา ทิวลิป 6 แขวงลำผักชี เขตหนองจอก จ.กรุงเทพฯ 10530","13.794168333333335,100.814385",13.794168333333335,100.814385,"หนองจอก","รอน้ำลด","","ยังส่งไม่ได้",false,"","",""
200,"213116","อนุชิต","2026-09-29T09:40:00+07:00","เสริมน้ำ ตรงรอบ","ไม่สามารถเข้าส่งได้ น้ำท่วมสูงในพื้นที่","13205","อังคาร","B2C","สาขารามอินทรา","107/77 หมู่บ้าน ฟลอร่าวิลล์ เฟส 22 ซ.2/2 ถ. สุวินทวงศ์ แขวงลำผักชี เขตหนองจอก จ.กรุงเทพฯ 10530","13.788954999999998,100.797385",13.788954999999998,100.797385,"หนองจอก","รอน้ำลด","","ยังส่งไม่ได้",false,"","",""
201,"235592","พัชรี","2026-09-29T09:40:00+07:00","เสริมน้ำ ตรงรอบ","ไม่สามารถเข้าส่งได้ น้ำท่วมสูงในพื้นที่","13205","อังคาร","B2C","สาขารามอินทรา","99/149 เครือวัลย์เลคแอนด์ปาร์ค ซ.สุวินทวงศ์ 42  แขวงลำผักชี เขตหนองจอก จ.กรุงเทพฯ 10530","13.78517,100.79822",13.78517,100.79822,"หนองจอก","รอน้ำลด","","ยังส่งไม่ได้",false,"","",""
202,"184555","สุขจิตต์","2026-09-29T09:40:00+07:00","เสริมน้ำ ตรงรอบ","ไม่สามารถเข้าส่งได้ น้ำท่วมสูงในพื้นที่","13205","อังคาร","B2C","สาขารามอินทรา","94/142 หมู่บ้านฟลอร่าวิลล์ พาร์ค ซิตี้ สุวินทวงศ์  ถ.สุวินทวงศ์ แขวงลำผักชี เขตหนองจอก จ.กรุงเทพฯ 10530","13.79540723,100.81004474",13.79540723,100.81004474,"หนองจอก","รอน้ำลด","","ยังส่งไม่ได้",false,"","",""
203,"178506","ปาณิสรา ฉัตรแก้ว","2026-09-29T09:43:00+07:00","เสริมน้ำ ตรงรอบ","ไม่สามารถเข้าส่งได้ น้ำท่วมสูงในพื้นที่","13205","อังคาร","B2C","สาขารามอินทรา","103/148 หมู่บ้าน ฟลอร่าวิลล์ เฟส 17 ซ.6 ถ. สุวินทวงศ์ แขวงลำผักชี เขตหนองจอก จ.กรุงเทพฯ 10530","13.78291753,100.80994589",13.78291753,100.80994589,"หนองจอก","รอน้ำลด","","ยังส่งไม่ได้",false,"","",""
204,"00940/255","BJC DHL LOGISTICS SOLUTION LIMITED","2026-09-29T12:38:00+07:00","ปกติ","ไม่สามารถเข้าส่งได้ น้ำท่วมสูงในพื้นที่","13206","อังคาร, ศุกร์","B2B","สาขารามอินทรา","99/7 MOO 1 Logistic Fresh food Chachoengsao (Lad Krabang)  KHLONG PRENG MUEANG CHACHOENGSAO CHACHOENGSAO 24000","13.691039999999997,100.90191666666666",13.691039999999997,100.90191666666666,"","รอน้ำลด","","ยังส่งไม่ได้",false,"","",""
205,"146088/2","ณัฐณิชา การโยธา จำกัด","2026-09-29T11:04:00+07:00","เสริมน้ำ ตรงรอบ","ไม่สามารถเข้าส่งได้ น้ำท่วมสูงในพื้นที่","13207","อังคาร","B2B","สาขารามอินทรา","ไซต์งานก่อสร้าง ดิออริจิ้น เศรษฐบุตร สเตชั่น ถ.สุวินทวงศ์ แขวงมีนบุรี เขตมีนบุรี จ.กรุงเทพฯ 10510","13.816398333333332,100.71959333333334",13.816398333333332,100.71959333333334,"มีนบุรี","รอน้ำลด","","ยังส่งไม่ได้",false,"","",""
206,"238114/6","ไบค์แมน เวนเจอร์ส  จำกัด","2026-09-29T11:03:00+07:00","ปกติ","ไม่สามารถเข้าส่งได้ น้ำท่วมสูงในพื้นที่","13207","อังคาร","B2B","สาขารามอินทรา","46 สาขาหทัยราษฎร์ ถ.หทัยราษฎร์ แขวงมีนบุรี เขตมีนบุรี จ.กรุงเทพฯ 10510","13.823785000000003,100.72049333333334",13.823785000000003,100.72049333333334,"มีนบุรี","รอน้ำลด","","ยังส่งไม่ได้",false,"","",""
207,"163349/1","ปิยะฉัตร","2026-09-29T11:02:00+07:00","ปกติ","ไม่สามารถเข้าส่งได้ น้ำท่วมสูงในพื้นที่","13207","อังคาร","B2C","สาขารามอินทรา","305/103 หมู่บ้านปรีชา 11 ซ.รามอินทรา 123 ถ.รามอินทรา แขวงมีนบุรี เขตมีนบุรี จ.กรุงเทพฯ 10510","13.81473,100.71211999999998",13.81473,100.71211999999998,"มีนบุรี","รอน้ำลด","","ยังส่งไม่ได้",false,"","",""
208,"274843","สมใจ","2026-09-29T09:00:00+07:00","ปกติ","ไม่สามารถเข้าส่งได้ เกิดข้อผิดพลาด (เลื่อนวันที่ส่ง)","13207","อังคาร","B2C","สาขารามอินทรา","119/8 หมู่บ้านพฤกษาวิลล์ ซ.พระยาสุเรนทร์23 ถ.พระยาสุเรนทร์ แขวงบางชัน เขตคลองสามวา จ.กรุงเทพฯ 10510","13.833135,100.69361833333332",13.833135,100.69361833333332,"คลองสามวา","รอน้ำลด","","ยังส่งไม่ได้",false,"","",""
209,"275141","ลลินทิพย์","2026-09-29T08:12:00+07:00","ปกติ","ไม่สามารถเข้าส่งได้ น้ำท่วมสูงในพื้นที่","13207","อังคาร","B2C","สาขารามอินทรา","116 ถนนพระยาสุเรนทร์ ซ.พระยาาสุเรนทร์ 3 ถ.พระยาสุเรนทร์ แขวงบางชัน เขตคลองสามวา จ.กรุงเทพฯ 10510","13.821748333333336,100.69567666666666",13.821748333333336,100.69567666666666,"คลองสามวา","รอน้ำลด","","ยังส่งไม่ได้",false,"","",""
210,"56345/2","ไทล์ เอเชีย จำกัด","2026-09-29T08:01:00+07:00","ปกติ","ไม่สามารถเข้าส่งได้ น้ำท่วมสูงในพื้นที่","13207","อังคาร","B2B","สาขารามอินทรา","26/85 หมู่บ้าน บ้านรามอินทรา ซ.พระยาสุเรนทร์ 3  ถ.รามอินทรา 109  แขวงคันนายาว เขตคันนายาว จ.กรุงเทพฯ 10230","13.82353539,100.69486694",13.82353539,100.69486694,"คันนายาว","รอน้ำลด","","ยังส่งไม่ได้",false,"","",""
211,"281922","เอ็กซ์เพิร์ท มัม จำกัด","2026-09-29T08:12:00+07:00","ปกติ","ไม่สามารถเข้าส่งได้ น้ำท่วมสูงในพื้นที่","13207","อังคาร","B2B","สาขารามอินทรา","15 ซ.พระยาสุเรนทร์3 ถ.พระยาสุเรนทร์  แขวงบางชัน เขตคลองสามวา จ.กรุงเทพฯ 10510","13.821355000000002,100.698885",13.821355000000002,100.698885,"คลองสามวา","รอน้ำลด","","ยังส่งไม่ได้",false,"","",""
212,"205494","ยุวรี","2026-09-29T08:02:00+07:00","ปกติ","ไม่สามารถเข้าส่งได้ น้ำท่วมสูงในพื้นที่","13207","อังคาร","B2C","สาขารามอินทรา","26/76 หมู่บ้านรามอินทรา ซ.พระยาสุเรนทร์3 ถ.พระยาสุเรนทร์ แขวงคันนายาว เขตคันนายาว จ.กรุงเทพฯ 10230","13.823133333333333,100.69478166666667",13.823133333333333,100.69478166666667,"คันนายาว","รอน้ำลด","","ยังส่งไม่ได้",false,"","",""
213,"208180","ฟอร์ธ แคลิเบรชั่น แอนด์ เซอร์วิส จำกัด","2026-09-29T11:02:00+07:00","ปกติ","ไม่สามารถเข้าส่งได้ น้ำท่วมสูงในพื้นที่","13207","อังคาร","B2B","สาขารามอินทรา","เลขที่ 305/47 ซ.รามอินทรา 123 ถ.รามอินทรา  แขวงมีนบุรี เขตมีนบุรี จ.กรุงเทพฯ 10510","13.813703333333335,100.71247833333334",13.813703333333335,100.71247833333334,"มีนบุรี","รอน้ำลด","","ยังส่งไม่ได้",false,"","",""
214,"123473/26","สำนักงานหนังสือเดินทางชั่วคราว มีนบุรี","2026-09-29T11:03:00+07:00","ปกติ","ไม่สามารถเข้าส่งได้ น้ำท่วมสูงในพื้นที่","13207","อังคาร","B2B","สาขารามอินทรา","ศูนย์การค้าบิ๊กซี สาขาสุวินทวงศ์ 29  ชั้น2 ถ.สุวินทวงศ์  แขวงมีนบุรี เขตมีนบุรี จ.กรุงเทพฯ 10510","13.816986666666667,100.72024666666667",13.816986666666667,100.72024666666667,"มีนบุรี","รอน้ำลด","","ยังส่งไม่ได้",false,"","",""
215,"219713","มาลี ว่องศิลป์วัฒนา","2026-09-29T08:02:00+07:00","ปกติ","ไม่สามารถเข้าส่งได้ น้ำท่วมสูงในพื้นที่","13207","อังคาร","B2C","สาขารามอินทรา","26/73 หมู่บ้าน บ้านรามอินทรา ซ.พระยาสุเรนทร์ 3 ถ.รามอินทรา 109  เเขวงคันนายาว เขตคันนายาว กรุงเทพมหานคร 10230","13.822593333333336,100.69323833333334",13.822593333333336,100.69323833333334,"คันนายาว","รอน้ำลด","","ยังส่งไม่ได้",false,"","",""
216,"290397","นนทรัตน์","2026-09-29T08:14:00+07:00","ปกติ","ไม่สามารถเข้าส่งได้ น้ำท่วมสูงในพื้นที่","13207","อังคาร","B2C","สาขารามอินทรา","79 ซ.พระยาสุเรนทร์ 11 ถ.พระยาสุเรนทร์ แขวงบางชัน เขตคลองสามวา จ.กรุงเทพฯ 10510","13.824764999999998,100.69601499999999",13.824764999999998,100.69601499999999,"คลองสามวา","รอน้ำลด","","ยังส่งไม่ได้",false,"","",""
217,"291066","จิรกิตต์","2026-09-29T10:22:00+07:00","ปกติ","ไม่สามารถเข้าส่งได้ น้ำท่วมสูงในพื้นที่","13207","อังคาร","B2C","สาขารามอินทรา","293/132 หมู่บ้าน ซ.รามอินทรา 119 ถ.รามอินทรา แขวงมีนบุรี เขตมีนบุรี จ.กรุงเทพฯ 10510","13.81501,100.70951333333332",13.81501,100.70951333333332,"มีนบุรี","รอน้ำลด","","ยังส่งไม่ได้",false,"","",""
218,"80269","บีเฟิร์สเน็ตเวิร์กคอนซัลติ้ง จำกัด","2026-09-29T10:22:00+07:00","ปกติ","ไม่สามารถเข้าส่งได้ เกิดข้อผิดพลาด (เลื่อนวันที่ส่ง)","13207","อังคาร","B2B","สาขารามอินทรา","293/172 ซ.รามอินทรา 119 ถ.รามอินทรา แขวงมีนบุรี เขตมีนบุรี กรุงเทพฯ 10510","13.81521639,100.70853709",13.81521639,100.70853709,"มีนบุรี","รอน้ำลด","","ยังส่งไม่ได้",false,"","",""
219,"231082","ชวิศา","2026-09-29T11:02:00+07:00","ปกติ","ไม่สามารถเข้าส่งได้ น้ำท่วมสูงในพื้นที่","13207","อังคาร","B2C","สาขารามอินทรา","305/41 ซ.รามอินทรา 123 ถ.รามอินทรา แขวงมีนบุรี เขตมีนบุรี จ.กรุงเทพฯ 10510","13.813678333333334,100.71248500000002",13.813678333333334,100.71248500000002,"มีนบุรี","รอน้ำลด","","ยังส่งไม่ได้",false,"","",""
220,"28017","โปรเฟสชั่นแนล นาโนเมด จำกัด","2026-09-29T10:21:00+07:00","ปกติ","ไม่สามารถเข้าส่งได้ น้ำท่วมสูงในพื้นที่","13207","อังคาร","B2B","สาขารามอินทรา","293/18 ซ.รามอินทรา 119 ถ.รามอินทรา แขวงมีนบุรี เขตมีนบุรี กรุงเทพฯ 10510","13.81347333333333,100.70878666666667",13.81347333333333,100.70878666666667,"มีนบุรี","รอน้ำลด","","ยังส่งไม่ได้",false,"","",""
221,"34814","อนิรุธ สาเลยยกานนท์","2026-09-29T08:02:00+07:00","ปกติ","ไม่สามารถเข้าส่งได้ น้ำท่วมสูงในพื้นที่","13207","อังคาร","B2C","สาขารามอินทรา","26/57 หมู่บ้านรามอินทรา ถ.พระยาสุเรนท์ แขวงคันนายาว เขตคันนายาว กรุงเทพฯ 10230","13.82224271,100.69314036",13.82224271,100.69314036,"คันนายาว","รอน้ำลด","","ยังส่งไม่ได้",false,"","",""
222,"239809","ไพลิน","2026-09-29T09:00:00+07:00","ปกติ","ไม่สามารถเข้าส่งได้ น้ำท่วมสูงในพื้นที่","13207","อังคาร","B2C","สาขารามอินทรา","119/45 หมู่บ้านพฤกษา 6 รามอินทรา 109 พระยาสุเรนทร์ 23  แขวงสามวาตะวันตก เขตคลองสามวา จ.กรุงเทพฯ 10510","13.832405000000001,100.69119666666666",13.832405000000001,100.69119666666666,"คลองสามวา","รอน้ำลด","","ยังส่งไม่ได้",false,"","",""
223,"45225","สุนิสา ชูสกุล","2026-09-29T08:13:00+07:00","ปกติ","ไม่สามารถเข้าส่งได้ น้ำท่วมสูงในพื้นที่","13207","อังคาร","B2C","สาขารามอินทรา","60/330 หมู่บ้านร่มเย็น 5 (ซ.8) ซ.พระยาสุเรนทร์ 9 แขวงบางชัน เขตคลองสามวา กรุงเทพฯ 10510","13.8237197,100.69713643",13.8237197,100.69713643,"คลองสามวา","รอน้ำลด","","ยังส่งไม่ได้",false,"","",""
224,"08302/41","แม็กซ์ ลิ้งค์ อินเตอร์เทรด จำกัด","2026-09-29T11:02:00+07:00","ปกติ","ไม่สามารถเข้าส่งได้ น้ำท่วมสูงในพื้นที่","13207","อังคาร","B2B","สาขารามอินทรา","TELEWIZ SHOPสาขาสุวินทวงศ์ บิ๊กซีเอ็กซ์ตร้าชั้น2ห้อง2CRF2/11 123 ม.16 ถ.สุวินทวงศ์ แขวงมีนบุรี เขตมีนบุรี กรุงเทพฯ 10510","13.817528333333334,100.72021333333332",13.817528333333334,100.72021333333332,"มีนบุรี","รอน้ำลด","","ยังส่งไม่ได้",false,"","",""
225,"108406","ธเนศ คหกิจไพศาล","2026-09-29T08:15:00+07:00","ปกติ","ไม่สามารถเข้าส่งได้ น้ำท่วมสูงในพื้นที่","13207","อังคาร","B2C","สาขารามอินทรา","109/87 หมู่บ้าน CENTRO รามอินทรา 109 ซ.พระยาสุเรนทร์ 21 แยก 3 แขวงบางชัน เขตคลองสามวา กรุงเทพฯ 10510","13.832420000000003,100.69657833333333",13.832420000000003,100.69657833333333,"คลองสามวา","รอน้ำลด","","ยังส่งไม่ได้",false,"","",""
226,"243654","ไอยรินทร์ ถาวรพุฒ","2026-09-29T09:01:00+07:00","ปกติ","ไม่สามารถเข้าส่งได้ น้ำท่วมสูงในพื้นที่","13207","อังคาร","B2C","สาขารามอินทรา","119/123 หมู่บ้านพฤกษาวิลล์6 ซ.พระยาสุเรนทร์ 23  แขวงบางชัน เขตคลองสามวา จ.กรุงเทพฯ 10510","13.832756666666667,100.69117999999999",13.832756666666667,100.69117999999999,"คลองสามวา","รอน้ำลด","","ยังส่งไม่ได้",false,"","",""
227,"47228","เกรียงไกร ชาติสุทธิผล","2026-09-29T08:13:00+07:00","ปกติ","ไม่สามารถเข้าส่งได้ น้ำท่วมสูงในพื้นที่","13207","อังคาร","B2C","สาขารามอินทรา","60/326 หมู่บ้านร่มเย็น 5 ซ.8 ซ.พระยาสุเรนทร์ 9 แขวงบางชัน เขตคลองสามวา กรุงเทพฯ 10510","13.82398617,100.69685539",13.82398617,100.69685539,"คลองสามวา","รอน้ำลด","","ยังส่งไม่ได้",false,"","",""
228,"131393","มูสา","2026-09-29T09:01:00+07:00","ปกติ","ไม่สามารถเข้าส่งได้ เกิดข้อผิดพลาด (เลื่อนวันที่ส่ง)","13207","อังคาร","B2C","สาขารามอินทรา","119/32 หมู่บ้าน พฤกษาวิลล์ 6 ซ.พระยาสุเรนทร์ 23 ถ.พระยาสุเรนทร์ แขวงบางชัน เขตคลองสามวา จ.กรุงเทพฯ 10510","13.832668333333334,100.69198",13.832668333333334,100.69198,"คลองสามวา","รอน้ำลด","","ยังส่งไม่ได้",false,"","",""
229,"138741/451","ธนาคารไทยพาณิชย์ จำกัด (มหาชน)","2026-09-29T11:03:00+07:00","ปกติ","ไม่สามารถเข้าส่งได้ น้ำท่วมสูงในพื้นที่","13207","อังคาร","B2B","สาขารามอินทรา","123 หมู่ที่ 16 ถ.สุวินทวงศ์  สาขาบิ๊กซี สุวินทวงศ์ #5111 แขวงมีนบุรี เขตมีนบุรี จ.กรุงเทพฯ 10510","13.817535000000001,100.72026833333332",13.817535000000001,100.72026833333332,"มีนบุรี","รอน้ำลด","","ยังส่งไม่ได้",false,"","",""
230,"152512","จรีย์ภัสร์","2026-09-29T08:15:00+07:00","ปกติ","ไม่สามารถเข้าส่งได้ น้ำท่วมสูงในพื้นที่","13207","อังคาร","B2C","สาขารามอินทรา","89/147 หมู่บ้านพฤกษาวิลล์ 23  ซ.พระยาสุเรนทร์ 21 แยก 3 ถ.พระยาสุเรนทร์ แขวงบางชัน เขตคลองสามวา กรุงเทพฯ 10510","13.83216037,100.69198623",13.83216037,100.69198623,"คลองสามวา","รอน้ำลด","","ยังส่งไม่ได้",false,"","",""
231,"58328","วาสนา จันทศร","2026-09-29T08:13:00+07:00","ปกติ","ไม่สามารถเข้าส่งได้ น้ำท่วมสูงในพื้นที่","13207","อังคาร","B2C","สาขารามอินทรา","60/325 หมู่บ้านร่มเย็น 5 ซ.8 ถ.พระยาสุเรนทร์ แขวงบางชัน เขตคลองสามวา กรุงเทพฯ 10510","13.82421805,100.69657219",13.82421805,100.69657219,"คลองสามวา","รอน้ำลด","","ยังส่งไม่ได้",false,"","",""
232,"251085","วรรณา","2026-09-29T10:24:00+07:00","ตามน้ำ","ไม่สามารถเข้าส่งได้ น้ำท่วมสูงในพื้นที่","13207","อังคาร","B2C","สาขารามอินทรา","293/392 ซ.5 หมู่บ้านสินธานี 2 ซ.รามอินทรา 119 แขวงมีนบุรี เขตมีนบุรี จ.กรุงเทพฯ 10510","13.815848333333333,100.70978666666666",13.815848333333333,100.70978666666666,"มีนบุรี","รอน้ำลด","","ยังส่งไม่ได้",false,"","",""
233,"260649","ณัชชา ทามนตรี","2026-09-29T09:01:00+07:00","ปกติ","ไม่สามารถเข้าส่งได้ น้ำท่วมสูงในพื้นที่","13207","อังคาร","B2C","สาขารามอินทรา","16 PN Centric Warehouse ซอยรามอินทรา 109  แขวงมีนบุรี เขตมีนบุรี จ.กรุงเทพฯ 10510","13.816608333333333,100.69986833333333",13.816608333333333,100.69986833333333,"มีนบุรี","รอน้ำลด","","ยังส่งไม่ได้",false,"","",""
234,"171865","เขมจิรา","2026-09-29T11:04:00+07:00","ตามน้ำ","ไม่สามารถเข้าส่งได้ น้ำท่วมสูงในพื้นที่","13207","อังคาร","B2C","สาขารามอินทรา","329/910 ตึก 9 ชั้น 2 ซ.รามอินทรา125 แขวงมีนบุรี เขตมีนบุรี จ.กรุงเทพฯ 10510","13.815505,100.714975",13.815505,100.714975,"มีนบุรี","รอน้ำลด","","ยังส่งไม่ได้",false,"","",""
235,"177255","ภัทรพล","2026-09-29T08:15:00+07:00","ปกติ","ไม่สามารถเข้าส่งได้ น้ำท่วมสูงในพื้นที่","13207","อังคาร","B2C","สาขารามอินทรา","89/182 หมู่บ้านพฤกษาวิลล์ 23 ซ.พระยาสุเรนทร์ 21 ถ.พระยาสุเรนทร์ แขวงบางชัน เขตคลองสามวา จ.กรุงเทพฯ 10510","13.8320106,100.6919613",13.8320106,100.6919613,"คลองสามวา","รอน้ำลด","","ยังส่งไม่ได้",false,"","",""
236,"177528","เอกวิทย์","2026-09-29T08:13:00+07:00","ปกติ","ไม่สามารถเข้าส่งได้ น้ำท่วมสูงในพื้นที่","13207","อังคาร","B2C","สาขารามอินทรา","60/140 หมู่บ้านร่มเย็น 5 (ซ.1) ซ.พระยาสุเรนทร์ 9 แขวงบางชัน เขตคลองสามวา จ.กรุงเทพฯ 10510","13.82593536,100.69896249",13.82593536,100.69896249,"คลองสามวา","รอน้ำลด","","ยังส่งไม่ได้",false,"","",""
237,"178899","นิติกร","2026-09-29T08:15:00+07:00","ปกติ","ไม่สามารถเข้าส่งได้ น้ำท่วมสูงในพื้นที่","13207","อังคาร","B2C","สาขารามอินทรา","89/36 หมู่บ้านพฤกษา วิลล์ 23 ซ.พระยาสุเรนทร์ 21 แยก 3 ถ.พระยาสุเรนทร์ แขวงบางชัน เขตคลองสามวา จ.กรุงเทพฯ 10510","13.831895000000001,100.69286500000001",13.831895000000001,100.69286500000001,"คลองสามวา","รอน้ำลด","","ยังส่งไม่ได้",false,"","",""
238,"163921/3","ทาเลส ดีไอเอส (ประเทศไทย) จำกัด (สำนักงานใหญ่)","2026-09-29T11:03:00+07:00","ปกติ","ไม่สามารถเข้าส่งได้ เกิดข้อผิดพลาด (เลื่อนวันที่ส่ง)","13207","อังคาร","B2B","สาขารามอินทรา","ศูนย์การค้าบิ๊กซี สาขาสุวินทวงศ์ ชั้น 2 เลขที่ 29 ถ.สุวินทวงศ์  แขวงมีนบุรี เขตมีนบุรี จ.กรุงเทพฯ 10510","13.817041666666666,100.72020666666667",13.817041666666666,100.72020666666667,"มีนบุรี","รอน้ำลด","","ยังส่งไม่ได้",false,"","",""
239,"182038","จาริญา","2026-09-29T08:14:00+07:00","ปกติ","ไม่สามารถเข้าส่งได้ น้ำท่วมสูงในพื้นที่","13207","อังคาร","B2C","สาขารามอินทรา","78/149 หมู่บ้านอินทาวิลล์ ซ.พระยาสุเรนทร์ 109 แยก 19 ถ.พระยาสุเรนทร์ แขวงบางชัน เขตคลองสามวา จ.กรุงเทพฯ 10510","13.83063362,100.69456728",13.83063362,100.69456728,"คลองสามวา","รอน้ำลด","","ยังส่งไม่ได้",false,"","",""
240,"271060","ดารวรรณ","2026-09-29T08:56:00+07:00","ตามน้ำ","ไม่สามารถเข้าส่งได้ น้ำท่วมสูงในพื้นที่","13207","อังคาร","B2C","สาขารามอินทรา","109/117 หมู่บ้านเซนโทร รามอินทรา 109 ซ.พระยาสุเรนทร์ 21 แยก 3 แขวงบางชัน เขตคลองสามวา จ.กรุงเทพฯ 10510","13.830864999999998,100.69242833333334",13.830864999999998,100.69242833333334,"คลองสามวา","รอน้ำลด","","ยังส่งไม่ได้",false,"","",""
241,"286381","วรัญญา","2026-09-29T10:38:00+07:00","เสริมน้ำ ตรงรอบ","ไม่สามารถเข้าส่งได้ น้ำท่วมสูงในพื้นที่","13207","อังคาร","B2C","สาขารามอินทรา","293/458 หมู่บ้านสินธานี 2 ซ.รามอินทรา 119 แยก 6 ถ.รามอินทรา แขวงมีนบุรี เขตมีนบุรี จ.กรุงเทพฯ 10510","13.816538333333332,100.70940833333334",13.816538333333332,100.70940833333334,"มีนบุรี","รอน้ำลด","","ยังส่งไม่ได้",false,"","",""
242,"226082","พิสิษฐ์ โสภณธนิตศักดิ์","2026-09-29T08:14:00+07:00","ปกติ","ไม่สามารถเข้าส่งได้ น้ำท่วมสูงในพื้นที่","13207","อังคาร","B2C","สาขารามอินทรา","109/75 หมู่บ้านเดอะเซนโทร ซ.พระยาสุเรนทร์21 แยก 3 ถ.พระยาสุเรนทร์ แขวงบางชัน เขตคลองสามวา จ.กรุงเทพฯ 10510","13.832528333333334,100.69588999999999",13.832528333333334,100.69588999999999,"คลองสามวา","รอน้ำลด","","ยังส่งไม่ได้",false,"","",""
243,"234520","ทรัพย์ธัญญนันท์ จำกัด","2026-09-29T11:04:00+07:00","ปกติ","ไม่สามารถเข้าส่งได้ น้ำท่วมสูงในพื้นที่","13207","พฤหัสบดี","B2B","สาขารามอินทรา","49 ซ.สีหบุรานุกิจ 1 ถ.สีหบุรานุกิจ  แขวงมีนบุรี เขตมีนบุรี จ.กรุงเทพฯ 10510","13.812886666666667,100.72106333333335",13.812886666666667,100.72106333333335,"มีนบุรี","รอน้ำลด","","ยังส่งไม่ได้",false,"","",""
244,"128295","พัชรินทร์","2026-09-29T09:04:00+07:00","เสริมน้ำ ตรงรอบ","ไม่สามารถเข้าส่งได้ น้ำท่วมสูงในพื้นที่","13207","อังคาร","B2C","สาขารามอินทรา","109/39 หมู่บ้าน Centro รามอินทรา 109 ซ.พระยาสุเรนทร์21 แยก3 แขวงบางชัน เขตคลองสามวา กรุงเทพมหานคร 10510","13.830866666666669,100.69243166666665",13.830866666666669,100.69243166666665,"คลองสามวา","รอน้ำลด","","ยังส่งไม่ได้",false,"","",""
245,"207960","เอวินดัส จำกัด","2026-09-29T14:49:00+07:00","โอนงานสิ้นวัน","ไม่สามารถเข้าส่งได้ น้ำท่วมสูงในพื้นที่","13301","จันทร์","B2B","สาขารามอินทรา","215/68 หมู่บ้านทองสถิตย์ วิลล่า 5 ซ.8  แขวงจรเข้บัว เขตลาดพร้าว จ.กรุงเทพฯ 10230","13.841985,100.62641166666666",13.841985,100.62641166666666,"ลาดพร้าว","รอน้ำลด","","ยังส่งไม่ได้",true,"วีรวัฒน์ อุดมทรัพย์","28/09/2026","ผู้ทำรายการ:วีรวัฒน์ อุดมทรัพย์;โอนงานมาจากวันที่:28/09/2026"
246,"254715","เอมิกา","2026-09-29T14:49:00+07:00","โอนงานสิ้นวัน","ไม่สามารถเข้าส่งได้ น้ำท่วมสูงในพื้นที่","13301","จันทร์","B2C","สาขารามอินทรา","55/171 ทองสถิตย์วิลล่าท ซ.รามอินทรา 34 ซ.6 ถ.ลาดพร้าว แขวงจรเข้บัว เขตลาดพร้าว จ.กรุงเทพฯ 10230","13.84266,100.62691666666666",13.84266,100.62691666666666,"ลาดพร้าว","รอน้ำลด","","ยังส่งไม่ได้",true,"วุฒิชัย จีปน","26/09/2026","ผู้ทำรายการ:วุฒิชัย จีปน;โอนงานมาจากวันที่:26/09/2026"
247,"189050","วีรชัย","2026-09-29T11:01:00+07:00","เสริมน้ำ ตรงรอบ","ไม่สามารถเข้าส่งได้ น้ำท่วมสูงในพื้นที่","13401","อังคาร","B2C","สาขารามอินทรา","5/10 ถ.รามอินทรา 5 แยก 13  แขวงอนุสาวรีย์ เขตบางเขน จ.กรุงเทพฯ 10220","13.873275000000001,100.61676833333334",13.873275000000001,100.61676833333334,"บางเขน","รอน้ำลด","","ยังส่งไม่ได้",false,"","",""
248,"196850","สาธิต","2026-09-29T11:20:00+07:00","ปกติ","ไม่สามารถเข้าส่งได้ เกิดข้อผิดพลาด (เลื่อนวันที่ส่ง)","13401","อังคาร","B2C","สาขารามอินทรา","12 หมู่บ้านอนันต์สุขสันต์1 ซอยรามอิทรา5 แยก3-8 ถ.รามอินทรา แขวงอนุสาวรีย์ เขตบางเขน จ.กรุงเทพฯ 10220","13.873096666666667,100.60668166666667",13.873096666666667,100.60668166666667,"บางเขน","รอน้ำลด","","ยังส่งไม่ได้",false,"","",""
249,"223815","กุลนิษฐ์ บุษรานนท์","2026-09-29T11:20:00+07:00","ปกติ","ไม่สามารถเข้าส่งได้ น้ำท่วมสูงในพื้นที่","13401","อังคาร","B2C","สาขารามอินทรา","9 ซ.รามอินทรา 5 แยก 17 ถ.รามอินทรา แขวงอนุสาวรีย์ เขตบางเขน จ.กรุงเทพฯ 10220","13.874865,100.617065",13.874865,100.617065,"บางเขน","รอน้ำลด","","ยังส่งไม่ได้",false,"","",""
250,"224824","กองทอง","2026-09-29T08:35:00+07:00","เสริมน้ำ ตรงรอบ","ไม่สามารถเข้าส่งได้ น้ำท่วมสูงในพื้นที่","13401","อังคาร","B2C","สาขารามอินทรา","244/18 หมู่บ้าน เธียรสวน ซ.1 ถ.รามอินทรา ซ.5 แยก3 แขวงอนุสาวรีย์ เขตบางเขน จ.กรุงเทพฯ 10220","13.874390519998409,100.60828709044932",13.874390519998409,100.60828709044932,"บางเขน","รอน้ำลด","","ยังส่งไม่ได้",false,"","",""
251,"78892","เอฟ แอนด์ ดี อินเตอร์เทรด จำกัด","2026-09-29T11:21:00+07:00","ปกติ","ไม่สามารถเข้าส่งได้ น้ำท่วมสูงในพื้นที่","13401","อังคาร","B2B","สาขารามอินทรา","29 ซ.รามอินทรา 5 แยก 15  แขวงอนุสาวรีย์ เขตบางเขน กรุงเทพมหานคร 10220","13.874196666666668,100.61675166666667",13.874196666666668,100.61675166666667,"บางเขน","รอน้ำลด","","ยังส่งไม่ได้",false,"","",""
252,"296584","ดลพร ไวยโชติ","2026-09-29T11:00:00+07:00","ปกติ","ไม่สามารถเข้าส่งได้ น้ำท่วมสูงในพื้นที่","13401","อังคาร","B2C","สาขารามอินทรา","บ้านเลขที่ 66, ซ.รามอินทรา5 แยก2, ถ.รามอินทรา แขวงอนุสาวรีย์ เขตบางเขน จ.กรุงเทพฯ 10220","13.8702716,100.6138993",13.8702716,100.6138993,"บางเขน","รอน้ำลด","","ยังส่งไม่ได้",false,"","",""
253,"229112","นุชรีย์","2026-09-29T11:21:00+07:00","ปกติ","ไม่สามารถเข้าส่งได้ น้ำท่วมสูงในพื้นที่","13401","อังคาร","B2C","สาขารามอินทรา","92 ซ.รามอินทรา 5 แยก 3-10 ถ.รามอินทรา  แขวงอนุสาวรีย์ เขตบางเขน จ.กรุงเทพฯ 10220","13.869758333333333,100.61617833333334",13.869758333333333,100.61617833333334,"บางเขน","รอน้ำลด","","ยังส่งไม่ได้",false,"","",""
254,"27395","วลัยลักษณ์ เศขรฤทธิ์","2026-09-29T08:36:00+07:00","เสริมน้ำ ตรงรอบ","ไม่สามารถเข้าส่งได้ น้ำท่วมสูงในพื้นที่","13401","อังคาร","B2C","สาขารามอินทรา","244/298 หมู่บ้านเธียรสวน ซ.4 ซ.รามอินทรา 5 ถ.รามอินทรา แขวงอนุสาวรีย์ เขตบางเขน กรุงเทพฯ 10220","13.875498333333333,100.60759333333333",13.875498333333333,100.60759333333333,"บางเขน","รอน้ำลด","","ยังส่งไม่ได้",false,"","",""
255,"30423","วิสุทธิ์ พานิชกุล","2026-09-29T08:36:00+07:00","ปกติ","ไม่สามารถเข้าส่งได้ น้ำท่วมสูงในพื้นที่","13401","อังคาร","B2C","สาขารามอินทรา","244/30 หมู่บ้านเธียรสวน ซ.1 ถ.รามอินทรา 5 แขวงอนุสาวรีย์ เขตบางเขน กรุงเทพฯ 10220","13.874480000000002,100.60954833333332",13.874480000000002,100.60954833333332,"บางเขน","รอน้ำลด","","ยังส่งไม่ได้",false,"","",""
256,"34245/1","ยู พี เอส อาร์ โลจิสติกส์ แอนด์ เซอร์วิส จำกัด","2026-09-29T08:44:00+07:00","ปกติ","ไม่สามารถเข้าส่งได้ น้ำท่วมสูงในพื้นที่","13401","อังคาร","B2B","สาขารามอินทรา","56 ซ.รามอินทรา 5แยก 2  แขวงอนุสาวรีย์ เขตบางเขน กรุงเทพฯ 10220","13.8706737,100.6104644",13.8706737,100.6104644,"บางเขน","รอน้ำลด","","ยังส่งไม่ได้",false,"","",""
257,"35891","ศิริพร รังสีธรรมกุล","2026-09-29T08:36:00+07:00","ปกติ","ไม่สามารถเข้าส่งได้ น้ำท่วมสูงในพื้นที่","13401","อังคาร","B2C","สาขารามอินทรา","244/273 หมู่บ้านเธียรสวน ซ.3 ถ.รามอินทรา ซ.5 แยก3 แขวงอนุสาวรีย์ เขตบางเขน กรุงเทพฯ 10220","13.874866666666666,100.60506833333332",13.874866666666666,100.60506833333332,"บางเขน","รอน้ำลด","","ยังส่งไม่ได้",false,"","",""
258,"94992","ศิริเรียม สุดชูเกียรติ","2026-09-29T08:36:00+07:00","ปกติ","ไม่สามารถเข้าส่งได้ เกิดข้อผิดพลาด (เลื่อนวันที่ส่ง)","13401","อังคาร","B2C","สาขารามอินทรา","244/144 หมู่บ้านเธียรสวน ซ.2 ซ.รามอินทรา 5 ถ.รามอินทรา แขวงอนุสาวรีย์ เขตบางเขน กรุงเทพฯ 10220","13.874858333333334,100.60889333333334",13.874858333333334,100.60889333333334,"บางเขน","รอน้ำลด","","ยังส่งไม่ได้",false,"","",""
259,"46232","ไทยพับลิก้า จำกัด(สำนักงานใหญ่)","2026-09-29T11:22:00+07:00","ปกติ","ไม่สามารถเข้าส่งได้ น้ำท่วมสูงในพื้นที่","13401","อังคาร","B2B","สาขารามอินทรา","62 หมู่บ้านเธียรสวน ซ.1 ซ.รามอินทรา 5 แยก 3-14  แขวงอนุสาวรีย์ เขตบางเขน กรุงเทพฯ 10220","13.874118333333335,100.60600666666666",13.874118333333335,100.60600666666666,"บางเขน","รอน้ำลด","","ยังส่งไม่ได้",false,"","",""
260,"106971","ศรินทร์ คลังทอง","2026-09-29T11:22:00+07:00","ปกติ","ไม่สามารถเข้าส่งได้ น้ำท่วมสูงในพื้นที่","13401","อังคาร","B2C","สาขารามอินทรา","220 หมู่ 3 ซ.รามอินทรา 5 แยก 3 แขวงอนุสาวรีย์ เขตบางเขน กรุงเทพฯ 10220","13.873095000000001,100.60557666666666",13.873095000000001,100.60557666666666,"บางเขน","รอน้ำลด","","ยังส่งไม่ได้",false,"","",""
261,"112507","ศรายุธ คลังทอง","2026-09-29T11:23:00+07:00","ปกติ","ไม่สามารถเข้าส่งได้ น้ำท่วมสูงในพื้นที่","13401","อังคาร","B2C","สาขารามอินทรา","3 ซอยรามอินทรา 5 แยก3-8 ถ.รามอินทรา แขวงอนุสาวรีย์ เขตบางเขน จ.กรุงเทพฯ 10220","13.87313666666667,100.60595166666666",13.87313666666667,100.60595166666666,"บางเขน","รอน้ำลด","","ยังส่งไม่ได้",false,"","",""
262,"120341","บวรวิทย์ ฤกษ์เพชรไพศาล","2026-09-29T08:37:00+07:00","ปกติ","ไม่สามารถเข้าส่งได้ น้ำท่วมสูงในพื้นที่","13401","อังคาร","B2C","สาขารามอินทรา","244/207 หมู่บ้านเธียรสวน ซ.รามอินทรา5 แยก3 ถ.รามอินทรา แขวงอนุสาวรีย์ เขตบางเขน กรุงเทพฯ 10220","13.875135,100.60812833333333",13.875135,100.60812833333333,"บางเขน","รอน้ำลด","","ยังส่งไม่ได้",false,"","",""
263,"249819","แฟคทส์เบลนด์ จำกัด","2026-09-29T11:23:00+07:00","ปกติ","ไม่สามารถเข้าส่งได้ น้ำท่วมสูงในพื้นที่","13401","อังคาร","B2B","สาขารามอินทรา","ตึก Pentor Academy ซ.รามอินทรา 5 แยก 15 แขวงอนุสาวรีย์ เขตบางเขน จ.กรุงเทพฯ 10220","13.874585000000002,100.61576833333332",13.874585000000002,100.61576833333332,"บางเขน","รอน้ำลด","","ยังส่งไม่ได้",false,"","",""
264,"254920","เอกราช","2026-09-29T08:37:00+07:00","ปกติ","ไม่สามารถเข้าส่งได้ น้ำท่วมสูงในพื้นที่","13401","อังคาร","B2C","สาขารามอินทรา","244/199 หมู่ 3 หมู่บ้านเธียรสวน ซอย 3 ถ.รามอินทรา 5 แขวงอนุสาวรีย์ เขตบางเขน กรุงเทพฯ 10220","13.874975,100.60715333333334",13.874975,100.60715333333334,"บางเขน","รอน้ำลด","","ยังส่งไม่ได้",false,"","",""
265,"168091/1","นิศารัตน์","2026-09-29T08:37:00+07:00","ปกติ","ไม่สามารถเข้าส่งได้ น้ำท่วมสูงในพื้นที่","13401","อังคาร","B2C","สาขารามอินทรา","244/302 หมู่บ้าน.เธียนสวน ซ.รามอินทรา5 แยก3/20 ถ.รามอินทรา แขวงอนุสาวรีย์ เขตบางเขน จ.กรุงเทพฯ 10220","13.875499999999999,100.60853999999999",13.875499999999999,100.60853999999999,"บางเขน","รอน้ำลด","","ยังส่งไม่ได้",false,"","",""
266,"167255","เดชา","2026-09-29T08:38:00+07:00","ปกติ","ไม่สามารถเข้าส่งได้ น้ำท่วมสูงในพื้นที่","13401","อังคาร","B2C","สาขารามอินทรา","244/97 หมู่บ้านเธียรสวนนิเวศน์ ซ. 2 ซ.รามอินทรา 5 แยก 3 ถ.รามอินทรา แขวงอนุสาวรีย์ เขตบางเขน จ.กรุงเทพฯ 10220","13.874558333333335,100.60652666666668",13.874558333333335,100.60652666666668,"บางเขน","รอน้ำลด","","ยังส่งไม่ได้",false,"","",""
267,"262257","ปราณี","2026-09-29T08:38:00+07:00","ปกติ","ไม่สามารถเข้าส่งได้ น้ำท่วมสูงในพื้นที่","13401","อังคาร","B2C","สาขารามอินทรา","244/15 หมู่บ้านเธียรสวน รามอินทรา 5 แยก 3-14  แขวงอนุสาวรีย์ เขตบางเขน จ.กรุงเทพฯ 10220","13.874338333333332,100.60793",13.874338333333332,100.60793,"บางเขน","รอน้ำลด","","ยังส่งไม่ได้",false,"","",""
268,"262629","โรจนะ","2026-09-29T08:38:00+07:00","ปกติ","ไม่สามารถเข้าส่งได้ เกิดข้อผิดพลาด (เลื่อนวันที่ส่ง)","13401","อังคาร","B2C","สาขารามอินทรา","244/19 หมู่บ้านเธียรสวน ซ.1 ถ.รามอินทรา แยก3-14 ถ.รามทินทรา ซ.5 แขวงอนุสาวรีย์ เขตบางเขน จ.กรุงเทพฯ 10220","13.874363333333333,100.60815833333332",13.874363333333333,100.60815833333332,"บางเขน","รอน้ำลด","","ยังส่งไม่ได้",false,"","",""
269,"191666","ไวด์เน็ต ดี อินฟินิตี้ จำกัด","2026-09-29T07:38:00+07:00","ปกติ","ไม่สามารถเข้าส่งได้ น้ำท่วมสูงในพื้นที่","13402","อังคาร","B2B","สาขารามอินทรา","77/727 หมู่บ้าน ภัสสร 19 (วัชรพล-วงแหวน) ถ.จตุโชติ  แขวงออเงิน เขตสายไหม จ.กรุงเทพฯ 10220","13.90991814,100.68491168",13.90991814,100.68491168,"สายไหม","รอน้ำลด","","ยังส่งไม่ได้",false,"","",""
270,"204454","สุธาทิพย์","2026-09-29T10:45:00+07:00","ปกติ","ไม่สามารถเข้าส่งได้ น้ำท่วมสูงในพื้นที่","13402","อังคาร","B2C","สาขารามอินทรา","59 ซ.จตุโชติ10  แขวงออเงิน เขตสายไหม จ.กรุงเทพฯ 10120","13.891916666666669,100.67133166666666",13.891916666666669,100.67133166666666,"สายไหม","รอน้ำลด","","ยังส่งไม่ได้",false,"","",""
271,"207865","มณเฑียร","2026-09-29T07:38:00+07:00","ปกติ","ไม่สามารถเข้าส่งได้ น้ำท่วมสูงในพื้นที่","13402","อังคาร","B2C","สาขารามอินทรา","77/633 หมู่บ้านภัสสร 19 ถ.จตุโชติ  แขวงออเงิน เขตสายไหม จ.กรุงเทพฯ 10220","13.90780821,100.68586253",13.90780821,100.68586253,"สายไหม","รอน้ำลด","","ยังส่งไม่ได้",false,"","",""
272,"209386","สุธิดา","2026-09-29T07:39:00+07:00","ปกติ","ไม่สามารถเข้าส่งได้ น้ำท่วมสูงในพื้นที่","13402","อังคาร","B2C","สาขารามอินทรา","77/74 หมู่บ้านภัสสร ซ.10 ถ.จตุโชติ แขวงออเงิน เขตสายไหม จ.กรุงเทพฯ 10220","13.90067671,100.68296224",13.90067671,100.68296224,"สายไหม","รอน้ำลด","","ยังส่งไม่ได้",false,"","",""
273,"09770","รินใจ ชาครพิพัฒน์","2026-09-29T07:39:00+07:00","ปกติ","ไม่สามารถเข้าส่งได้ น้ำท่วมสูงในพื้นที่","13402","อังคาร","B2C","สาขารามอินทรา","77/682 หมู่บ้านภัสสร 19 ซ.64 ถ.จตุโชติ  แขวงออเงิน เขตสายไหม จ.กรุงเทพฯ 10220","13.908481666666667,100.685425",13.908481666666667,100.685425,"สายไหม","รอน้ำลด","","ยังส่งไม่ได้",false,"","",""
274,"217822","จันทร์เพ็ญ ชื่นรุ่ง","2026-09-29T10:49:00+07:00","เสริมน้ำ ตรงรอบ","ไม่สามารถเข้าส่งได้ น้ำท่วมสูงในพื้นที่","13402","อังคาร","B2C","สาขารามอินทรา","21/6  ซ.จตุโชติ 10 ถ.จตุโชติ แขวงออเงิน เขตสายไหม จ.กรุงเทพฯ 10220","13.890746666666667,100.669105",13.890746666666667,100.669105,"สายไหม","รอน้ำลด","","ยังส่งไม่ได้",false,"","",""
275,"218861","พงษ์ศักดิ์","2026-09-29T07:39:00+07:00","ปกติ","ไม่สามารถเข้าส่งได้ น้ำท่วมสูงในพื้นที่","13402","อังคาร","B2C","สาขารามอินทรา","77/399 หมู่บ้าน ภัสสร19 ซ.26 ถ.จตุโชติ   แขวงออเงิน เขตสายไหม จ.กรุงเทพฯ 10220","13.904506666666668,100.68627999999998",13.904506666666668,100.68627999999998,"สายไหม","รอน้ำลด","","ยังส่งไม่ได้",false,"","",""
276,"224106","ส่องหล้า สุพรรณพิมพ์","2026-09-29T07:39:00+07:00","ปกติ","ไม่สามารถเข้าส่งได้ น้ำท่วมสูงในพื้นที่","13402","อังคาร","B2C","สาขารามอินทรา","77/306 หมู่บ้าน ภัสสร19 ถ.จตุโชติ ซ. 51 แขวงออเงิน เขตสายไหม จ.กรุงเทพฯ 10220","13.90189,100.68765166666665",13.90189,100.68765166666665,"สายไหม","รอน้ำลด","","ยังส่งไม่ได้",false,"","",""
277,"78126","เกียรติชุมพล สุทธิศิริกุล","2026-09-29T07:40:00+07:00","ปกติ","ไม่สามารถเข้าส่งได้ น้ำท่วมสูงในพื้นที่","13402","อังคาร","B2C","สาขารามอินทรา","77/368 หมู่บ้านภัสสร ถ.จตุโชติ ซอย 19 แขวงออเงิน เขตสายไหม กรุงเทพฯ 10220","13.90376902,100.68642903",13.90376902,100.68642903,"สายไหม","รอน้ำลด","","ยังส่งไม่ได้",false,"","",""
278,"78910","อุทัยรัตน์ เปอ็อง","2026-09-29T07:40:00+07:00","ปกติ","ไม่สามารถเข้าส่งได้ เกิดข้อผิดพลาด (เลื่อนวันที่ส่ง)","13402","อังคาร","B2C","สาขารามอินทรา","77/101 หมู่บ้านภัสสร 19 ซ.13 ถ.จตุโชติ แขวงออเงิน เขตสายไหม กรุงเทพฯ 10220","13.901438333333333,100.68278166666666",13.901438333333333,100.68278166666666,"สายไหม","รอน้ำลด","","ยังส่งไม่ได้",false,"","",""
279,"230653","เปรมประภา","2026-09-29T07:40:00+07:00","ปกติ","ไม่สามารถเข้าส่งได้ น้ำท่วมสูงในพื้นที่","13402","อังคาร","B2C","สาขารามอินทรา","77/159 หมู่บ้านภัสสร วัชรพล จตุโชติ 19 ถ.จตุโชติ แขวงออเงิน เขตสายไหม จ.กรุงเทพฯ 10220","13.90353,100.68340500000001",13.90353,100.68340500000001,"สายไหม","รอน้ำลด","","ยังส่งไม่ได้",false,"","",""
280,"233393","นันทพร","2026-09-29T07:40:00+07:00","ปกติ","ไม่สามารถเข้าส่งได้ น้ำท่วมสูงในพื้นที่","13402","อังคาร","B2C","สาขารามอินทรา","77/394 หมู่บ้าน ภัสสร 19 ถ.จตุโชติ แขวงออเงิน เขตสายไหม จ.กรุงเทพฯ 10220","13.904108333333333,100.68605000000001",13.904108333333333,100.68605000000001,"สายไหม","รอน้ำลด","","ยังส่งไม่ได้",false,"","",""
281,"85923","กัญญ์ปภัส โภชชงค์","2026-09-29T07:40:00+07:00","ปกติ","ไม่สามารถเข้าส่งได้ น้ำท่วมสูงในพื้นที่","13402","อังคาร","B2C","สาขารามอินทรา","77/267 หมู่บ้านภัสสร ถ.จตุโชติ ซ.34 แขวงออเงิน เขตสายไหม กรุงเทพฯ 10220","13.90331046,100.68725247",13.90331046,100.68725247,"สายไหม","รอน้ำลด","","ยังส่งไม่ได้",false,"","",""
282,"242585","อนันต์","2026-09-29T07:41:00+07:00","ปกติ","ไม่สามารถเข้าส่งได้ น้ำท่วมสูงในพื้นที่","13402","อังคาร","B2C","สาขารามอินทรา","77/726 หมู่บ้านภัสสร ถ.จตุโชติ แขวงออเงิน เขตสายไหม จ.กรุงเทพฯ 10220","13.90983,100.68526500000002",13.90983,100.68526500000002,"สายไหม","รอน้ำลด","","ยังส่งไม่ได้",false,"","",""
283,"104576","ชิชากรณ์ แดงประเสริฐกุล","2026-09-29T07:41:00+07:00","ปกติ","ไม่สามารถเข้าส่งได้ น้ำท่วมสูงในพื้นที่","13402","อังคาร","B2C","สาขารามอินทรา","77/440 หมู่บ้านภัสสร 19 ถ.จตุโชติ แขวงออเงิน เขตสายไหม กรุงเทพฯ 10220","13.90457927,100.68491961",13.90457927,100.68491961,"สายไหม","รอน้ำลด","","ยังส่งไม่ได้",false,"","",""
284,"111759","ทิพย์จันทร์ บุญวิลัย","2026-09-29T09:28:00+07:00","ปกติ","ไม่สามารถเข้าส่งได้ น้ำท่วมสูงในพื้นที่","13402","อังคาร","B2C","สาขารามอินทรา","50/89 เคหะวัชระพล 3 ซอย 1/5 ซ.จตุโชติ 20 ถ.สุขาภิบาล 5 แขวงออเงิน เขตสายไหม กรุงเทพฯ 10220","13.89051578,100.68373624",13.89051578,100.68373624,"สายไหม","รอน้ำลด","","ยังส่งไม่ได้",false,"","",""
285,"244877","รุจิภา","2026-09-29T07:38:00+07:00","ปกติ","ไม่สามารถเข้าส่งได้ น้ำท่วมสูงในพื้นที่","13402","อังคาร","B2C","สาขารามอินทรา","77/53 หมู่บ้านภัสสร19 (วัชรพล-วงแหวน) ซ.7 ถ.จตุโชติ  แขวงออเงิน เขตสายไหม จ.กรุงเทพฯ 10220","13.900609999999999,100.68209",13.900609999999999,100.68209,"สายไหม","รอน้ำลด","","ยังส่งไม่ได้",false,"","",""
286,"149725","เซเว่นซี เอ็กซ์เพลส จำกัด (สาขาอโศก)","2026-09-29T07:41:00+07:00","ปกติ","ไม่สามารถเข้าส่งได้ น้ำท่วมสูงในพื้นที่","13402","อังคาร","B2B","สาขารามอินทรา","77/397 โครงการภัสสร 19 (วัชรพล - จตุโชค) ถ.จตุโชติ แขวงออเงิน เขตสายไหม จ.กรุงเทพฯ 10220","13.904465,100.68587166666666",13.904465,100.68587166666666,"สายไหม","รอน้ำลด","","ยังส่งไม่ได้",false,"","",""
287,"152651","ดีดี แกรนด์ เทรดดิ้ง จำกัด","2026-09-29T07:41:00+07:00","ปกติ","ไม่สามารถเข้าส่งได้ น้ำท่วมสูงในพื้นที่","13402","อังคาร","B2B","สาขารามอินทรา","77/592 หมู่บ้าน ภัสสร 19 เฟส2 ซ.จตุโชติ ถ.สุขาภิบาล 5 แขวงออเงิน เขตสายไหม จ.กรุงเทพฯ 10220","13.90701589,100.68497228",13.90701589,100.68497228,"สายไหม","รอน้ำลด","","ยังส่งไม่ได้",false,"","",""
288,"57911","แอคท์ไนน์ ออดิท แอนด์ แอคเคาท์ติ้ง จำกัด","2026-09-29T07:42:00+07:00","ปกติ","ไม่สามารถเข้าส่งได้ เกิดข้อผิดพลาด (เลื่อนวันที่ส่ง)","13402","อังคาร","B2B","สาขารามอินทรา","!77/363 หมู่บ้านภัสสร (ซ.32) ซ.จตุโชติ ถ.สุขาภิบาล 5 แขวงออเงิน เขตสายไหม กรุงเทพฯ 10220","13.90376972,100.68682372",13.90376972,100.68682372,"สายไหม","รอน้ำลด","","ยังส่งไม่ได้",false,"","",""
289,"59950","บุษกร เกียรติเรืองศักดิ์","2026-09-29T09:55:00+07:00","ปกติ","ไม่สามารถเข้าส่งได้ น้ำท่วมสูงในพื้นที่","13402","อังคาร","B2C","สาขารามอินทรา","77/281 หมู่บ้านภัสสร 19 ซอย 38 ถ.จตุโชติ แขวงออเงิน เขตสายไหม กรุงเทพฯ 10220","13.90258375,100.68699629",13.90258375,100.68699629,"สายไหม","รอน้ำลด","","ยังส่งไม่ได้",false,"","",""
290,"251882","นิว บิลด์คอนสตรัคชั่น จำกัด","2026-09-29T09:56:00+07:00","ตามน้ำ","ไม่สามารถเข้าส่งได้ น้ำท่วมสูงในพื้นที่","13402","อังคาร","B2B","สาขารามอินทรา","77/559 หมู่บ้าน ภัสสร ถ.จตุโชติ  แขวงออเงิน เขตสายไหม จ.กรุงเทพฯ 10220","13.906178333333333,100.68417833333334",13.906178333333333,100.68417833333334,"สายไหม","รอน้ำลด","","ยังส่งไม่ได้",false,"","",""
291,"64702","ภูริดา สมตระกูล","2026-09-29T09:28:00+07:00","ปกติ","ไม่สามารถเข้าส่งได้ น้ำท่วมสูงในพื้นที่","13402","อังคาร","B2C","สาขารามอินทรา","50/155 เคหะวัชระพล 3 ซอย 1/5 ซ.จตุโชติ 20 ถ.สุขาภิบาล 5 แขวงออเงิน เขตสายไหม กรุงเทพฯ 10220","13.89051245,100.68363076",13.89051245,100.68363076,"สายไหม","รอน้ำลด","","ยังส่งไม่ได้",false,"","",""
292,"259784","อรอุมา","2026-09-29T07:42:00+07:00","ปกติ","ไม่สามารถเข้าส่งได้ น้ำท่วมสูงในพื้นที่","13402","อังคาร","B2C","สาขารามอินทรา","77/367 ภัสสร 19 ซ.จตุโชติ แขวงออเงิน เขตสายไหม จ.กรุงเทพฯ 10220","13.903770000000002,100.68635166666667",13.903770000000002,100.68635166666667,"สายไหม","รอน้ำลด","","ยังส่งไม่ได้",false,"","",""
293,"261199","ธนธร","2026-09-29T07:42:00+07:00","ปกติ","ไม่สามารถเข้าส่งได้ น้ำท่วมสูงในพื้นที่","13402","อังคาร","B2C","สาขารามอินทรา","77/260 หมู่บ้านภัสสร19 ถ.จตุโชติ แขวงออเงิน เขตสายไหม จ.กรุงเทพฯ 10220","13.903313333333331,100.68721166666667",13.903313333333331,100.68721166666667,"สายไหม","รอน้ำลด","","ยังส่งไม่ได้",false,"","",""
294,"74590","ชรินทร รัตนารมย์","2026-09-29T07:38:00+07:00","ปกติ","ไม่สามารถเข้าส่งได้ น้ำท่วมสูงในพื้นที่","13402","อังคาร","B2C","สาขารามอินทรา","77/35 ม.ภัสสร19 (วัชรพล-วงแหวน) ซ.จตุโชติ แขวงออเงิน เขตสายไหม กรุงเทพฯ 10220","13.90027707,100.68181733",13.90027707,100.68181733,"สายไหม","รอน้ำลด","","ยังส่งไม่ได้",false,"","",""
295,"268695","มาริษา","2026-09-29T07:42:00+07:00","ปกติ","ไม่สามารถเข้าส่งได้ น้ำท่วมสูงในพื้นที่","13402","อังคาร","B2C","สาขารามอินทรา","77/631-632 หมู่บ้านภัสสร 19 ซ.60 ถ.จตุโชติ  แขวงออเงิน เขตสายไหม จ.กรุงเทพฯ 10220","13.907845000000002,100.68597333333334",13.907845000000002,100.68597333333334,"สายไหม","รอน้ำลด","","ยังส่งไม่ได้",false,"","",""
296,"296772","ภัทรวรรธน์ ศรีบูรณยานนท์","2026-09-29T09:56:00+07:00","เสริมน้ำ ตรงรอบ","ไม่สามารถเข้าส่งได้ น้ำท่วมสูงในพื้นที่","13402","อังคาร","B2C","สาขารามอินทรา","77/230 ภัสสร ซ.24 ถ.จตุโชติ แขวงออเงิน เขตสายไหม จ.กรุงเทพฯ 10220","13.904276666666666,100.68449666666666",13.904276666666666,100.68449666666666,"สายไหม","รอน้ำลด","","ยังส่งไม่ได้",false,"","",""
297,"238834","ชมพู่","2026-09-29T07:43:00+07:00","ปกติ","ไม่สามารถเข้าส่งได้ น้ำท่วมสูงในพื้นที่","13402","อังคาร","B2C","สาขารามอินทรา","77/141 หมู่บ้านภัสสร19 ช.23 ถ.จตุโชติ แขวงออเงิน เขตสายไหม จ.กรุงเทพฯ 10220","13.903221666666665,100.683235",13.903221666666665,100.683235,"สายไหม","รอน้ำลด","","ยังส่งไม่ได้",false,"","",""
298,"76686","มัลลิกา ชาญณรงค์","2026-09-29T07:43:00+07:00","ปกติ","ไม่สามารถเข้าส่งได้ เกิดข้อผิดพลาด (เลื่อนวันที่ส่ง)","13402","อังคาร","B2C","สาขารามอินทรา","77/250 หมู่บ้านภัสสร 19 ซ.จตุโชติ แขวงออเงิน เขตสายไหม กรุงเทพฯ 10220","13.903753333333334,100.68636999999998",13.903753333333334,100.68636999999998,"สายไหม","รอน้ำลด","","ยังส่งไม่ได้",false,"","",""
299,"207925","พรทิพย์","2026-09-29T09:56:00+07:00","เสริมน้ำ นอกรอบ","ไม่สามารถเข้าส่งได้ น้ำท่วมสูงในพื้นที่","13402","อังคาร","B2C","สาขารามอินทรา","77/62 หมู่บ้านภัสสร 19 ถ.จตุโชติ แขวงออเงิน เขตสายไหม กรุงเทพฯ 10220","13.9008325,100.68246687",13.9008325,100.68246687,"สายไหม","รอน้ำลด","","ยังส่งไม่ได้",false,"","",""
300,"246794","พินิจ","2026-09-29T10:12:00+07:00","ปกติ","ไม่สามารถเข้าส่งได้ น้ำท่วมสูงในพื้นที่","13404","อังคาร","B2C","สาขารามอินทรา","85 ซ.รามอินทรา 65 แยก 2-2 แขวงท่าแร้ง เขตบางเขน กรุงเทพฯ 10230","13.851191666666667,100.65801166666667",13.851191666666667,100.65801166666667,"บางเขน","รอน้ำลด","","ยังส่งไม่ได้",false,"","",""
301,"101225","ธีรพิพัฒน์ จินดา","2026-09-29T16:58:00+07:00","โอนงานสิ้นวัน","ไม่สามารถเข้าส่งได้ น้ำท่วมสูงในพื้นที่","13L11","เสาร์","B2C","สาขารามอินทรา","19/144 หมู่บ้านมาสเตอร์พีชเลียบทางด่วน-รามอินทรา ถ.สุคนสวัสดิ์ 29 แขวงลาดพร้าว เขตลาดพร้าว กรุงเทพฯ 10230","13.839875,100.62768",13.839875,100.62768,"ลาดพร้าว","รอน้ำลด","","ยังส่งไม่ได้",true,"วุฒิชัย จีปน","26/09/2026","ผู้ทำรายการ:วุฒิชัย จีปน;โอนงานมาจากวันที่:26/09/2026"
302,"51128/1","โอเรียนท์ แอนด์ เอท แฮปพิเนซ ซิกาแรท (ประเทศไทย) จำกัด","2026-09-29T17:02:00+07:00","โอนงานสิ้นวัน","ไม่สามารถเข้าส่งได้ น้ำท่วมสูงในพื้นที่","13L11","เสาร์","B2B","สาขารามอินทรา","19/206 โครงการมาสเตอร์พีช ซ.19 ถ.เลียบทางด่วนเอกมัย- รามอินทรา เขตลาดพร้าว แขวงลาดพร้าว กรุงเทพฯ 10230","13.839468333333333,100.62606499999998",13.839468333333333,100.62606499999998,"ลาดพร้าว","รอน้ำลด","","ยังส่งไม่ได้",true,"จิรวัฒน์ สัยนิถี","28/09/2026","ผู้ทำรายการ:จิรวัฒน์ สัยนิถี;โอนงานมาจากวันที่:28/09/2026"
303,"216145","พิมพ์พิศา","2026-09-29T16:39:00+07:00","โอนงานสิ้นวัน","ไม่สามารถเข้าส่งได้ น้ำท่วมสูงในพื้นที่","13L11","เสาร์","B2C","สาขารามอินทรา"," 508/135 หมู่บ้าน คาซ่าซิตี้ 1 ถ.สุคนธสวัสดิ์  แขวงลาดพร้าว เขตลาดพร้าว จ.กรุงเทพฯ 10230","13.8329119,100.6279212",13.8329119,100.6279212,"ลาดพร้าว","รอน้ำลด","","ยังส่งไม่ได้",true,"สถาพร นนท์เข็มพรหม","26/09/2026","ผู้ทำรายการ:สถาพร นนท์เข็มพรหม;โอนงานมาจากวันที่:26/09/2026"
304,"252896","เมธี เกรียงปริญญกิจ","2026-09-29T16:47:00+07:00","โอนงานสิ้นวัน","ไม่สามารถเข้าส่งได้ น้ำท่วมสูงในพื้นที่","13L11","เสาร์","B2C","สาขารามอินทรา","508/97 คาซ่าซิตี้ สุคนธสวัสดิ์ 1 ถ.สุคนธสวัสดิ์ แขวงลาดพร้าว เขตลาดพร้าว จ.กรุงเทพฯ 10230","13.832848333333335,100.62881999999999",13.832848333333335,100.62881999999999,"ลาดพร้าว","รอน้ำลด","","ยังส่งไม่ได้",true,"ฤทธิศักดิ์ สระเงินสิงห์","28/09/2026","ผู้ทำรายการ:ฤทธิศักดิ์ สระเงินสิงห์;โอนงานมาจากวันที่:28/09/2026"
305,"195760","พิริยะ","2026-09-29T18:39:00+07:00","เสริมน้ำทั้งคัน","ไม่สามารถเข้าส่งได้ น้ำท่วมสูงในพื้นที่","13L11","อังคาร","B2C","สาขารามอินทรา","4/2 ซ.คู้บอน31 แยก7  แขวงคันนายาว เขตคันนายาว จ.กรุงเทพฯ 10230","13.855285,100.66619166666666",13.855285,100.66619166666666,"คันนายาว","รอน้ำลด","","ยังส่งไม่ได้",false,"","",""
306,"198860","คิทแมน เซอร์วิส จำกัด","2026-09-29T18:38:00+07:00","เสริมน้ำทั้งคัน","ไม่สามารถเข้าส่งได้ น้ำท่วมสูงในพื้นที่","13L11","อังคาร","B2B","สาขารามอินทรา"," 21 ซ.คู้บอน 31 แยก 3 ถ.คู้บอน  แขวงคันนายาว เขตคันนายาว กรุงเทพฯ 10230","13.854453333333334,100.66596666666668",13.854453333333334,100.66596666666668,"คันนายาว","รอน้ำลด","","ยังส่งไม่ได้",false,"","",""
307,"62480/89","เสนาเอชเอชพี  จำกัด","2026-09-29T13:13:00+07:00","ปกติ","ไม่สามารถเข้าส่งได้ น้ำท่วมสูงในพื้นที่","13L16","อังคาร","B2B","สาขารามอินทรา","ฝ่ายก่อสร้าง KUBON โคซี่ รามอินทรา-คู้บอน 16 ซ.คู้บอน 25-27  แขวงคันนายาว เขตคันนายาว จ.กรุงเทพฯ 10230","13.846911666666665,100.66628333333334",13.846911666666665,100.66628333333334,"คันนายาว","รอน้ำลด","","ยังส่งไม่ได้",false,"","",""
308,"246300","เกิดวิบูรณ์ จำกัด","2026-09-29T19:39:00+07:00","ปกติ","ไม่สามารถเข้าส่งได้ เกิดข้อผิดพลาด (เลื่อนวันที่ส่ง)","13L16","อังคาร","B2B","สาขารามอินทรา","51/1 ซอย คู้บอน 25 แยก 10 ถนนรามอินทรา แขวงท่าแร้ง เขตบางเขน จ.กรุงเทพฯ 10220","13.853908333333333,100.65943666666665",13.853908333333333,100.65943666666665,"บางเขน","รอน้ำลด","","ยังส่งไม่ได้",false,"","",""
309,"270674","ชณิชา","2026-09-29T11:22:00+07:00","โอนงานสิ้นวัน","ไม่สามารถเข้าส่งได้ น้ำท่วมสูงในพื้นที่","13L16","เสาร์","B2C","สาขารามอินทรา","33/151 หมู่บ้านนันทิศา ซ.คู้บอน30 แขวงบางชัน เขตคลองสามวา จ.กรุงเทพฯ 10510","13.853245,100.68169333333331",13.853245,100.68169333333331,"คลองสามวา","รอน้ำลด","","ยังส่งไม่ได้",true,"ฤทธิศักดิ์ สระเงินสิงห์","28/09/2026","ผู้ทำรายการ:ฤทธิศักดิ์ สระเงินสิงห์;โอนงานมาจากวันที่:28/09/2026"
310,"31299","โพยมรัตน์  จุลละพราหมณ์","2026-09-29T15:04:00+07:00","เสริมน้ำ ตรงรอบ","ไม่สามารถเข้าส่งได้ น้ำท่วมสูงในพื้นที่","13S01","เสาร์","B2C","สาขารามอินทรา","60/547 หมู่บ้านกฤษดานคร 25 ซ.1/8 ถ.ประชาร่วมใจ 31 แขวงทรายกองดินใต้ เขตคลองสามวา กรุงเทพฯ 10510","13.84352856078586,100.75340953679026",13.84352856078586,100.75340953679026,"คลองสามวา","รอน้ำลด","","ยังส่งไม่ได้",false,"","",""
311,"220588","อัปษร","2026-09-29T13:56:00+07:00","โอนงานสิ้นวัน","ไม่สามารถเข้าส่งได้ น้ำท่วมสูงในพื้นที่","13S01","เสาร์","B2C","สาขารามอินทรา","109 ซ.ประชาร่วมใจ 9  แขวงทรายกองดินใต้ เขตคลองสามวา จ.กรุงเทพ 10510 ","13.828766666666668,100.75017000000001",13.828766666666668,100.75017000000001,"คลองสามวา","รอน้ำลด","","ยังส่งไม่ได้",true,"วุฒิชัย จีปน","26/09/2026","ผู้ทำรายการ:วุฒิชัย จีปน;โอนงานมาจากวันที่:26/09/2026"
312,"289822","พี.เอ็ม.เค. คอนสตรัคชั่น จำกัด","2026-09-29T15:04:00+07:00","โอนงานสิ้นวัน","ไม่สามารถเข้าส่งได้ น้ำท่วมสูงในพื้นที่","13S01","เสาร์","B2B","สาขารามอินทรา","60/143 ซ.ประชาร่วมใจ 31 (หมู่บ้านกฤษดานคร25 ซ.1/9) แขวงทรายกองดินใต้ เขตคลองสามวา จ.กรุงเทพฯ 10510","13.840671666666667,100.75744333333333",13.840671666666667,100.75744333333333,"คลองสามวา","รอน้ำลด","","ยังส่งไม่ได้",true,"จิรวัฒน์ สัยนิถี","28/09/2026","ผู้ทำรายการ:จิรวัฒน์ สัยนิถี;โอนงานมาจากวันที่:28/09/2026"
313,"227222","ศศิมา","2026-09-29T15:04:00+07:00","โอนงานสิ้นวัน","ไม่สามารถเข้าส่งได้ น้ำท่วมสูงในพื้นที่","13S01","เสาร์","B2C","สาขารามอินทรา","60/376 หมู่บ้านกฤษดานคร (ในสนามกอล์ฟ) ถ.ประชาร่วมใจ  แขวงทรายกองดิน เขตคลองสามวา จ.กรุงเทพฯ 10510","13.852426666666668,100.75911833333333",13.852426666666668,100.75911833333333,"คลองสามวา","รอน้ำลด","","ยังส่งไม่ได้",true,"สถาพร นนท์เข็มพรหม","26/09/2026","ผู้ทำรายการ:สถาพร นนท์เข็มพรหม;โอนงานมาจากวันที่:26/09/2026"
314,"96038","วีรพงษ์ วงษ์จันทร์นา","2026-09-29T15:07:00+07:00","โอนงานสิ้นวัน","ไม่สามารถเข้าส่งได้ น้ำท่วมสูงในพื้นที่","13S01","เสาร์","B2C","สาขารามอินทรา","63/38 หมู่บ้านกฤษดานคร 25 (ซ.4) ซ.ประชาร่วมใจ 31 แขวงทรายกองดินใต้ เขตคลองสามวา กรุงเทพฯ 10510","13.846435000000001,100.752255",13.846435000000001,100.752255,"คลองสามวา","รอน้ำลด","","ยังส่งไม่ได้",true,"ฤทธิศักดิ์ สระเงินสิงห์","28/09/2026","ผู้ทำรายการ:ฤทธิศักดิ์ สระเงินสิงห์;โอนงานมาจากวันที่:28/09/2026"
315,"99878","กาญจนา เอี้ยงฮง","2026-09-29T15:05:00+07:00","โอนงานสิ้นวัน","ไม่สามารถเข้าส่งได้ น้ำท่วมสูงในพื้นที่","13S01","เสาร์","B2C","สาขารามอินทรา","60/601 หมู่บ้านกฤษดานคร 25 ถ.ประชาร่วมใจ 31 ซ.1/4 แขวงทรายกองดินใต้ เขตคลองสามวา กรุงเทพฯ 10510","13.83946,100.75436999999998",13.83946,100.75436999999998,"คลองสามวา","รอน้ำลด","","ยังส่งไม่ได้",true,"วีรวัฒน์ อุดมทรัพย์","28/09/2026","ผู้ทำรายการ:วีรวัฒน์ อุดมทรัพย์;โอนงานมาจากวันที่:28/09/2026"
316,"46748","WORRANITTHA KANOKVICHIT","2026-09-29T15:05:00+07:00","โอนงานสิ้นวัน","ไม่สามารถเข้าส่งได้ น้ำท่วมสูงในพื้นที่","13S01","เสาร์","B2C","สาขารามอินทรา","60/79 MOOBAAN KRISSADANAKORN 25, SOI 1/5, PRACHARUAMJAI 31RD, SAIKONGDINTAI, KLONGSAMWA, BKK 10510","13.839206666666666,100.76017333333333",13.839206666666666,100.76017333333333,"","รอน้ำลด","","ยังส่งไม่ได้",true,"วุฒิชัย จีปน","26/09/2026","ผู้ทำรายการ:วุฒิชัย จีปน;โอนงานมาจากวันที่:26/09/2026"
317,"01210/3","วรพรรณ์ ชิวะสุจินต์","2026-09-29T15:05:00+07:00","โอนงานสิ้นวัน","ไม่สามารถเข้าส่งได้ น้ำท่วมสูงในพื้นที่","13S01","เสาร์","B2C","สาขารามอินทรา","60/294 หมู่บ้านกฤษดานคร ซ.ประชาร่วมใจ 31 ถ.ประชาร่วมใจ แขวงทรายกองดินใต้ เขตคลองสามวา กรุงเทพฯ 10510","13.846293333333332,100.76308833333333",13.846293333333332,100.76308833333333,"คลองสามวา","รอน้ำลด","","ยังส่งไม่ได้",true,"จิรวัฒน์ สัยนิถี","28/09/2026","ผู้ทำรายการ:จิรวัฒน์ สัยนิถี;โอนงานมาจากวันที่:28/09/2026"
318,"120210","วัฒนา บุญจวง","2026-09-29T14:39:00+07:00","โอนงานสิ้นวัน","ไม่สามารถเข้าส่งได้ เกิดข้อผิดพลาด (เลื่อนวันที่ส่ง)","13S01","เสาร์","B2C","สาขารามอินทรา","45/35 หมู่บ้านวนาทิพย์ 2 ซ.ประชาร่วมใจ 19 ถ.ประชาร่วมใจ แขวงทรายกองดินใต้ เขตคลองสามวา กรุงเทพฯ 10510","13.8311869,100.75816014",13.8311869,100.75816014,"คลองสามวา","รอน้ำลด","","ยังส่งไม่ได้",true,"สถาพร นนท์เข็มพรหม","26/09/2026","ผู้ทำรายการ:สถาพร นนท์เข็มพรหม;โอนงานมาจากวันที่:26/09/2026"
319,"253776","ศรันย์","2026-09-29T15:07:00+07:00","โอนงานสิ้นวัน","ไม่สามารถเข้าส่งได้ น้ำท่วมสูงในพื้นที่","13S01","เสาร์","B2C","สาขารามอินทรา","61/5 กฤษดานคร 25 ซ.3/13 ถ.ระชาร่วมใจ แขวงทรายกองดินใต้ เขตคลองสามวา จ.กรุงเทพฯ 10510","13.854275,100.76095666666667",13.854275,100.76095666666667,"คลองสามวา","รอน้ำลด","","ยังส่งไม่ได้",true,"ฤทธิศักดิ์ สระเงินสิงห์","28/09/2026","ผู้ทำรายการ:ฤทธิศักดิ์ สระเงินสิงห์;โอนงานมาจากวันที่:28/09/2026"
320,"258420","สุพรทิพย์","2026-09-29T15:08:00+07:00","โอนงานสิ้นวัน","ไม่สามารถเข้าส่งได้ น้ำท่วมสูงในพื้นที่","13S01","เสาร์","B2C","สาขารามอินทรา","61/10 หมู่บ้านกฤษดานคร (ซ.3/11) ซ.ประชาร่วมใจ 31 ถ.ประชาร่วมใจ แขวงทรายกองดินใต้ เขตคลองสามวา จ.กรุงเทพฯ 10510","13.855516,100.7606007",13.855516,100.7606007,"คลองสามวา","รอน้ำลด","","ยังส่งไม่ได้",true,"วีรวัฒน์ อุดมทรัพย์","28/09/2026","ผู้ทำรายการ:วีรวัฒน์ อุดมทรัพย์;โอนงานมาจากวันที่:28/09/2026"
321,"68361","สรศักดิ์ อารยะวงษ์วิเศษ","2026-09-29T15:07:00+07:00","โอนงานสิ้นวัน","ไม่สามารถเข้าส่งได้ น้ำท่วมสูงในพื้นที่","13S01","เสาร์","B2C","สาขารามอินทรา","63/33 หมู่บ้านกฤดษานคร 25 ถ.ประชาร่วมใจ แขวงทรายกองดินใต้ เขตคลองสามวา กรุงเทพฯ 10510","13.845976666666665,100.75277166666667",13.845976666666665,100.75277166666667,"คลองสามวา","รอน้ำลด","","ยังส่งไม่ได้",true,"วุฒิชัย จีปน","26/09/2026","ผู้ทำรายการ:วุฒิชัย จีปน;โอนงานมาจากวันที่:26/09/2026"
322,"169917","ปรัชญาพร","2026-09-29T15:06:00+07:00","โอนงานสิ้นวัน","ไม่สามารถเข้าส่งได้ น้ำท่วมสูงในพื้นที่","13S01","เสาร์","B2C","สาขารามอินทรา","60/558 หมู่บ้านกฤษฎานคร 25 ซ.ประชาร่วมใจ 31 ถ.ประชาร่วมใจ แขวงทรายกองดินใต้ เขตคลองสามวา จ.กรุงเทพฯ 10510","13.848431666666666,100.76500499999999",13.848431666666666,100.76500499999999,"คลองสามวา","รอน้ำลด","","ยังส่งไม่ได้",true,"จิรวัฒน์ สัยนิถี","28/09/2026","ผู้ทำรายการ:จิรวัฒน์ สัยนิถี;โอนงานมาจากวันที่:28/09/2026"
323,"59924/1","ชไมพรรณ","2026-09-29T15:06:00+07:00","ตามน้ำ","ไม่สามารถเข้าส่งได้ น้ำท่วมสูงในพื้นที่","13S01","เสาร์","B2C","สาขารามอินทรา","60/607 หมู่บ้านกฤษดานคร 25 (ซ.1/4), ประชาร่วมใจ 31 แขวงทรายกองดินใต้ เขตคลองสามวา จ.กรุงเทพฯ 10510","13.8391359,100.75432669",13.8391359,100.75432669,"คลองสามวา","รอน้ำลด","","ยังส่งไม่ได้",false,"","",""
324,"82207","ศศิธร ศิริปุณย์","2026-09-29T15:06:00+07:00","โอนงานสิ้นวัน","ไม่สามารถเข้าส่งได้ น้ำท่วมสูงในพื้นที่","13S01","เสาร์","B2C","สาขารามอินทรา","60/291 หมู่บ้านกฤษดานคร 25 ถ.ประชาร่วมใจ แขวงทรายกองดินใต้ เขตคลองสามวา กรุงเทพฯ 10510","13.84159513,100.75514083",13.84159513,100.75514083,"คลองสามวา","รอน้ำลด","","ยังส่งไม่ได้",true,"ฤทธิศักดิ์ สระเงินสิงห์","28/09/2026","ผู้ทำรายการ:ฤทธิศักดิ์ สระเงินสิงห์;โอนงานมาจากวันที่:28/09/2026"
325,"274906","ZAYAR","2026-09-28T19:08:00+07:00","ปกติ","ไม่สามารถเข้าส่งได้ น้ำท่วมสูงในพื้นที่","13101","จันทร์","B2C","สาขารามอินทรา","8/73 BAAN KLANG MUANG LADPRAO-SERITHAI, SOI 4,  KHAN NA YAO KHAN NA YAO BANGKOK 10230","13.795648333333334,100.69664666666668",13.795648333333334,100.69664666666668,"","รอน้ำลด","","ยังส่งไม่ได้",false,"","",""
326,"280395","รัชฎาภรณ์","2026-09-28T17:53:00+07:00","ตามน้ำ","ไม่สามารถเข้าส่งได้ น้ำท่วมสูงในพื้นที่","13101","จันทร์","B2C","สาขารามอินทรา","8/323 หมู่บ้านบ้านกลางเมืองลาดพร้าว-เสรีไทย แขวงคันนายาว เขตคันนายาว จ.กรุงเทพฯ 10230","13.817010000000002,100.70457666666668",13.817010000000002,100.70457666666668,"คันนายาว","รอน้ำลด","","ยังส่งไม่ได้",false,"","",""
327,"199163","ธนาคม","2026-09-28T19:07:00+07:00","ปกติ","ไม่สามารถเข้าส่งได้ น้ำท่วมสูงในพื้นที่","13101","จันทร์","B2C","สาขารามอินทรา","8/133 หมู่บ้านกลางเมือง ลาดพร้าว-เสรีไทย ถ.เสรีไทย ซ.เสรีไทย 52 แขวงคันนายาว เขตคันนายาว จ.กรุงเทพฯ 10230","13.794971666666667,100.69682833333333",13.794971666666667,100.69682833333333,"คันนายาว","รอน้ำลด","","ยังส่งไม่ได้",false,"","",""
328,"202882","พิชาวีร์","2026-09-28T19:07:00+07:00","ปกติ","ไม่สามารถเข้าส่งได้ เกิดข้อผิดพลาด (เลื่อนวันที่ส่ง)","13101","จันทร์","B2C","สาขารามอินทรา"," 8/265 บ้านกลางเมือง เสรีไทย 52 แขวงคันนายาว เขตคันนายาว จ.กรุงเทพฯ 10230","13.794295,100.69662666666666",13.794295,100.69662666666666,"คันนายาว","รอน้ำลด","","ยังส่งไม่ได้",false,"","",""
329,"209055","สุประวีณ์","2026-09-28T19:06:00+07:00","ปกติ","ไม่สามารถเข้าส่งได้ น้ำท่วมสูงในพื้นที่","13101","จันทร์","B2C","สาขารามอินทรา","เลขที่ 8/111 หมู่บ้านกลางเมืองลาดพร้าว-เสรีไทย ซ.6 แขวงคันนายาว เขตคันนายาว จ.กรุงเทพฯ 10230","13.795343333333335,100.69689333333332",13.795343333333335,100.69689333333332,"คันนายาว","รอน้ำลด","","ยังส่งไม่ได้",false,"","",""
330,"284551","KYAW MIN ZIN","2026-09-28T18:38:00+07:00","ปกติ","ไม่สามารถเข้าส่งได้ น้ำท่วมสูงในพื้นที่","13101","จันทร์","B2C","สาขารามอินทรา","8/73 BAAN KLANG MUANG LADPRAO-SERITHAI GROUND FLOOR, SOI SOI SERITHAI 52 KHAN NA YAO RD. LAT PHRAO LAT PHRAO BANGKOK 10230","13.795653333333332,100.69663333333334",13.795653333333332,100.69663333333334,"","รอน้ำลด","","ยังส่งไม่ได้",false,"","",""
331,"08713/3","กาญจนรัตน์ อินเตอร์กรุ๊ป จำกัด","2026-09-28T19:08:00+07:00","ปกติ","ไม่สามารถเข้าส่งได้ น้ำท่วมสูงในพื้นที่","13101","จันทร์","B2B","สาขารามอินทรา","8/270 หมู่บ้าน บ้านกลางเมือง ลาดพร้าว-เสรีไทย ซอยเสรีไทย 52 แขวงคันนายาว เขตคันนายาว จ.กรุงเทพฯ 10230","13.794286666666668,100.6964",13.794286666666668,100.6964,"คันนายาว","รอน้ำลด","","ยังส่งไม่ได้",false,"","",""
332,"213016","ราเชนทร","2026-09-28T19:05:00+07:00","ปกติ","ไม่สามารถเข้าส่งได้ น้ำท่วมสูงในพื้นที่","13101","จันทร์","B2C","สาขารามอินทรา","8/207 บ้านกลางเมือง ลาดพร้าว-เสรีไทย ซ.เสรีไทย 52 ถ.เสรีไทย แขวงคันนายาว เขตคันนายาว จ.กรุงเทพฯ 10230","13.794026666666666,100.69739833333333",13.794026666666666,100.69739833333333,"คันนายาว","รอน้ำลด","","ยังส่งไม่ได้",false,"","",""
333,"219693","วาสนา","2026-09-28T19:06:00+07:00","ปกติ","ไม่สามารถเข้าส่งได้ น้ำท่วมสูงในพื้นที่","13101","จันทร์","B2C","สาขารามอินทรา","8/284 หมู่บ้าน บ้านกลางเมือง ลาดพร้าว-เสรีไทย ซ.เสรีไทย 52 แขวงคันนายาว เขตคันนายาว จ.กรุงเทพฯ 10230","13.794005,100.69685",13.794005,100.69685,"คันนายาว","รอน้ำลด","","ยังส่งไม่ได้",false,"","",""
334,"00208/15","ฮอนด้า ออโตโมบิล (ประเทศไทย) จำกัด","2026-09-28T16:35:00+07:00","ปกติ","ไม่สามารถเข้าส่งได้ น้ำท่วมสูงในพื้นที่","13101","จันทร์","B2B","สาขารามอินทรา","ป้อม รปภ. (โรงเบาะ) มีนบุรี จุดที่ 1 จุดที่ 2 ถ.เสรีไทย แขวงมีนบุรี เขตมีนบุรี กรุงเทพฯ 10510","13.801803382344476,100.70851864814759",13.801803382344476,100.70851864814759,"มีนบุรี","รอน้ำลด","","ยังส่งไม่ได้",false,"","",""
335,"228366","มนชนก","2026-09-28T18:36:00+07:00","ตามน้ำ","ไม่สามารถเข้าส่งได้ น้ำท่วมสูงในพื้นที่","13101","จันทร์","B2C","สาขารามอินทรา","8/167 บ้านกลางเมืองลาดพร้าว-เสรีไทย​ซ.12 ซ.เสรีไทย52 ถ.เสรีไทย แขวงคันนายาว เขตคันนายาว จ.กรุงเทพฯ 10230","13.794369999999999,100.69725166666667",13.794369999999999,100.69725166666667,"คันนายาว","รอน้ำลด","","ยังส่งไม่ได้",false,"","",""
336,"111985","เพียงฤทัย บังอุทา","2026-09-28T19:08:00+07:00","ปกติ","ไม่สามารถเข้าส่งได้ น้ำท่วมสูงในพื้นที่","13101","จันทร์","B2C","สาขารามอินทรา","8/97 ซ.6 หมู่บ้านกลางเมือง ลาดพร้าว-เสรีไทย ถ.เสรีไทย ซ. 52 แขวงคันนายาว เขตคันนายาว จ.กรุงเทพฯ 10230","13.795401666666665,100.69696",13.795401666666665,100.69696,"คันนายาว","รอน้ำลด","","ยังส่งไม่ได้",false,"","",""
337,"128824","รัตนา","2026-09-28T19:06:00+07:00","ปกติ","ไม่สามารถเข้าส่งได้ น้ำท่วมสูงในพื้นที่","13101","จันทร์","B2C","สาขารามอินทรา"," 8/286 บ้านกลางเมือง ลาดพร้าว-เสรีไทย ถ.เสรีไทย52  แขวงคันนายาว เขตคันนายาว จ.กรุงเทพฯ 10230","13.79396,100.69691333333334",13.79396,100.69691333333334,"คันนายาว","รอน้ำลด","","ยังส่งไม่ได้",false,"","",""
338,"247360/1","ชุติมณฑกาญจน์","2026-09-28T13:45:00+07:00","ปกติ","ไม่สามารถเข้าส่งได้ เกิดข้อผิดพลาด (เลื่อนวันที่ส่ง)","13101","จันทร์","B2C","สาขารามอินทรา","6/195 ซ.สวนสยาม 11 แยก 18 แขวงคันนายาว เขตคันนายาว จ.กรุงเทพฯ 10230","13.797679999999998,100.692715",13.797679999999998,100.692715,"คันนายาว","รอน้ำลด","","ยังส่งไม่ได้",false,"","",""
339,"258233","ชุติมณฑกาญจน์","2026-09-28T13:46:00+07:00","ปกติ","ไม่สามารถเข้าส่งได้ น้ำท่วมสูงในพื้นที่","13101","จันทร์","B2C","สาขารามอินทรา","6/197 ซ.สวยสยาม11 แยก 18 แขวงคันนายาว เขตคันนายาว จ.กรุงเทพฯ 10230","13.797838333333335,100.69323833333334",13.797838333333335,100.69323833333334,"คันนายาว","รอน้ำลด","","ยังส่งไม่ได้",false,"","",""
340,"77099","วินัย ริตเม่น","2026-09-28T16:34:00+07:00","ปกติ","ไม่สามารถเข้าส่งได้ น้ำท่วมสูงในพื้นที่","13101","จันทร์","B2C","สาขารามอินทรา","บริษัท สยามเทคนิคชิมิสึ จำกัด ข9 ม.14 ถ.เสรีไทย 58 แขวงมีนบุรี เขตมีนบุรี กรุงเทพฯ 10510","13.799763333333333,100.70399333333334",13.799763333333333,100.70399333333334,"มีนบุรี","รอน้ำลด","","ยังส่งไม่ได้",false,"","",""
341,"163584","กรณ์","2026-09-28T19:07:00+07:00","ปกติ","ไม่สามารถเข้าส่งได้ น้ำท่วมสูงในพื้นที่","13101","จันทร์","B2C","สาขารามอินทรา","8/324 ซอย 18 บ้านกลางเมือง ลาดพร้าว-เสรีไทย ซ. เสรีไทย 52  แขวงคันนายาว เขตคันนายาว จ.กรุงเทพฯ 10230","13.793341666666667,100.69646666666668",13.793341666666667,100.69646666666668,"คันนายาว","รอน้ำลด","","ยังส่งไม่ได้",false,"","",""
342,"18934","ประวิทย์ เสวะกะ","2026-09-28T17:49:00+07:00","เสริมน้ำ นอกรอบ","ไม่สามารถเข้าส่งได้ น้ำท่วมสูงในพื้นที่","13101","เสาร์","B2C","สาขารามอินทรา","4/1077 หมู่บ้านสหกรณ์ซ.47 ถ.เสรีไทย แขวงคลองกุ่ม เขตบึงกุ่ม กรุงเทพฯ 10240","13.798565,100.66971833333334",13.798565,100.66971833333334,"บึงกุ่ม","รอน้ำลด","","ยังส่งไม่ได้",false,"","",""
343,"122052","วิชัยรัตน์ สืบเชาวสิริกุล","2026-09-28T17:42:00+07:00","ตามน้ำ","ไม่สามารถเข้าส่งได้ น้ำท่วมสูงในพื้นที่","13101","เสาร์","B2C","สาขารามอินทรา","228/82 อาคารไอคอนโด ตึก เอ 2 ถ.เสรีไทย ตึกเอ 2  ชั้น 3 แขวงคลองกุ่ม เขตบึงกุ่ม กรุงเทพฯ 10240","13.782745,100.67165333333332",13.782745,100.67165333333332,"บึงกุ่ม","รอน้ำลด","","ยังส่งไม่ได้",false,"","",""
344,"129502","วิสุทธิ์","2026-09-28T17:50:00+07:00","เสริมน้ำ นอกรอบ","ไม่สามารถเข้าส่งได้ น้ำท่วมสูงในพื้นที่","13101","เสาร์","B2C","สาขารามอินทรา","4/927 หมู่บ้านสหกรณ์ ซอย 34/2 ถ.เสรีไทย 57 แขวงคลองกุ่ม เขตบึงกุ่ม กรุงเทพฯ 10240","13.798266666666667,100.66801",13.798266666666667,100.66801,"บึงกุ่ม","รอน้ำลด","","ยังส่งไม่ได้",false,"","",""
345,"187852","คงคุณ","2026-09-28T17:50:00+07:00","เสริมน้ำ นอกรอบ","ไม่สามารถเข้าส่งได้ น้ำท่วมสูงในพื้นที่","13101","เสาร์","B2C","สาขารามอินทรา","4/948 หมู่บ้าน สหกรณ์ ซ.เสรีไทย 57 แยก 36 แขวงคลองกุ่ม เขตบึงกุ่ม จ.กรุงเทพฯ 10240","13.798119999999999,100.66787000000001",13.798119999999999,100.66787000000001,"บึงกุ่ม","รอน้ำลด","","ยังส่งไม่ได้",false,"","",""
346,"23863","สุทัศน์ ฉัตรธนุปกรณ์","2026-09-28T18:37:00+07:00","ตามน้ำ","ไม่สามารถเข้าส่งได้ น้ำท่วมสูงในพื้นที่","13101","เสาร์","B2C","สาขารามอินทรา","4/1580 หมู่ 4 หมู่บ้านสหกรณ์ ซ.48/2 ถ.เสรีไทย แขวงคลองกุ่ม เขตบึงกุ่ม กรุงเทพฯ 10240","13.801461666666667,100.666375",13.801461666666667,100.666375,"บึงกุ่ม","รอน้ำลด","","ยังส่งไม่ได้",false,"","",""
347,"46423/1","รัชตา วัฒนเสลารัต","2026-09-28T17:51:00+07:00","เสริมน้ำ นอกรอบ","ไม่สามารถเข้าส่งได้ น้ำท่วมสูงในพื้นที่","13101","เสาร์","B2C","สาขารามอินทรา","4/1463 ซ.77/1 หมู่บ้าน สหกรณ์เคหสถาน 4 ถ.เสรีไทย 57 แขวงคลองกุ่ม เขตบึงกุ่ม จ.กรุงเทพฯ 10240","13.804401666666669,100.66754",13.804401666666669,100.66754,"บึงกุ่ม","รอน้ำลด","","ยังส่งไม่ได้",false,"","",""
348,"274710","อรรถยา","2026-09-28T18:38:00+07:00","โอนงานสิ้นวัน","ไม่สามารถเข้าส่งได้ เกิดข้อผิดพลาด (เลื่อนวันที่ส่ง)","13101","เสาร์","B2C","สาขารามอินทรา","92/390 ซ.ทวีสุข 18 ถ.เสรีไทย 29 แขวงคลองกุ่ม เขตบึงกุ่ม จ.กรุงเทพฯ 10240","13.783305,100.66154499999999",13.783305,100.66154499999999,"บึงกุ่ม","รอน้ำลด","","ยังส่งไม่ได้",true,"สถาพร นนท์เข็มพรหม","26/09/2026","ผู้ทำรายการ:สถาพร นนท์เข็มพรหม;โอนงานมาจากวันที่:26/09/2026"
349,"192512","ดวงกมล","2026-09-28T18:39:00+07:00","โอนงานสิ้นวัน","ไม่สามารถเข้าส่งได้ น้ำท่วมสูงในพื้นที่","13101","เสาร์","B2C","สาขารามอินทรา","4/71 หมู่บ้าน สหกรณ์ ซ.4 ถ.เสรีไทย  แขวงคลองกุ่ม เขตบึงกุ่ม จ.กรุงเทพฯ 10240","13.78881034,100.6723149",13.78881034,100.6723149,"บึงกุ่ม","รอน้ำลด","","ยังส่งไม่ได้",true,"ฤทธิศักดิ์ สระเงินสิงห์","28/09/2026","ผู้ทำรายการ:ฤทธิศักดิ์ สระเงินสิงห์;โอนงานมาจากวันที่:28/09/2026"
350,"196126","เลิศลาวัลย์","2026-09-28T18:39:00+07:00","โอนงานสิ้นวัน","ไม่สามารถเข้าส่งได้ น้ำท่วมสูงในพื้นที่","13101","เสาร์","B2C","สาขารามอินทรา","4/143 หมู่บ้าน สหกรณ์ ซ.8 ถ.เสรีไทย 57 แขวงคลองกุ่ม เขตบึงกุ่ม จ.กรุงเทพฯ 10240","13.790228333333335,100.67277333333335",13.790228333333335,100.67277333333335,"บึงกุ่ม","รอน้ำลด","","ยังส่งไม่ได้",true,"วีรวัฒน์ อุดมทรัพย์","28/09/2026","ผู้ทำรายการ:วีรวัฒน์ อุดมทรัพย์;โอนงานมาจากวันที่:28/09/2026"
351,"200471","ฉันทิชา","2026-09-28T18:40:00+07:00","โอนงานสิ้นวัน","ไม่สามารถเข้าส่งได้ น้ำท่วมสูงในพื้นที่","13101","เสาร์","B2C","สาขารามอินทรา","4/867 หมู่บ้านสหกรณ์(แยก 37) ซ. เสรีไทย 57 ถ. เสรีไทย แขวงคลองกุ่ม เขตบึงกุ่ม จ.กรุงเทพฯ 10240","13.79658806,100.67005081",13.79658806,100.67005081,"บึงกุ่ม","รอน้ำลด","","ยังส่งไม่ได้",true,"วุฒิชัย จีปน","26/09/2026","ผู้ทำรายการ:วุฒิชัย จีปน;โอนงานมาจากวันที่:26/09/2026"
352,"190751/1","สว่างกิจ เทรดดิ้ง จำกัด","2026-09-28T18:40:00+07:00","โอนงานสิ้นวัน","ไม่สามารถเข้าส่งได้ น้ำท่วมสูงในพื้นที่","13101","เสาร์","B2B","สาขารามอินทรา","92/38 หมู่บ้าน นาริสา ซ.เสรีไทย 29 แยก 3 แขวงคลองกุ่ม เขตบึงกุ่ม จ.กรุงเทพฯ 10240","13.77998,100.66272666666667",13.77998,100.66272666666667,"บึงกุ่ม","รอน้ำลด","","ยังส่งไม่ได้",true,"จิรวัฒน์ สัยนิถี","28/09/2026","ผู้ทำรายการ:จิรวัฒน์ สัยนิถี;โอนงานมาจากวันที่:28/09/2026"
353,"282391","สมาพร","2026-09-28T18:41:00+07:00","โอนงานสิ้นวัน","ไม่สามารถเข้าส่งได้ น้ำท่วมสูงในพื้นที่","13101","เสาร์","B2C","สาขารามอินทรา","4/1552 หมู่บ้านสหกรณ์ ซ.46/1 ถ.เสรีไทย57 แขวงคลองกุ่ม เขตบึงกุ่ม จ.กรุงเทพฯ 10240","13.80071,100.66665833333333",13.80071,100.66665833333333,"บึงกุ่ม","รอน้ำลด","","ยังส่งไม่ได้",true,"สถาพร นนท์เข็มพรหม","26/09/2026","ผู้ทำรายการ:สถาพร นนท์เข็มพรหม;โอนงานมาจากวันที่:26/09/2026"
354,"205119","ทิพสุคนธ์","2026-09-28T18:41:00+07:00","โอนงานสิ้นวัน","ไม่สามารถเข้าส่งได้ น้ำท่วมสูงในพื้นที่","13101","เสาร์","B2C","สาขารามอินทรา","92/66 หมู่บ้านทวีสุข ซ.5 ซ.เสรีไทย 29	 แขวงคลองกุ่ม เขตบึงกุ่ม จ.กรุงเทพฯ 10240","13.77938275,100.66200458",13.77938275,100.66200458,"บึงกุ่ม","รอน้ำลด","","ยังส่งไม่ได้",true,"ฤทธิศักดิ์ สระเงินสิงห์","28/09/2026","ผู้ทำรายการ:ฤทธิศักดิ์ สระเงินสิงห์;โอนงานมาจากวันที่:28/09/2026"
355,"217316","เอเชีย เพสคอนโทรล แอนด์ อินสเปคชั่น จำกัด (สำนักงานใหญ่)","2026-09-28T18:42:00+07:00","โอนงานสิ้นวัน","ไม่สามารถเข้าส่งได้ น้ำท่วมสูงในพื้นที่","13101","เสาร์","B2B","สาขารามอินทรา","สถานีตำรวจนครบาลบึงกุ่ม 666 หมู่ที่ 1 ถ.เสรีไทย แขวงคลองกุ่ม เขตบึงกุ่ม จ.กรุงเทพฯ 10230","13.780255,100.659555",13.780255,100.659555,"บึงกุ่ม","รอน้ำลด","","ยังส่งไม่ได้",true,"วีรวัฒน์ อุดมทรัพย์","28/09/2026","ผู้ทำรายการ:วีรวัฒน์ อุดมทรัพย์;โอนงานมาจากวันที่:28/09/2026"
356,"217733","กมลวรรณ","2026-09-28T18:42:00+07:00","โอนงานสิ้นวัน","ไม่สามารถเข้าส่งได้ น้ำท่วมสูงในพื้นที่","13101","เสาร์","B2C","สาขารามอินทรา","4/776 แยก 34 หมู่บ้าน สหกรณ์ 4 ถ.เสรีไทย 57 แขวงคลองกุ่ม เขตบึงกุ่ม จ.กรุงเทพฯ 10240","13.796105,100.66757166666666",13.796105,100.66757166666666,"บึงกุ่ม","รอน้ำลด","","ยังส่งไม่ได้",true,"วุฒิชัย จีปน","26/09/2026","ผู้ทำรายการ:วุฒิชัย จีปน;โอนงานมาจากวันที่:26/09/2026"
357,"218097","กรรณิการ์","2026-09-28T18:42:00+07:00","โอนงานสิ้นวัน","ไม่สามารถเข้าส่งได้ น้ำท่วมสูงในพื้นที่","13101","เสาร์","B2C","สาขารามอินทรา","4/54 ซ.เสรีไทย 55 แขวงคลองกุ่ม เขตบึงกุ่ม จ.กรุงเทพฯ 10240","13.786300000000002,100.67458333333335",13.786300000000002,100.67458333333335,"บึงกุ่ม","รอน้ำลด","","ยังส่งไม่ได้",true,"จิรวัฒน์ สัยนิถี","28/09/2026","ผู้ทำรายการ:จิรวัฒน์ สัยนิถี;โอนงานมาจากวันที่:28/09/2026"
358,"287642","อินโนฟรอนเทียร์ จำกัด","2026-09-28T18:43:00+07:00","โอนงานสิ้นวัน","ไม่สามารถเข้าส่งได้ เกิดข้อผิดพลาด (เลื่อนวันที่ส่ง)","13101","เสาร์","B2B","สาขารามอินทรา","4/1841 ซ.เสรีไทย 55  แขวงคลองกุ่ม เขตบึงกุ่ม จ.กรุงเทพฯ 10240","13.786090000000002,100.67437",13.786090000000002,100.67437,"บึงกุ่ม","รอน้ำลด","","ยังส่งไม่ได้",true,"สถาพร นนท์เข็มพรหม","26/09/2026","ผู้ทำรายการ:สถาพร นนท์เข็มพรหม;โอนงานมาจากวันที่:26/09/2026"
359,"294990","ปาณนาถ","2026-09-28T18:37:00+07:00","ตามน้ำ","ไม่สามารถเข้าส่งได้ น้ำท่วมสูงในพื้นที่","13101","เสาร์","B2C","สาขารามอินทรา","92/296 ซ.ย่อย 12 ซ.เสรีไทย 29 ถ.เสรีไทย แขวงคลองกุ่ม เขตบึงกุ่ม จ.กรุงเทพฯ 10240","13.782395000000001,100.66233166666667",13.782395000000001,100.66233166666667,"บึงกุ่ม","รอน้ำลด","","ยังส่งไม่ได้",false,"","",""
360,"295353","ชนิสา","2026-09-28T18:43:00+07:00","โอนงานสิ้นวัน","ไม่สามารถเข้าส่งได้ น้ำท่วมสูงในพื้นที่","13101","เสาร์","B2C","สาขารามอินทรา","4/1567 แยก48/1 หมู่บ้านสหกรณ์ 4 ซ.เสรีไทย57 ถ.เสรีไทย แขวงคลองกุ่ม เขตบึงกุ่ม จ.กรุงเทพฯ 10240","13.801188333333334,100.66661333333334",13.801188333333334,100.66661333333334,"บึงกุ่ม","รอน้ำลด","","ยังส่งไม่ได้",true,"วีรวัฒน์ อุดมทรัพย์","28/09/2026","ผู้ทำรายการ:วีรวัฒน์ อุดมทรัพย์;โอนงานมาจากวันที่:28/09/2026"
361,"12345","อมรา พู่จันทน์","2026-09-28T18:44:00+07:00","โอนงานสิ้นวัน","ไม่สามารถเข้าส่งได้ น้ำท่วมสูงในพื้นที่","13101","เสาร์","B2C","สาขารามอินทรา","4/607 ซอย 24 หมู่บ้านสหกรณ์เคหะสถาน 4 ถ.สุขาภิบาล 2 แขวงคลองกุ่ม เขตบึงกุ่ม กรุงเทพฯ 10240","13.793873333333332,100.66935",13.793873333333332,100.66935,"บึงกุ่ม","รอน้ำลด","","ยังส่งไม่ได้",true,"วุฒิชัย จีปน","26/09/2026","ผู้ทำรายการ:วุฒิชัย จีปน;โอนงานมาจากวันที่:26/09/2026"
362,"79508","จิรสุภา จิไธสง","2026-09-28T18:46:00+07:00","โอนงานสิ้นวัน","ไม่สามารถเข้าส่งได้ น้ำท่วมสูงในพื้นที่","13101","เสาร์","B2C","สาขารามอินทรา","1821 หมู่บ้านสหกรณ์(ปากซอยซ้ายมือ) ถ.เสรีไทย 57 แขวงคลองกุ่ม เขตบึงกุ่ม กรุงเทพฯ 10240","13.786913333333333,100.67467",13.786913333333333,100.67467,"บึงกุ่ม","รอน้ำลด","","ยังส่งไม่ได้",true,"จิรวัฒน์ สัยนิถี","28/09/2026","ผู้ทำรายการ:จิรวัฒน์ สัยนิถี;โอนงานมาจากวันที่:28/09/2026"
363,"298663","TIANYANG YU","2026-09-28T18:46:00+07:00","โอนงานสิ้นวัน","ไม่สามารถเข้าส่งได้ น้ำท่วมสูงในพื้นที่","13101","เสาร์","B2C","สาขารามอินทรา","4/1784 SAHAKON VILLAGE, SOI SERI THAI 57, YAEK 54 KHLONG KUM BUENG KUM BANGKOK 10240","13.802934999999998,100.66698666666667",13.802934999999998,100.66698666666667,"","รอน้ำลด","","ยังส่งไม่ได้",true,"สถาพร นนท์เข็มพรหม","26/09/2026","ผู้ทำรายการ:สถาพร นนท์เข็มพรหม;โอนงานมาจากวันที่:26/09/2026"
364,"298762","สตาร์ โบรกเกอร์เรจ จำกัด","2026-09-28T18:47:00+07:00","โอนงานสิ้นวัน","ไม่สามารถเข้าส่งได้ น้ำท่วมสูงในพื้นที่","13101","เสาร์","B2B","สาขารามอินทรา","92/729  หมู่บ้านนาริสา  ซ.ย่อย20  ซ.เสรีไทย 29 ถ.เสรีไทย แขวงคลองกุ่ม เขตบึงกุ่ม จ.กรุงเทพฯ 10240","13.783751666666667,100.66142333333333",13.783751666666667,100.66142333333333,"บึงกุ่ม","รอน้ำลด","","ยังส่งไม่ได้",true,"ฤทธิศักดิ์ สระเงินสิงห์","28/09/2026","ผู้ทำรายการ:ฤทธิศักดิ์ สระเงินสิงห์;โอนงานมาจากวันที่:28/09/2026"
365,"22217","อัครเดช ทองภูสวรรค์","2026-09-28T18:47:00+07:00","โอนงานสิ้นวัน","ไม่สามารถเข้าส่งได้ น้ำท่วมสูงในพื้นที่","13101","เสาร์","B2C","สาขารามอินทรา","4/1086 หมู่ 4 หมู่บ้านสหกรณ์ 4 ซ.47 ถ.เสรีไทย แขวงคลองกุ่ม เขตบึงกุ่ม กรุงเทพฯ 10240","13.7985446,100.669815",13.7985446,100.669815,"บึงกุ่ม","รอน้ำลด","","ยังส่งไม่ได้",true,"วีรวัฒน์ อุดมทรัพย์","28/09/2026","ผู้ทำรายการ:วีรวัฒน์ อุดมทรัพย์;โอนงานมาจากวันที่:28/09/2026"
366,"23901","ชิดพงษ์ ภู่สวัสดิ์รัตนา","2026-09-28T18:48:00+07:00","โอนงานสิ้นวัน","ไม่สามารถเข้าส่งได้ น้ำท่วมสูงในพื้นที่","13101","เสาร์","B2C","สาขารามอินทรา","4/344 หมู่บ้านสหกรณ์ ซ.14 แขวงคลองกุ่ม เขตบึงกุ่ม กรุงเทพฯ 10240","13.79144,100.671575",13.79144,100.671575,"บึงกุ่ม","รอน้ำลด","","ยังส่งไม่ได้",true,"วุฒิชัย จีปน","26/09/2026","ผู้ทำรายการ:วุฒิชัย จีปน;โอนงานมาจากวันที่:26/09/2026"
367,"234310","ชูชิด","2026-09-28T18:48:00+07:00","โอนงานสิ้นวัน","ไม่สามารถเข้าส่งได้ น้ำท่วมสูงในพื้นที่","13101","เสาร์","B2C","สาขารามอินทรา","4/292 ซ.เสรีไทย 57 หมู่บ้านสหกรณ์เคหะสถาน 4 (ซ.12)  แขวงคลองกุ่ม เขตบึงกุ่ม จ.กรุงเทพฯ 10240","13.79061,100.67079833333334",13.79061,100.67079833333334,"บึงกุ่ม","รอน้ำลด","","ยังส่งไม่ได้",true,"จิรวัฒน์ สัยนิถี","28/09/2026","ผู้ทำรายการ:จิรวัฒน์ สัยนิถี;โอนงานมาจากวันที่:28/09/2026"
368,"33003","สาคร โหลทอง","2026-09-28T18:49:00+07:00","โอนงานสิ้นวัน","ไม่สามารถเข้าส่งได้ เกิดข้อผิดพลาด (เลื่อนวันที่ส่ง)","13101","เสาร์","B2C","สาขารามอินทรา","4/899 หมู่บ้านสหกรณ์เคหะสถาน 4 ถ.เสรีไทย แขวงคลองกุ่ม เขตบึงกุ่ม กรุงเทพฯ 10240","13.797886666666667,100.66896",13.797886666666667,100.66896,"บึงกุ่ม","รอน้ำลด","","ยังส่งไม่ได้",true,"สถาพร นนท์เข็มพรหม","26/09/2026","ผู้ทำรายการ:สถาพร นนท์เข็มพรหม;โอนงานมาจากวันที่:26/09/2026"
369,"236170","อรสรวง","2026-09-28T18:50:00+07:00","โอนงานสิ้นวัน","ไม่สามารถเข้าส่งได้ น้ำท่วมสูงในพื้นที่","13101","เสาร์","B2C","สาขารามอินทรา","4/1292 หมู่บ้าน สหกรณ์เสรีไทย 57 แยก 34/6 แขวงคลองกุ่ม เขตบึงกุ่ม จ.กรุงเทพฯ 10240","13.797551666666667,100.66695333333334",13.797551666666667,100.66695333333334,"บึงกุ่ม","รอน้ำลด","","ยังส่งไม่ได้",true,"ฤทธิศักดิ์ สระเงินสิงห์","28/09/2026","ผู้ทำรายการ:ฤทธิศักดิ์ สระเงินสิงห์;โอนงานมาจากวันที่:28/09/2026"
370,"40514","รุจิรา ลิขิตสัจจากุล","2026-09-28T18:50:00+07:00","โอนงานสิ้นวัน","ไม่สามารถเข้าส่งได้ น้ำท่วมสูงในพื้นที่","13101","เสาร์","B2C","สาขารามอินทรา","4/1146 ซ.57 หมู่บ้านสหกรณ์ ถ.เสรีไทย แขวงคลองกุ่ม เขตบึงกุ่ม กรุงเทพฯ 10240","13.798656666666666,100.67000166666666",13.798656666666666,100.67000166666666,"บึงกุ่ม","รอน้ำลด","","ยังส่งไม่ได้",true,"วีรวัฒน์ อุดมทรัพย์","28/09/2026","ผู้ทำรายการ:วีรวัฒน์ อุดมทรัพย์;โอนงานมาจากวันที่:28/09/2026"
371,"83700","วิมลรัตน์ พิทยะวิริยากุล","2026-09-28T18:50:00+07:00","โอนงานสิ้นวัน","ไม่สามารถเข้าส่งได้ น้ำท่วมสูงในพื้นที่","13101","เสาร์","B2C","สาขารามอินทรา","เลขที่4/536 หมู่บ้านสหกรณ์ ซ.20 ถ.เสรีไทย 57 แขวงคลองกุ่ม เขตบึ่งกุ่ม กรุงเทพฯ 10240","13.7920965,100.6696936",13.7920965,100.6696936,"บึ่งกุ่ม","รอน้ำลด","","ยังส่งไม่ได้",true,"วุฒิชัย จีปน","26/09/2026","ผู้ทำรายการ:วุฒิชัย จีปน;โอนงานมาจากวันที่:26/09/2026"
372,"84472","เผ่าไท พั้วช่วย","2026-09-28T18:51:00+07:00","โอนงานสิ้นวัน","ไม่สามารถเข้าส่งได้ น้ำท่วมสูงในพื้นที่","13101","เสาร์","B2C","สาขารามอินทรา","4/1151 หมู่บ้านสหกรณ์ ซ.57 ถนนเสรีไทย 57 แขวงคลองกุ่ม เขตบึงกุ่ม กรุงเทพฯ 10240","13.8002974,100.6689368",13.8002974,100.6689368,"บึงกุ่ม","รอน้ำลด","","ยังส่งไม่ได้",true,"จิรวัฒน์ สัยนิถี","28/09/2026","ผู้ทำรายการ:จิรวัฒน์ สัยนิถี;โอนงานมาจากวันที่:28/09/2026"
373,"44304","รัชนี รัตนลาภ","2026-09-28T18:51:00+07:00","โอนงานสิ้นวัน","ไม่สามารถเข้าส่งได้ น้ำท่วมสูงในพื้นที่","13101","เสาร์","B2C","สาขารามอินทรา","92/771 หมู่บ้านนาริสาทวีสุข ถนนเสรีไทย ซอย 29 แขวงคลองกุ่ม เขตบึงกุ่ม กรุงเทพฯ 10240","13.783711666666667,100.66192000000001",13.783711666666667,100.66192000000001,"บึงกุ่ม","รอน้ำลด","","ยังส่งไม่ได้",true,"สถาพร นนท์เข็มพรหม","26/09/2026","ผู้ทำรายการ:สถาพร นนท์เข็มพรหม;โอนงานมาจากวันที่:26/09/2026"
374,"45431","อาร์คิเทค ดีไซน์ 903 จำกัด","2026-09-28T18:51:00+07:00","โอนงานสิ้นวัน","ไม่สามารถเข้าส่งได้ น้ำท่วมสูงในพื้นที่","13101","เสาร์","B2B","สาขารามอินทรา","4/1260 หมู่บ้านสหกรณ์ 75 ซ. เสรีไทย 57 แขวงคลองกุ่ม เขตบึงกุ่ม กรุงเทพฯ 10240","13.803518333333333,100.66755333333334",13.803518333333333,100.66755333333334,"บึงกุ่ม","รอน้ำลด","","ยังส่งไม่ได้",true,"ฤทธิศักดิ์ สระเงินสิงห์","28/09/2026","ผู้ทำรายการ:ฤทธิศักดิ์ สระเงินสิงห์;โอนงานมาจากวันที่:28/09/2026"
375,"106924","อภิษฏา พงศ์พิทยานันท์","2026-09-28T18:52:00+07:00","โอนงานสิ้นวัน","ไม่สามารถเข้าส่งได้ น้ำท่วมสูงในพื้นที่","13101","เสาร์","B2C","สาขารามอินทรา","36 (ร้านแพรวทิพย์ ผ้าม่าน) ซอยเสรีไทย 34-36 ถนนเสรีไทย แขวงคันนายาว เขตคันนายาว กรุงเทพฯ 10230","13.785521666666666,100.67545833333334",13.785521666666666,100.67545833333334,"คันนายาว","รอน้ำลด","","ยังส่งไม่ได้",true,"วีรวัฒน์ อุดมทรัพย์","28/09/2026","ผู้ทำรายการ:วีรวัฒน์ อุดมทรัพย์;โอนงานมาจากวันที่:28/09/2026"
376,"67145/2","พลสิทธิ์ ชะมด","2026-09-28T18:52:00+07:00","โอนงานสิ้นวัน","ไม่สามารถเข้าส่งได้ น้ำท่วมสูงในพื้นที่","13101","เสาร์","B2C","สาขารามอินทรา","4/342 ซ.14 หมู่บ้านสหกรณ์ ถ.เสรีไทย ซอย 57 แขวงคลองกุ่ม เขตบึงกุ่ม กรุงเทพฯ 10240","13.7913706,100.6714173",13.7913706,100.6714173,"บึงกุ่ม","รอน้ำลด","","ยังส่งไม่ได้",true,"วุฒิชัย จีปน","26/09/2026","ผู้ทำรายการ:วุฒิชัย จีปน;โอนงานมาจากวันที่:26/09/2026"
377,"47502","ปณิธิ ทีรฆฐิติ","2026-09-28T18:53:00+07:00","โอนงานสิ้นวัน","ไม่สามารถเข้าส่งได้ น้ำท่วมสูงในพื้นที่","13101","เสาร์","B2C","สาขารามอินทรา","4/305 หมู่ 4 หมู่บ้านสหกรณ์ ซ.14 ถ.เสรีไทย แขวงคลองกุ่ม เขตบึงกุ่ม กรุงเทพฯ 10240","13.791388333333336,100.67146499999998",13.791388333333336,100.67146499999998,"บึงกุ่ม","รอน้ำลด","","ยังส่งไม่ได้",true,"จิรวัฒน์ สัยนิถี","28/09/2026","ผู้ทำรายการ:จิรวัฒน์ สัยนิถี;โอนงานมาจากวันที่:28/09/2026"
378,"117177","กฤตยาภรณ์ เขื่อนคำ","2026-09-28T18:53:00+07:00","โอนงานสิ้นวัน","ไม่สามารถเข้าส่งได้ เกิดข้อผิดพลาด (เลื่อนวันที่ส่ง)","13101","เสาร์","B2C","สาขารามอินทรา","92/849 ซ.เสรีไทย29 ถ.เสรีไทย แขวคลองกุ่ม เขตบึงกุ่ม กรุงเทพฯ 10240","13.7838187,100.6610517",13.7838187,100.6610517,"บึงกุ่ม","รอน้ำลด","","ยังส่งไม่ได้",true,"สถาพร นนท์เข็มพรหม","26/09/2026","ผู้ทำรายการ:สถาพร นนท์เข็มพรหม;โอนงานมาจากวันที่:26/09/2026"
379,"16771/1","จิราภร ฟักพานิช","2026-09-28T18:54:00+07:00","โอนงานสิ้นวัน","ไม่สามารถเข้าส่งได้ น้ำท่วมสูงในพื้นที่","13101","เสาร์","B2C","สาขารามอินทรา","48/16 บริษัท อเวอร์ ฮอรนซาวด์ ถ.เสรีไท (ติดถนนใหญ่) ซอย 33 แขวงบึงกุ่ม เขตบึงกุ่ม กรุงเทพฯ 10240","13.778943333333332,100.66576666666667",13.778943333333332,100.66576666666667,"บึงกุ่ม","รอน้ำลด","","ยังส่งไม่ได้",true,"ฤทธิศักดิ์ สระเงินสิงห์","28/09/2026","ผู้ทำรายการ:ฤทธิศักดิ์ สระเงินสิงห์;โอนงานมาจากวันที่:28/09/2026"
380,"123391","ธีรเมศ วุฒิภัทรพิบูลย์","2026-09-28T18:54:00+07:00","โอนงานสิ้นวัน","ไม่สามารถเข้าส่งได้ น้ำท่วมสูงในพื้นที่","13101","เสาร์","B2C","สาขารามอินทรา","4/126 หมู่บ้าน สหกรณ์ ซ.6 ถ.เสรีไทย 57 แขวงคลองกุ่ม เขตบึงกุ่ม จ.กรุงเทพฯ 10240","13.788853333333334,100.67148333333334",13.788853333333334,100.67148333333334,"บึงกุ่ม","รอน้ำลด","","ยังส่งไม่ได้",true,"วีรวัฒน์ อุดมทรัพย์","28/09/2026","ผู้ทำรายการ:วีรวัฒน์ อุดมทรัพย์;โอนงานมาจากวันที่:28/09/2026"
381,"125270","ธวัชชัย","2026-09-28T18:54:00+07:00","โอนงานสิ้นวัน","ไม่สามารถเข้าส่งได้ น้ำท่วมสูงในพื้นที่","13101","เสาร์","B2C","สาขารามอินทรา","4/1143  หมู่บ้านสหกรณ์ ซ.เสรีไทย57 ถ.เสรีไทย แขวงคลองกุ่ม เขตบึงกุ่ม กรุงเทพฯ 10230","13.8003265,100.668898",13.8003265,100.668898,"บึงกุ่ม","รอน้ำลด","","ยังส่งไม่ได้",true,"วุฒิชัย จีปน","26/09/2026","ผู้ทำรายการ:วุฒิชัย จีปน;โอนงานมาจากวันที่:26/09/2026"
382,"245468","ชุติมา","2026-09-28T18:55:00+07:00","โอนงานสิ้นวัน","ไม่สามารถเข้าส่งได้ น้ำท่วมสูงในพื้นที่","13101","เสาร์","B2C","สาขารามอินทรา","92/728 หมู่บ้านนาริสา แยกซ.20 ถ.เสรีไทย 29 แขวงคลองกุ่ม เขตบึงกุ่ม จ.กรุงเทพฯ 10240","13.783691666666668,100.661485",13.783691666666668,100.661485,"บึงกุ่ม","รอน้ำลด","","ยังส่งไม่ได้",true,"จิรวัฒน์ สัยนิถี","28/09/2026","ผู้ทำรายการ:จิรวัฒน์ สัยนิถี;โอนงานมาจากวันที่:28/09/2026"
383,"51914","พวงผกา กิตติรุ่งเรือง","2026-09-28T18:55:00+07:00","โอนงานสิ้นวัน","ไม่สามารถเข้าส่งได้ น้ำท่วมสูงในพื้นที่","13101","เสาร์","B2C","สาขารามอินทรา","4/1020 หมู่บ้านสหกรณ์เคหะสถาน 4 แยก 34/5 ซ.เสรีไทย 57 ถ.เสรีไทย แขวงคลองกุ่ม เขตบึงกุ่ม จ.กรุงเทพฯ 10240","13.797256666666666,100.66733500000001",13.797256666666666,100.66733500000001,"บึงกุ่ม","รอน้ำลด","","ยังส่งไม่ได้",true,"สถาพร นนท์เข็มพรหม","26/09/2026","ผู้ทำรายการ:สถาพร นนท์เข็มพรหม;โอนงานมาจากวันที่:26/09/2026"
384,"52249","ณัชณิชา สิงห์สมบุญ","2026-09-28T18:55:00+07:00","โอนงานสิ้นวัน","ไม่สามารถเข้าส่งได้ น้ำท่วมสูงในพื้นที่","13101","เสาร์","B2C","สาขารามอินทรา","4/1699 หมู่บ้าน สหกรณ์ ซ.เสรีไท57 ซ.42 ถ.เสรีไท  แขวงคลองกุ่ม เขตบึงกุ่ม จ.กรุงเทพฯ 10240","13.7998236,100.6675471",13.7998236,100.6675471,"บึงกุ่ม","รอน้ำลด","","ยังส่งไม่ได้",true,"ฤทธิศักดิ์ สระเงินสิงห์","28/09/2026","ผู้ทำรายการ:ฤทธิศักดิ์ สระเงินสิงห์;โอนงานมาจากวันที่:28/09/2026"
385,"157615","สุมิตรา","2026-09-28T18:56:00+07:00","โอนงานสิ้นวัน","ไม่สามารถเข้าส่งได้ น้ำท่วมสูงในพื้นที่","13101","เสาร์","B2C","สาขารามอินทรา","4/1269 ซ.34/5 หมู่บ้านสหกรณ์เคหะสถาน 4 ถ.เสรีไทย 57 แขวงคลองกุ่ม เขตบึงกุ่ม จ.กรุงเทพฯ 10230","13.797553333333333,100.66762500000002",13.797553333333333,100.66762500000002,"บึงกุ่ม","รอน้ำลด","","ยังส่งไม่ได้",true,"วีรวัฒน์ อุดมทรัพย์","28/09/2026","ผู้ทำรายการ:วีรวัฒน์ อุดมทรัพย์;โอนงานมาจากวันที่:28/09/2026"
386,"58390","ดวงเดือน อุดรวัฒนโชค","2026-09-28T18:56:00+07:00","โอนงานสิ้นวัน","ไม่สามารถเข้าส่งได้ น้ำท่วมสูงในพื้นที่","13101","เสาร์","B2C","สาขารามอินทรา","4/1229 หมู่บ้านสหกรณ์เคหะสถาน 4 ซ.69 ถ.เสรีไทย แขวงคลองกุ่ม เขตบึงกุ่ม กรุงเทพฯ 10240","13.802445896829406,100.66828455698875",13.802445896829406,100.66828455698875,"บึงกุ่ม","รอน้ำลด","","ยังส่งไม่ได้",true,"วุฒิชัย จีปน","26/09/2026","ผู้ทำรายการ:วุฒิชัย จีปน;โอนงานมาจากวันที่:26/09/2026"
387,"59846","พงศ์พันธุ์ อุปถัมภ์","2026-09-28T18:56:00+07:00","โอนงานสิ้นวัน","ไม่สามารถเข้าส่งได้ น้ำท่วมสูงในพื้นที่","13101","เสาร์","B2C","สาขารามอินทรา","4/87 หมู่ 4 หมู่บ้านสหกรณ์ ซอย 4 ถนนเสรีไทย แขวงคลองกุ่ม เขตบึงกุ่ม กรุงเทพฯ 10240","13.78888,100.6723629",13.78888,100.6723629,"บึงกุ่ม","รอน้ำลด","","ยังส่งไม่ได้",true,"จิรวัฒน์ สัยนิถี","28/09/2026","ผู้ทำรายการ:จิรวัฒน์ สัยนิถี;โอนงานมาจากวันที่:28/09/2026"
388,"03290","สมคิด อักษรภัณฑ์","2026-09-28T18:57:00+07:00","โอนงานสิ้นวัน","ไม่สามารถเข้าส่งได้ เกิดข้อผิดพลาด (เลื่อนวันที่ส่ง)","13101","เสาร์","B2C","สาขารามอินทรา","92/90 หมู่บ้านทวีสุข ซ.9 ถ.สุขาภิบาล2 แขวงคลองกุ่ม เขตบึงกุ่ม กรุงเทพฯ 10230","13.7807433,100.6618806",13.7807433,100.6618806,"บึงกุ่ม","รอน้ำลด","","ยังส่งไม่ได้",true,"สถาพร นนท์เข็มพรหม","26/09/2026","ผู้ทำรายการ:สถาพร นนท์เข็มพรหม;โอนงานมาจากวันที่:26/09/2026"
389,"161530","เซเลสเทียล โค้ด จำกัด","2026-09-28T18:58:00+07:00","โอนงานสิ้นวัน","ไม่สามารถเข้าส่งได้ น้ำท่วมสูงในพื้นที่","13101","เสาร์","B2B","สาขารามอินทรา","4/398 หมู่บ้าน สหกรณ์เคหสถาน ซ.เสรีไทย 57 แยก 16 แขวงคลองกุ่ม เขตบึงกุ่ม จ.กรุงเทพฯ 10240","13.792033333333332,100.67148999999999",13.792033333333332,100.67148999999999,"บึงกุ่ม","รอน้ำลด","","ยังส่งไม่ได้",true,"ฤทธิศักดิ์ สระเงินสิงห์","28/09/2026","ผู้ทำรายการ:ฤทธิศักดิ์ สระเงินสิงห์;โอนงานมาจากวันที่:28/09/2026"
390,"253435","กฤตติยาภรณ์","2026-09-28T19:00:00+07:00","โอนงานสิ้นวัน","ไม่สามารถเข้าส่งได้ น้ำท่วมสูงในพื้นที่","13101","เสาร์","B2C","สาขารามอินทรา","4/144  ซ.เสรีไทย57 เสรีไทย ซอย 8 แขวงคลองกุ่ม เขตบึงกุ่ม จ.กรุงเทพฯ 10240","13.790230000000001,100.67284",13.790230000000001,100.67284,"บึงกุ่ม","รอน้ำลด","","ยังส่งไม่ได้",true,"วีรวัฒน์ อุดมทรัพย์","28/09/2026","ผู้ทำรายการ:วีรวัฒน์ อุดมทรัพย์;โอนงานมาจากวันที่:28/09/2026"
391,"64257","ไพรินทร์ พละชัย","2026-09-28T19:00:00+07:00","โอนงานสิ้นวัน","ไม่สามารถเข้าส่งได้ น้ำท่วมสูงในพื้นที่","13101","เสาร์","B2C","สาขารามอินทรา","4/332 หมู่บ้านสหกรณ์ ซอย 15 ถ.เสรีไทย แขวงคลองกุ่ม เขตบึงกุ่ม กรุงเทพฯ 10240","13.792436666666667,100.67314166666665",13.792436666666667,100.67314166666665,"บึงกุ่ม","รอน้ำลด","","ยังส่งไม่ได้",true,"วุฒิชัย จีปน","26/09/2026","ผู้ทำรายการ:วุฒิชัย จีปน;โอนงานมาจากวันที่:26/09/2026"
392,"162166","สุรศักดิ์","2026-09-28T19:00:00+07:00","โอนงานสิ้นวัน","ไม่สามารถเข้าส่งได้ น้ำท่วมสูงในพื้นที่","13101","เสาร์","B2C","สาขารามอินทรา","4/1724 หมู่บ้านสหกรณ์เคหะสถาน ซ.85 ถ.เสรีไทย 57 แขวงคลองกุ่ม เขตบึงกุ่ม จ.กรุงเทพฯ 10230","13.8042218,100.6658667",13.8042218,100.6658667,"บึงกุ่ม","รอน้ำลด","","ยังส่งไม่ได้",true,"จิรวัฒน์ สัยนิถี","28/09/2026","ผู้ทำรายการ:จิรวัฒน์ สัยนิถี;โอนงานมาจากวันที่:28/09/2026"
393,"255366","อัคริยา","2026-09-28T19:01:00+07:00","โอนงานสิ้นวัน","ไม่สามารถเข้าส่งได้ น้ำท่วมสูงในพื้นที่","13101","เสาร์","B2C","สาขารามอินทรา","4/33 หมู่บ้านสหกรณ์ แยก 2 ถ.เสรีไทย แขวงคลองกุ่ม เขตบึงกุ่ม จ.กรุงเทพฯ 10240","13.788388333333334,100.67284166666668",13.788388333333334,100.67284166666668,"บึงกุ่ม","รอน้ำลด","","ยังส่งไม่ได้",true,"สถาพร นนท์เข็มพรหม","26/09/2026","ผู้ทำรายการ:สถาพร นนท์เข็มพรหม;โอนงานมาจากวันที่:26/09/2026"
394,"67144","วีระชัย วัณณะพันธุ์","2026-09-28T19:01:00+07:00","โอนงานสิ้นวัน","ไม่สามารถเข้าส่งได้ น้ำท่วมสูงในพื้นที่","13101","เสาร์","B2C","สาขารามอินทรา","4/1576 หมู่บ้านสหกรณ์เคหะสถาน 4 ถ.เสรีไทย แขวงคลองกุ่ม เขตบึงกุ่ม กรุงเทพฯ 10240","13.801481666666666,100.66655",13.801481666666666,100.66655,"บึงกุ่ม","รอน้ำลด","","ยังส่งไม่ได้",true,"ฤทธิศักดิ์ สระเงินสิงห์","28/09/2026","ผู้ทำรายการ:ฤทธิศักดิ์ สระเงินสิงห์;โอนงานมาจากวันที่:28/09/2026"
395,"259125","ธัชภูมิ","2026-09-28T19:01:00+07:00","โอนงานสิ้นวัน","ไม่สามารถเข้าส่งได้ น้ำท่วมสูงในพื้นที่","13101","เสาร์","B2C","สาขารามอินทรา","46 ถ.เสรีไทย แขวงรามอินทรา เขตคันนายาว กรุงเทพฯ 10230","13.785493333333333,100.67547333333331",13.785493333333333,100.67547333333331,"คันนายาว","รอน้ำลด","","ยังส่งไม่ได้",true,"วีรวัฒน์ อุดมทรัพย์","28/09/2026","ผู้ทำรายการ:วีรวัฒน์ อุดมทรัพย์;โอนงานมาจากวันที่:28/09/2026"
396,"167363","อุมาภรณ์","2026-09-28T19:02:00+07:00","โอนงานสิ้นวัน","ไม่สามารถเข้าส่งได้ น้ำท่วมสูงในพื้นที่","13101","เสาร์","B2C","สาขารามอินทรา","4/836  หมู่บ้าน สหกรณ์ ซ.31 ถ.เสรีไทย แขวงคลองกุ่ม เขตบึงกุ่ม จ.กรุงเทพฯ 10240","13.79553603,100.67051603",13.79553603,100.67051603,"บึงกุ่ม","รอน้ำลด","","ยังส่งไม่ได้",true,"วุฒิชัย จีปน","26/09/2026","ผู้ทำรายการ:วุฒิชัย จีปน;โอนงานมาจากวันที่:26/09/2026"
397,"263019","อรชุดา","2026-09-28T19:02:00+07:00","โอนงานสิ้นวัน","ไม่สามารถเข้าส่งได้ น้ำท่วมสูงในพื้นที่","13101","เสาร์","B2C","สาขารามอินทรา","4/145 หมู่บ้านสหกรณ์ ซ.เสรีไทย 57 แยก 8 ถ.เสรีไทย แขวงคลองกุ่ม เขตบึงกุ่ม จ.กรุงเทพฯ 10240","13.789846666666666,100.67271166666666",13.789846666666666,100.67271166666666,"บึงกุ่ม","รอน้ำลด","","ยังส่งไม่ได้",true,"จิรวัฒน์ สัยนิถี","28/09/2026","ผู้ทำรายการ:จิรวัฒน์ สัยนิถี;โอนงานมาจากวันที่:28/09/2026"
398,"263800","วิมลพันธ์","2026-09-28T19:02:00+07:00","โอนงานสิ้นวัน","ไม่สามารถเข้าส่งได้ เกิดข้อผิดพลาด (เลื่อนวันที่ส่ง)","13101","เสาร์","B2C","สาขารามอินทรา","92/770 ซ.เสรีไทย29 ม.นาริสา ซ.16 แขวงคลองกุ่ม เขตบึงกุ่ม จ.กรุงเทพฯ 10240","13.783688333333336,100.66195666666665",13.783688333333336,100.66195666666665,"บึงกุ่ม","รอน้ำลด","","ยังส่งไม่ได้",true,"สถาพร นนท์เข็มพรหม","26/09/2026","ผู้ทำรายการ:สถาพร นนท์เข็มพรหม;โอนงานมาจากวันที่:26/09/2026"
399,"172466","ณัฐ","2026-09-28T19:03:00+07:00","โอนงานสิ้นวัน","ไม่สามารถเข้าส่งได้ น้ำท่วมสูงในพื้นที่","13101","เสาร์","B2C","สาขารามอินทรา","4/282 หมู่บ้านสหกรณ์  ม.4 ถ.เสรีไทย แขวงคลองกุ่ม เขตบึงกุ่ม จ.กรุงเทพฯ 10240","13.791234999999999,100.67229833333334",13.791234999999999,100.67229833333334,"บึงกุ่ม","รอน้ำลด","","ยังส่งไม่ได้",true,"ฤทธิศักดิ์ สระเงินสิงห์","28/09/2026","ผู้ทำรายการ:ฤทธิศักดิ์ สระเงินสิงห์;โอนงานมาจากวันที่:28/09/2026"
400,"174002","ปริญญา","2026-09-28T19:03:00+07:00","โอนงานสิ้นวัน","ไม่สามารถเข้าส่งได้ น้ำท่วมสูงในพื้นที่","13101","เสาร์","B2C","สาขารามอินทรา","4/1227 หมู่บ้านสหกรณ์เคหะสถาน 4 ซ.69 ถ.เสรีไทย แขวงคลองกุ่ม เขตบึงกุ่ม จ.กรุงเทพฯ 10230","13.80244417,100.66825919",13.80244417,100.66825919,"บึงกุ่ม","รอน้ำลด","","ยังส่งไม่ได้",true,"วีรวัฒน์ อุดมทรัพย์","28/09/2026","ผู้ทำรายการ:วีรวัฒน์ อุดมทรัพย์;โอนงานมาจากวันที่:28/09/2026"
401,"266039","ประภาพร","2026-09-28T19:03:00+07:00","โอนงานสิ้นวัน","ไม่สามารถเข้าส่งได้ น้ำท่วมสูงในพื้นที่","13101","เสาร์","B2C","สาขารามอินทรา","4/477 หมู่บ้านสหกรณ์20 ถ.เสรีไทย แขวงคลองกุ่ม เขตบึงกุ่ม จ.กรุงเทพฯ 10240","13.792169999999999,100.66963833333332",13.792169999999999,100.66963833333332,"บึงกุ่ม","รอน้ำลด","","ยังส่งไม่ได้",true,"วุฒิชัย จีปน","26/09/2026","ผู้ทำรายการ:วุฒิชัย จีปน;โอนงานมาจากวันที่:26/09/2026"
402,"176427","กัญวดี","2026-09-28T19:03:00+07:00","โอนงานสิ้นวัน","ไม่สามารถเข้าส่งได้ น้ำท่วมสูงในพื้นที่","13101","เสาร์","B2C","สาขารามอินทรา","4/1276 หมู่บ้านสหกรณ์ แยก 34/5 ซ.เสรีไทย 57 ถ.เสรีไทย แขวงคลองกุ่ม เขตบึงกุ่ม จ.กรุงเทพฯ 10230","13.797358333333333,100.66760166666667",13.797358333333333,100.66760166666667,"บึงกุ่ม","รอน้ำลด","","ยังส่งไม่ได้",true,"จิรวัฒน์ สัยนิถี","28/09/2026","ผู้ทำรายการ:จิรวัฒน์ สัยนิถี;โอนงานมาจากวันที่:28/09/2026"
403,"176607","เบญจมาส","2026-09-28T19:04:00+07:00","โอนงานสิ้นวัน","ไม่สามารถเข้าส่งได้ น้ำท่วมสูงในพื้นที่","13101","เสาร์","B2C","สาขารามอินทรา","4/182 หมู่บ้านสหกรณ์ ซ.8 ถ.เสรีไทย 57 แขวงคลองกุ่ม เขตบึงกุ่ม จ.กรุงเทพฯ 10240","13.79006141,100.67247432",13.79006141,100.67247432,"บึงกุ่ม","รอน้ำลด","","ยังส่งไม่ได้",true,"สถาพร นนท์เข็มพรหม","26/09/2026","ผู้ทำรายการ:สถาพร นนท์เข็มพรหม;โอนงานมาจากวันที่:26/09/2026"
404,"268203","อรอินทุ์","2026-09-28T19:04:00+07:00","โอนงานสิ้นวัน","ไม่สามารถเข้าส่งได้ น้ำท่วมสูงในพื้นที่","13101","เสาร์","B2C","สาขารามอินทรา","4/577 สหกรณ์ ซ.23 ถ.เสรีไทย แขวงคลองกุ่ม เขตบึงกุ่ม จ.กรุงเทพฯ 10240","13.793993333333333,100.67118833333333",13.793993333333333,100.67118833333333,"บึงกุ่ม","รอน้ำลด","","ยังส่งไม่ได้",true,"ฤทธิศักดิ์ สระเงินสิงห์","28/09/2026","ผู้ทำรายการ:ฤทธิศักดิ์ สระเงินสิงห์;โอนงานมาจากวันที่:28/09/2026"
405,"212830","ศกุนตลา","2026-09-28T19:04:00+07:00","โอนงานสิ้นวัน","ไม่สามารถเข้าส่งได้ น้ำท่วมสูงในพื้นที่","13101","เสาร์","B2C","สาขารามอินทรา","4/277 หมู่บ้าน สหกรณ์ ซ.13 ถ.เสรีไทย แขวงคลองกุ่ม เขตบึงกุ่ม จ.กรุงเทพฯ 10240","13.79181831,100.67307542",13.79181831,100.67307542,"บึงกุ่ม","รอน้ำลด","","ยังส่งไม่ได้",true,"วีรวัฒน์ อุดมทรัพย์","28/09/2026","ผู้ทำรายการ:วีรวัฒน์ อุดมทรัพย์;โอนงานมาจากวันที่:28/09/2026"
406,"262891","ทัตพิชา","2026-09-28T19:05:00+07:00","โอนงานสิ้นวัน","ไม่สามารถเข้าส่งได้ น้ำท่วมสูงในพื้นที่","13101","เสาร์","B2C","สาขารามอินทรา","4/1589 หมู่บ้าน สหกรณ์ ซ.50/1 ถ.เสรีไทย แขวงคลองกุ่ม เขตบึงกุ่ม จ.กรุงเทพฯ 10240","13.801871666666667,100.66674833333333",13.801871666666667,100.66674833333333,"บึงกุ่ม","รอน้ำลด","","ยังส่งไม่ได้",true,"วุฒิชัย จีปน","26/09/2026","ผู้ทำรายการ:วุฒิชัย จีปน;โอนงานมาจากวันที่:26/09/2026"
407,"269025","จิรา แพคเกจจิ้ง จำกัด","2026-09-28T17:53:00+07:00","เสริมน้ำ ตรงรอบ","ไม่สามารถเข้าส่งได้ น้ำท่วมสูงในพื้นที่","13101","จันทร์","B2B","สาขารามอินทรา","8/285 หมู่บ้านกลางเมือง ลาดพร้าว - เสรีไทย ซ.เสรีไทย 52   แขวงคันนายาว เขตคันนายาว กรุงเทพฯ 10230","13.794001666666668,100.69695500000002",13.794001666666668,100.69695500000002,"คันนายาว","รอน้ำลด","","ยังส่งไม่ได้",false,"","",""
408,"233698","นภาวรรณ","2026-09-28T17:52:00+07:00","เสริมน้ำ นอกรอบ","ไม่สามารถเข้าส่งได้ เกิดข้อผิดพลาด (เลื่อนวันที่ส่ง)","13101","จันทร์","B2C","สาขารามอินทรา","8/225 บ้านกลางเมืองลาดพร้าว เสรีไทย ซ.14 ถ.เสรีไทย 52  แขวงคันนายาว เขตคันนายาว จ.กรุงเทพฯ 10230","13.793881666666667,100.69783000000001",13.793881666666667,100.69783000000001,"คันนายาว","รอน้ำลด","","ยังส่งไม่ได้",false,"","",""
409,"217698","วิลาสินี","2026-09-28T17:52:00+07:00","เสริมน้ำ นอกรอบ","ไม่สามารถเข้าส่งได้ น้ำท่วมสูงในพื้นที่","13101","จันทร์","B2C","สาขารามอินทรา","8/259 ซ.16 หมู่บ้าน บ้านกลางเมืองลาดพร้าว-เสรีไทย (เสรีไทย52)  แขวงคันนายาว เขตคันนายาว จ.กรุงเทพฯ 10230","13.794260000000001,100.69662666666666",13.794260000000001,100.69662666666666,"คันนายาว","รอน้ำลด","","ยังส่งไม่ได้",false,"","",""
410,"164875","ศศกร","2026-09-28T17:53:00+07:00","เสริมน้ำ นอกรอบ","ไม่สามารถเข้าส่งได้ น้ำท่วมสูงในพื้นที่","13101","จันทร์","B2C","สาขารามอินทรา","8/117 หมู่บ้านกลางเมือง ลาดพร้าว-เสรีไทย ซ.เสรีไทย 52  แขวง คันนายาว เขต คันนายาว กรุงเทพฯ 10230","13.794983333333334,100.69685666666668",13.794983333333334,100.69685666666668,"","รอน้ำลด","","ยังส่งไม่ได้",false,"","",""
411,"287428","ชวดล","2026-09-28T18:16:00+07:00","ปกติ","ไม่สามารถเข้าส่งได้ น้ำท่วมสูงในพื้นที่","13103","จันทร์","B2C","สาขารามอินทรา","122/45 S Gate Town ซ.บางรักน้อย 16/5  ต.บางรักน้อย อ.เมืองนนทบุรี จ.นนทบุรี 11000","13.805503333333336,100.65694666666668",13.805503333333336,100.65694666666668,"","รอน้ำลด","","ยังส่งไม่ได้",false,"","",""
412,"114907","สมชาย ทองใบ","2026-09-28T13:07:00+07:00","โอนงานสิ้นวัน","ไม่สามารถเข้าส่งได้ น้ำท่วมสูงในพื้นที่","13103","เสาร์","B2C","สาขารามอินทรา","23/319 หมู่บ้านเสริมมิตร แขวงคลองกุ่ม เขตบึงกุ่ม กรุงเทพฯ 10240","13.8022588,100.6550097",13.8022588,100.6550097,"บึงกุ่ม","รอน้ำลด","","ยังส่งไม่ได้",true,"จิรวัฒน์ สัยนิถี","28/09/2026","ผู้ทำรายการ:จิรวัฒน์ สัยนิถี;โอนงานมาจากวันที่:28/09/2026"
413,"60438","ศันธนีย์ มณีพงษ์สวัสดิ์","2026-09-28T18:38:00+07:00","โอนงานสิ้นวัน","ไม่สามารถเข้าส่งได้ น้ำท่วมสูงในพื้นที่","13103","เสาร์","B2C","สาขารามอินทรา","4/1059 หมู่บ้านธนะสิน ซ.นวมินทร์ 68 ถ.นวมินทร์ แขวงคลองกุ่ม เขตบึงกุ่ม กรุงเทพฯ 10230","13.8067919,100.6511712",13.8067919,100.6511712,"บึงกุ่ม","รอน้ำลด","","ยังส่งไม่ได้",true,"สถาพร นนท์เข็มพรหม","26/09/2026","ผู้ทำรายการ:สถาพร นนท์เข็มพรหม;โอนงานมาจากวันที่:26/09/2026"
414,"175782","สุขวุฒิ","2026-09-28T18:48:00+07:00","โอนงานสิ้นวัน","ไม่สามารถเข้าส่งได้ น้ำท่วมสูงในพื้นที่","13103","เสาร์","B2C","สาขารามอินทรา","4/616 หมู่บ้านธนะสิน ซ.นวมินทร์ 68 ถ. นวมินทร์ แขวงคลองกุ่ม เขตบึงกุ่ม จ.กรุงเทพฯ 10230","13.80735735,100.65269671",13.80735735,100.65269671,"บึงกุ่ม","รอน้ำลด","","ยังส่งไม่ได้",true,"ฤทธิศักดิ์ สระเงินสิงห์","28/09/2026","ผู้ทำรายการ:ฤทธิศักดิ์ สระเงินสิงห์;โอนงานมาจากวันที่:28/09/2026"
415,"203455","ณัฐยาน์","2026-09-28T18:22:00+07:00","โอนงานสิ้นวัน","ไม่สามารถเข้าส่งได้ น้ำท่วมสูงในพื้นที่","13103","เสาร์","B2C","สาขารามอินทรา","4/712 หมู่บ้านธนะสิน โครงการ 5 ซ.4 ซ.นวมินทร์ 68  ถ.นวมินทร์ แขวงคลองกุ่ม เขตบึงกุ่ม กรุงเทพฯ 10230","13.805791666666668,100.65161833333335",13.805791666666668,100.65161833333335,"บึงกุ่ม","รอน้ำลด","","ยังส่งไม่ได้",true,"วีรวัฒน์ อุดมทรัพย์","28/09/2026","ผู้ทำรายการ:วีรวัฒน์ อุดมทรัพย์;โอนงานมาจากวันที่:28/09/2026"
416,"224161","กรุงเทพ แอนิมัล เฮลธ์ จำกัด","2026-09-28T16:04:00+07:00","ปกติ","ไม่สามารถเข้าส่งได้ น้ำท่วมสูงในพื้นที่","13104","จันทร์","B2B","สาขารามอินทรา"," 41/116 ถ.นวลจันทร์ ปากซอยนวลจันทร์ซอย25 แขวงนวลจันทร์ เขตบึงกุ่ม จ.กรุงเทพฯ 10230","13.834003333333332,100.637655",13.834003333333332,100.637655,"บึงกุ่ม","รอน้ำลด","","ยังส่งไม่ได้",false,"","",""
417,"238094","วอท อะ เกิร์ล ว้อนท์ จำกัด","2026-09-28T16:06:00+07:00","ปกติ","ไม่สามารถเข้าส่งได้ น้ำท่วมสูงในพื้นที่","13104","จันทร์","B2B","สาขารามอินทรา","46/97 ชั้น2 ซอย นวลจันทร์ 31 ถนนนวลจันทร์  แขวงนวลจันทร์ เขตบึงกุ่ม จ.กรุงเทพฯ 10240","13.836674999999998,100.63595666666667",13.836674999999998,100.63595666666667,"บึงกุ่ม","รอน้ำลด","","ยังส่งไม่ได้",false,"","",""
418,"114787","มีแพลนดี จำกัด","2026-09-28T18:37:00+07:00","ปกติ","ไม่สามารถเข้าส่งได้ เกิดข้อผิดพลาด (เลื่อนวันที่ส่ง)","13104","จันทร์","B2B","สาขารามอินทรา","29/592 WIND CLINIC (สาขาเลียบทางด่วน) ถ.ประดิษฐ์มนูธรรม  แขวงนวลจันทร์ เขตบึงกุ่ม จ.กรุงเทพฯ 10240","13.836718333333332,100.63330666666667",13.836718333333332,100.63330666666667,"บึงกุ่ม","รอน้ำลด","","ยังส่งไม่ได้",false,"","",""
419,"104106","กันตพงษ์ วระชินา","2026-09-28T19:27:00+07:00","โอนงานสิ้นวัน","ไม่สามารถเข้าส่งได้ น้ำท่วมสูงในพื้นที่","13104","เสาร์","B2C","สาขารามอินทรา","51/28 (ร้านเสริมสวยJACKPOT) หมู่บ้านเสนา 88 ซ.นวลจันทร์ 17 ถ.นวลจันทร์ แขวงนวลจันทร์ เขตบึงกุ่ม กรุงเทพฯ 10230","13.82637564,100.64007488",13.82637564,100.64007488,"บึงกุ่ม","รอน้ำลด","","ยังส่งไม่ได้",true,"ฤทธิศักดิ์ สระเงินสิงห์","28/09/2026","ผู้ทำรายการ:ฤทธิศักดิ์ สระเงินสิงห์;โอนงานมาจากวันที่:28/09/2026"
420,"300311","คอมมิท คอนสตรัคชั่น จำกัด","2026-09-28T18:31:00+07:00","โอนงานสิ้นวัน","ไม่สามารถเข้าส่งได้ น้ำท่วมสูงในพื้นที่","13104","อังคาร","B2B","สาขารามอินทรา","ไซต์งานก่อสร้าง แปลง 32 หมู่บ้าน crystal solana ถ.ประดิษฐ์มนูธรรม แขวงนวลจันทร์ เขตบึงกุ่ม จ.กรุงเทพฯ 10240","13.845198333333334,100.63743833333335",13.845198333333334,100.63743833333335,"บึงกุ่ม","รอน้ำลด","","ยังส่งไม่ได้",true,"วีรวัฒน์ อุดมทรัพย์","28/09/2026","ผู้ทำรายการ:วีรวัฒน์ อุดมทรัพย์;โอนงานมาจากวันที่:28/09/2026"
421,"208294","พรเทพ","2026-09-28T15:22:00+07:00","ปกติ","ไม่สามารถเข้าส่งได้ น้ำท่วมสูงในพื้นที่","13201","จันทร์","B2C","สาขารามอินทรา","89/90 หมู่บ้าน จินดาทาวน์ 2 ซอยสุเหล่า คลองหนึง 8 ถ.พระยาสุเรนทร์ แขวงบางชัน เขตคลองสามวา จ.กรุงเทพฯ 10510","13.84106918,100.70111781",13.84106918,100.70111781,"คลองสามวา","รอน้ำลด","","ยังส่งไม่ได้",false,"","",""
422,"247211","ภริตา","2026-09-28T15:22:00+07:00","ปกติ","ไม่สามารถเข้าส่งได้ น้ำท่วมสูงในพื้นที่","13201","จันทร์","B2C","สาขารามอินทรา","89/63 จินดาทาวน์  ซ.สุเหร่าคลองหนึ่ง 8 แขวงบางชัน เขตคลองสามวา จ.กรุงเทพฯ 10510","13.840806666666667,100.70115333333334",13.840806666666667,100.70115333333334,"คลองสามวา","รอน้ำลด","","ยังส่งไม่ได้",false,"","",""
423,"183744","ปรเมศ","2026-09-28T08:28:00+07:00","ปกติ","ไม่สามารถเข้าส่งได้ น้ำท่วมสูงในพื้นที่","13202","จันทร์","B2C","สาขารามอินทรา","27/73 หมู่บ้านพฤกษาวิลล์ 27 ถ.สามวา  แขวงมีนบุรี เขตมีนบุรี จ.กรุงเทพฯ 10510","13.824073333333335,100.72370166666666",13.824073333333335,100.72370166666666,"มีนบุรี","รอน้ำลด","","ยังส่งไม่ได้",false,"","",""
424,"273717","พิมพ์ลภัส","2026-09-28T17:11:00+07:00","ปกติ","ไม่สามารถเข้าส่งได้ น้ำท่วมสูงในพื้นที่","13202","จันทร์","B2C","สาขารามอินทรา","ร้าน พีพีเอส ฟิล์ม อุปกรณ์ เลขที่ 54 ถ.สุวินทวงศ์ แขวงมีนบุรี เขตมีนบุรี จ.กรุงเทพฯ 10510","13.814771666666665,100.72059666666668",13.814771666666665,100.72059666666668,"มีนบุรี","รอน้ำลด","","ยังส่งไม่ได้",false,"","",""
425,"277052","กัลยารวิศ","2026-09-28T08:28:00+07:00","ปกติ","ไม่สามารถเข้าส่งได้ น้ำท่วมสูงในพื้นที่","13202","จันทร์","B2C","สาขารามอินทรา","27/109 หมู่บ้านพฤกษาวิลล์ 27 ถ.สามวา แขวงมีนบุรี เขตมีนบุรี จ.กรุงเทพฯ 10510","13.824275,100.72387666666667",13.824275,100.72387666666667,"มีนบุรี","รอน้ำลด","","ยังส่งไม่ได้",false,"","",""
426,"186422/1","บิวตี้พลัส 365 จำกัด (สำนักงานใหญ่)","2026-09-28T17:10:00+07:00","ปกติ","ไม่สามารถเข้าส่งได้ น้ำท่วมสูงในพื้นที่","13202","จันทร์","B2B","สาขารามอินทรา","39 ซอยสีหบุรานุกิจ 9  กำแพงสีขาว ถนนสีหบุรานุกิจ แขวงมีนบุรี เขตมีนบุรี จ.กรุงเทพฯ 10510","13.814919999999999,100.72409",13.814919999999999,100.72409,"มีนบุรี","รอน้ำลด","","ยังส่งไม่ได้",false,"","",""
427,"194425","กัญญา","2026-09-28T08:29:00+07:00","ปกติ","ไม่สามารถเข้าส่งได้ น้ำท่วมสูงในพื้นที่","13202","จันทร์","B2C","สาขารามอินทรา","27/61 หมู่บ้านพฤกษาวิลล์ 27 ถ.สามวา แขวงมีนบุรี เขตมีนบุรี จ.กรุงเทพฯ 10510","13.82386957,100.72283111",13.82386957,100.72283111,"มีนบุรี","รอน้ำลด","","ยังส่งไม่ได้",false,"","",""
428,"35339/568","เงินติดล้อ จำกัด (มหาชน)","2026-09-28T17:04:00+07:00","ปกติ","ไม่สามารถเข้าส่งได้ เกิดข้อผิดพลาด (เลื่อนวันที่ส่ง)","13202","จันทร์","B2B","สาขารามอินทรา","75/5 เงินติดล้อ พีสเตชั่น มีนบุรี ถ.สุวินทวงศ์  แขวงมีนบุรี เขตมีนบุรี จ.กรุงเทพฯ 10510","13.819605000000001,100.73412666666667",13.819605000000001,100.73412666666667,"มีนบุรี","รอน้ำลด","","ยังส่งไม่ได้",false,"","",""
429,"202074","ดุจฤดี","2026-09-28T09:03:00+07:00","ปกติ","ไม่สามารถเข้าส่งได้ น้ำท่วมสูงในพื้นที่","13202","จันทร์","B2C","สาขารามอินทรา","64/6 หมู่บ้านกรีนวิลล์ ซอยสามวา11 ถนนสามวา แขวงบางชัน เขตคลองสามวา กรุงเทพฯ 1051","13.82987298,100.72471125",13.82987298,100.72471125,"คลองสามวา","รอน้ำลด","","ยังส่งไม่ได้",false,"","",""
430,"212151","วิภาวดี","2026-09-28T08:29:00+07:00","ปกติ","ไม่สามารถเข้าส่งได้ น้ำท่วมสูงในพื้นที่","13202","จันทร์","B2C","สาขารามอินทรา","27/22 หมู่บ้าน พฤกษาวิลล์ 27 ถ.สามวา แขวงมีนบุรี เขตมีนบุรี จ.กรุงเทพฯ 10510","13.823919999999998,100.72409333333331",13.823919999999998,100.72409333333331,"มีนบุรี","รอน้ำลด","","ยังส่งไม่ได้",false,"","",""
431,"285538","อำภา","2026-09-28T17:03:00+07:00","ปกติ","ไม่สามารถเข้าส่งได้ น้ำท่วมสูงในพื้นที่","13202","จันทร์","B2C","สาขารามอินทรา"," เลขที่ 69 ปั๊มบางจาก ถ.สุวินทวงศ์ แขวงมีนบุรี เขตมีนบุรี จ.กรุงเทพฯ 10510","13.81949,100.73307666666666",13.81949,100.73307666666666,"มีนบุรี","รอน้ำลด","","ยังส่งไม่ได้",false,"","",""
432,"213611","อังคณา","2026-09-28T11:55:00+07:00","เสริมน้ำ ตรงรอบ","ไม่สามารถเข้าส่งได้ น้ำท่วมสูงในพื้นที่","13202","จันทร์","B2C","สาขารามอินทรา","27/62 หมู่บ้าน พฤกษาวิลล์27 ถ.สามวา แขวงมีนบุรี เขตมีนบุรี จ.กรุงเทพฯ 10510","13.823955000000002,100.72292666666665",13.823955000000002,100.72292666666665,"มีนบุรี","รอน้ำลด","","ยังส่งไม่ได้",false,"","",""
433,"214909","เอ็มเอสอี (ประเทศไทย) จำกัด","2026-09-28T17:11:00+07:00","ปกติ","ไม่สามารถเข้าส่งได้ น้ำท่วมสูงในพื้นที่","13202","จันทร์","B2B","สาขารามอินทรา","54/3 ถนนสุวินทวงศ์ แขวงมีนบุรี เขตมีนบุรี จ.กรุงเทพฯ 10510","13.814928333333334,100.720555",13.814928333333334,100.720555,"มีนบุรี","รอน้ำลด","","ยังส่งไม่ได้",false,"","",""
434,"216192","วราภร สะตะดีกุล","2026-09-28T08:46:00+07:00","ปกติ","ไม่สามารถเข้าส่งได้ น้ำท่วมสูงในพื้นที่","13202","จันทร์","B2C","สาขารามอินทรา","41/75 หมู่บ้าน นิรันดร์สิริ เฟส 1 ถ.สามวา  แขวงมีนบุรี เขตมีนบุรี จ.กรุงเทพฯ 10510","13.827140000000002,100.72318166666668",13.827140000000002,100.72318166666668,"มีนบุรี","รอน้ำลด","","ยังส่งไม่ได้",false,"","",""
435,"12230/1","วิลาวรรณ์ คงหอม","2026-09-28T09:04:00+07:00","ปกติ","ไม่สามารถเข้าส่งได้ น้ำท่วมสูงในพื้นที่","13202","จันทร์","B2C","สาขารามอินทรา","64/33 หมู่บ้านกรีนวิลล์ ซ.สามวา11 แขวงบางชัน เขตคลองสามวา กรุงเทพฯ 10510","13.830255,100.723735",13.830255,100.723735,"คลองสามวา","รอน้ำลด","","ยังส่งไม่ได้",false,"","",""
436,"208180/1","ฟอร์ธ แคลิเบรชั่น แอนด์ เซอร์วิส จำกัด","2026-09-28T08:46:00+07:00","ปกติ","ไม่สามารถเข้าส่งได้ น้ำท่วมสูงในพื้นที่","13202","จันทร์","B2B","สาขารามอินทรา","41/28 หมู่บ้านนิรันดร์สิริเฟส 1 แขวงมีนบุรี เขตมีนบุรี จ.กรุงเทพฯ 10510","13.827085,100.72348666666667",13.827085,100.72348666666667,"มีนบุรี","รอน้ำลด","","ยังส่งไม่ได้",false,"","",""
437,"294519","เดียร์ แอนด์ โดม คอร์ปอเรชั่น จำกัด","2026-09-28T17:02:00+07:00","ปกติ","ไม่สามารถเข้าส่งได้ น้ำท่วมสูงในพื้นที่","13202","จันทร์","B2B","สาขารามอินทรา","87 ถ.สุวินทวงศ์ แขวงมีนบุรี เขตมีนบุรี จ.กรุงเทพฯ 10510","13.8217094,100.7363114",13.8217094,100.7363114,"มีนบุรี","รอน้ำลด","","ยังส่งไม่ได้",false,"","",""
438,"295393","พรฤดี","2026-09-28T11:55:00+07:00","ตามน้ำ","ไม่สามารถเข้าส่งได้ เกิดข้อผิดพลาด (เลื่อนวันที่ส่ง)","13202","จันทร์","B2C","สาขารามอินทรา","27/140 หมูบ้านพฤกษาวิลล์27, ถ.สามวา แขวงมีนบุรี เขตมีนบุรี จ.กรุงเทพฯ 10510","13.823888333333333,100.72196833333334",13.823888333333333,100.72196833333334,"มีนบุรี","รอน้ำลด","","ยังส่งไม่ได้",false,"","",""
439,"13359","ฟอร์ทูล จำกัด","2026-09-28T17:11:00+07:00","ปกติ","ไม่สามารถเข้าส่งได้ น้ำท่วมสูงในพื้นที่","13202","จันทร์","B2B","สาขารามอินทรา","54/2 หมู่บ้านมีนเรสซิเด้นท์ ถ.สุวินทวงศ์  แขวงมีนบุรี เขตมีนบุรี กรุงเทพฯ 10510 ","13.81484,100.72055",13.81484,100.72055,"มีนบุรี","รอน้ำลด","","ยังส่งไม่ได้",false,"","",""
440,"30465","นาติก้า จำกัด","2026-09-28T08:42:00+07:00","ปกติ","ไม่สามารถเข้าส่งได้ น้ำท่วมสูงในพื้นที่","13202","จันทร์","B2B","สาขารามอินทรา","43/27 นิรันสิริ เฟส 2 ถ.สามวา แขวงมีนบุรี เขตมีนบุรี กรุงเทพฯ 10510","13.826698333333331,100.72306333333333",13.826698333333331,100.72306333333333,"มีนบุรี","รอน้ำลด","","ยังส่งไม่ได้",false,"","",""
441,"32088","ศักดา ศักดิ์ศรีศิริกุล","2026-09-28T08:15:00+07:00","ปกติ","ไม่สามารถเข้าส่งได้ น้ำท่วมสูงในพื้นที่","13202","จันทร์","B2C","สาขารามอินทรา","14 ซ.สามวา 5 แขวงมีนบุรี เขตมีนบุรี กรุงเทพฯ 10510","13.82147706,100.72328001",13.82147706,100.72328001,"มีนบุรี","รอน้ำลด","","ยังส่งไม่ได้",false,"","",""
442,"85572","ซีวิล่า อินเตอร์เนชั่นแนล จำกัด","2026-09-28T17:03:00+07:00","ปกติ","ไม่สามารถเข้าส่งได้ น้ำท่วมสูงในพื้นที่","13202","จันทร์","B2B","สาขารามอินทรา","91/10  อาร์เค ออฟฟิศ ปาร์ค ถ.สุวินทวงศ์ แขวงมีนบุรี เขตมีนบุรี กรุงเทพฯ 10510","13.82035365,100.73944162",13.82035365,100.73944162,"มีนบุรี","รอน้ำลด","","ยังส่งไม่ได้",false,"","",""
443,"242627","สยามสาคร โปรดักส์ จำกัด","2026-09-28T17:04:00+07:00","ปกติ","ไม่สามารถเข้าส่งได้ น้ำท่วมสูงในพื้นที่","13202","จันทร์","B2B","สาขารามอินทรา"," 95/5 โครงการเดอะคอนเนค มีนบุรี-รามอินทรา ถ.สุวินทวงศ์  แขวงมีนบุรี เขตมีนบุรี จ.กรุงเทพฯ 10510","13.820196666666668,100.73751333333333",13.820196666666668,100.73751333333333,"มีนบุรี","รอน้ำลด","","ยังส่งไม่ได้",false,"","",""
444,"99065","อีเทอร์นิตี้ เอ็นเตอร์ไพรส์ จำกัด (สำนักงานใหญ่)","2026-09-28T08:30:00+07:00","ปกติ","ไม่สามารถเข้าส่งได้ น้ำท่วมสูงในพื้นที่","13202","จันทร์","B2B","สาขารามอินทรา","เลขที่ 27/21 หมู่บ้านพฤกษาวิลล์ 27 ถ.สามวา แขวงมีนบุรี เขตมีนบุรี กรุงเทพฯ 10510","13.82390334,100.72410066",13.82390334,100.72410066,"มีนบุรี","รอน้ำลด","","ยังส่งไม่ได้",false,"","",""
445,"102565","บอยออโต้กรุ๊ป จำกัด (สำนักงานใหญ่)","2026-09-28T17:06:00+07:00","ปกติ","ไม่สามารถเข้าส่งได้ น้ำท่วมสูงในพื้นที่","13202","จันทร์, ศุกร์","B2B","สาขารามอินทรา","114 ถ.สุวินทวงศ์  แขวงมีนบุรี เขตมีนบุรี จ.กรุงเทพฯ 10510","13.8172041,100.7236994",13.8172041,100.7236994,"มีนบุรี","รอน้ำลด","","ยังส่งไม่ได้",false,"","",""
446,"05880/43","บีจีที คอร์ปอเรชั่น จำกัด (มหาชน)","2026-09-28T17:13:00+07:00","ปกติ","ไม่สามารถเข้าส่งได้ น้ำท่วมสูงในพื้นที่","13202","จันทร์","B2B","สาขารามอินทรา","188 ถ.สุวินทวงศ์ แขวงมีนบุรี เขตมีนบุรี กรุงเทพฯ 10510","13.81858,100.73775333333333",13.81858,100.73775333333333,"มีนบุรี","รอน้ำลด","","ยังส่งไม่ได้",false,"","",""
447,"114962","ซีซีเอ็น อิมปอร์ตเอ็กซ์ปอร์ต จำกัด","2026-09-28T17:04:00+07:00","ปกติ","ไม่สามารถเข้าส่งได้ น้ำท่วมสูงในพื้นที่","13202","จันทร์","B2B","สาขารามอินทรา","95/45 ถ.สุรินทวงศ์ แขวงมีนบุรี เขตมีนบุรี กรุงเทพ 10510","13.821988333333335,100.73621333333334",13.821988333333335,100.73621333333334,"มีนบุรี","รอน้ำลด","","ยังส่งไม่ได้",false,"","",""
448,"120228","สมศรี","2026-09-28T09:04:00+07:00","ปกติ","ไม่สามารถเข้าส่งได้ เกิดข้อผิดพลาด (เลื่อนวันที่ส่ง)","13202","จันทร์","B2C","สาขารามอินทรา","64/53 หมู่บ้านกรีนวิลล์ ซ.สามวา 11 ถ.สามวา แขวงบางชัน เขตคลองสามวา กรุงเทพฯ 10510","13.830244999999998,100.72369833333332",13.830244999999998,100.72369833333332,"คลองสามวา","รอน้ำลด","","ยังส่งไม่ได้",false,"","",""
449,"148760","ฮับเทค เซลแอนด์เซอร์วิส","2026-09-28T08:30:00+07:00","ปกติ","ไม่สามารถเข้าส่งได้ น้ำท่วมสูงในพื้นที่","13202","จันทร์","B2B","สาขารามอินทรา","27/45 ซ.1 หมู่บ้านพฤกษาวิลล์ ถ.สามวา แขวงมีนบุรี เขตมีนบุรี จ.กรุงเทพฯ 10510","13.82393466,100.72286715",13.82393466,100.72286715,"มีนบุรี","รอน้ำลด","","ยังส่งไม่ได้",false,"","",""
450,"159783","มธุริน","2026-09-28T09:05:00+07:00","ปกติ","ไม่สามารถเข้าส่งได้ น้ำท่วมสูงในพื้นที่","13202","จันทร์","B2C","สาขารามอินทรา","64/4 ซ.สามวา 11 ถ.สามวา แขวงบางชัน เขตคลองสามวา จ.กรุงเทพฯ 10510","13.829886666666669,100.72471333333333",13.829886666666669,100.72471333333333,"คลองสามวา","รอน้ำลด","","ยังส่งไม่ได้",false,"","",""
451,"251375","อาเธอร์ เมดิคอล กรุ๊ป จำกัด","2026-09-28T17:11:00+07:00","ปกติ","ไม่สามารถเข้าส่งได้ น้ำท่วมสูงในพื้นที่","13202","จันทร์","B2B","สาขารามอินทรา","อาเธอร์คลินิก สาขามีนบุรี (จักรภัทร) ถ.สุวินทวงษ์  แขวงมีนบุรี เขตมีนบุรี กรุงเทพฯ 10510","13.8147,100.72061166666666",13.8147,100.72061166666666,"มีนบุรี","รอน้ำลด","","ยังส่งไม่ได้",false,"","",""
452,"256672","วรินทร์ชลา","2026-09-28T17:06:00+07:00","ปกติ","ไม่สามารถเข้าส่งได้ น้ำท่วมสูงในพื้นที่","13202","จันทร์","B2C","สาขารามอินทรา","114/2 ซ.สุวินทวงศ์ 6  แขวงมีนบุรี เขตมีนบุรี จ.กรุงเทพฯ 10510","13.816866,100.725493",13.816866,100.725493,"มีนบุรี","รอน้ำลด","","ยังส่งไม่ได้",false,"","",""
453,"257160","ลักษณ์ชนก","2026-09-28T08:47:00+07:00","ปกติ","ไม่สามารถเข้าส่งได้ น้ำท่วมสูงในพื้นที่","13202","จันทร์","B2C","สาขารามอินทรา","41/22 หมู่บ้านนิรันดร์สิริ เฟส 1 ถ.สามวา แขวงมีนบุรี เขตมีนบุรี จ.กรุงเทพฯ 10510","13.827035,100.72350499999999",13.827035,100.72350499999999,"มีนบุรี","รอน้ำลด","","ยังส่งไม่ได้",false,"","",""
454,"164235","วรลักษณ์","2026-09-28T08:30:00+07:00","ปกติ","ไม่สามารถเข้าส่งได้ น้ำท่วมสูงในพื้นที่","13202","จันทร์","B2C","สาขารามอินทรา","27/133 หมู่บ้านพฤกษาวิลล์27 (ซ.3) ซ.ถนนสามวา แขวงมีนบุรี เขตมีนบุรี จ.กรุงเทพฯ 10510","13.8242,100.72232333333335",13.8242,100.72232333333335,"มีนบุรี","รอน้ำลด","","ยังส่งไม่ได้",false,"","",""
455,"166275","สุพิมพ์","2026-09-28T09:05:00+07:00","ปกติ","ไม่สามารถเข้าส่งได้ น้ำท่วมสูงในพื้นที่","13202","จันทร์","B2C","สาขารามอินทรา","64/8 หมู่บ้านกรีนวิลล์ ซ.สามวา 11 ถ.สามวา แขวงบางชัน เขตคลองสามวา จ.กรุงเทพฯ 10510","13.82989,100.72445",13.82989,100.72445,"คลองสามวา","รอน้ำลด","","ยังส่งไม่ได้",false,"","",""
456,"02224/56","ปตท. น้ำมันและการค้าปลีก จำกัด (มหาชน)","2026-09-28T17:05:00+07:00","ปกติ","ไม่สามารถเข้าส่งได้ น้ำท่วมสูงในพื้นที่","13202","จันทร์","B2B","สาขารามอินทรา","75/4 ศูนย์บริการยานยนต์  FIT AUTO ( สาขามีนุบรี ) ถ.สุวิทวงศ์ แขวงมีนบุรี เขตมีนบุรี จ.กรุงเทพฯ 10510","13.8205112,100.7334384",13.8205112,100.7334384,"มีนบุรี","รอน้ำลด","","ยังส่งไม่ได้",false,"","",""
457,"267142","นิรุจ","2026-09-28T08:31:00+07:00","ปกติ","ไม่สามารถเข้าส่งได้ น้ำท่วมสูงในพื้นที่","13202","จันทร์","B2C","สาขารามอินทรา","27/289 หมู่บ้านพฤกษาวิลล์ 27 ซ.5 ถ.สามวา แขวงมีนบุรี เขตมีนบุรี จ.กรุงเทพฯ 10510","13.824629999999997,100.72484833333334",13.824629999999997,100.72484833333334,"มีนบุรี","รอน้ำลด","","ยังส่งไม่ได้",false,"","",""
458,"03422/3","ธนาคาร เพื่อการเกษตรและสหกรณ์การเกษตร","2026-09-28T17:00:00+07:00","เสริมน้ำ นอกรอบ","ไม่สามารถเข้าส่งได้ เกิดข้อผิดพลาด (เลื่อนวันที่ส่ง)","13202","ศุกร์","B2B","สาขารามอินทรา","40-40/2 ธนาคาร เพื่อการเกษตรและสหกรณ์การเกษตร สาขา มีนบุรี ถ.สุวินทวงศ์ แขวงมีนบุรี เขตมีนบุรี จ.กรุงเทพฯ 10510","13.814428333333334,100.72012333333332",13.814428333333334,100.72012333333332,"มีนบุรี","รอน้ำลด","","ยังส่งไม่ได้",false,"","",""
459,"280388","ธัญญารัตน์","2026-09-28T15:22:00+07:00","ปกติ","ไม่สามารถเข้าส่งได้ น้ำท่วมสูงในพื้นที่","13203","จันทร์","B2C","สาขารามอินทรา","249/186 กด, หมู่บ้าน พลีโน่ปัญญา-รามอินทรา ซ.พระยาสุเรนทร์35 ถ.พระยาสุเรนทร์ แขวงบางชัน เขตคลองสามวา จ.กรุงเทพฯ 10510","13.847421666666666,100.68860333333332",13.847421666666666,100.68860333333332,"คลองสามวา","รอน้ำลด","","ยังส่งไม่ได้",false,"","",""
460,"93675/1","ริปเปิ้ล อินเตอร์เนชั่นแนล จำกัด","2026-09-28T15:22:00+07:00","ปกติ","ไม่สามารถเข้าส่งได้ น้ำท่วมสูงในพื้นที่","13203","จันทร์","B2B","สาขารามอินทรา"," 136/5 (พื้นที่พาณิชยกรรม 6) ถ.พระยาสุเรนทร์ แขวงบางชัน เขตคลองสามวา จ.กรุงเทพฯ 10510","13.818254999999999,100.70139666666667",13.818254999999999,100.70139666666667,"คลองสามวา","รอน้ำลด","","ยังส่งไม่ได้",false,"","",""
461,"231856","โมลิค แฟบบริค จำกัด","2026-09-28T15:21:00+07:00","ปกติ","ไม่สามารถเข้าส่งได้ น้ำท่วมสูงในพื้นที่","13203","จันทร์","B2B","สาขารามอินทรา","136/5 อาคาร 7 ถ.พระยาสุเรนทร์ แขวงบางชัน เขตคลองสามวา จ.กรุงเทพฯ 10510","13.818341666666667,100.70141333333335",13.818341666666667,100.70141333333335,"คลองสามวา","รอน้ำลด","","ยังส่งไม่ได้",false,"","",""
462,"233426","วนิดา","2026-09-28T15:15:00+07:00","ตามน้ำ","ไม่สามารถเข้าส่งได้ น้ำท่วมสูงในพื้นที่","13203","จันทร์","B2C","สาขารามอินทรา","89/19 ร่มไม้ ซ.พระยาสุเรนทร์ 32 ถ.พระยาสุเรนทร์ แขวงบางชัน เขตคลองสามวา จ.กรุงเทพฯ 10510","13.850388333333335,100.69606166666667",13.850388333333335,100.69606166666667,"คลองสามวา","รอน้ำลด","","ยังส่งไม่ได้",false,"","",""
463,"236395","รายออน (ประเทศไทย) จำกัด","2026-09-28T15:17:00+07:00","ปกติ","ไม่สามารถเข้าส่งได้ น้ำท่วมสูงในพื้นที่","13203","จันทร์","B2B","สาขารามอินทรา","6/224 หมู่บ้านชื่นกมลนิเวศน์ 7 ซ.พระยาสุเรนทร์ 33 แขวงบางชัน เขตคลองสามวา จ.กรุงเทพฯ 10510","13.849843333333334,100.69245000000001",13.849843333333334,100.69245000000001,"คลองสามวา","รอน้ำลด","","ยังส่งไม่ได้",false,"","",""
464,"00618/9","ซีพโก้ จำกัด (มหาชน)","2026-09-28T14:43:00+07:00","ปกติ","ไม่สามารถเข้าส่งได้ น้ำท่วมสูงในพื้นที่","13203","จันทร์, พฤหัสบดี, เสาร์","Key Account 2","สาขารามอินทรา","สำนักงานซ่อมบำรุง บางชัน 1 (WORK SHOP1) ถ.รามอินทรา แขวงมีนบุรี เขตมีนบุรี","13.819663333333331,100.70006333333335",13.819663333333331,100.70006333333335,"มีนบุรี","รอน้ำลด","","ยังส่งไม่ได้",false,"","",""
465,"40994","โรงเรียนเลิร์นสาธิตพัฒนา ฝ่ายประถม","2026-09-28T15:04:00+07:00","ปกติ","ไม่สามารถเข้าส่งได้ น้ำท่วมสูงในพื้นที่","13203","จันทร์, อังคาร, พฤหัสบดี","Key Account 1","สาขารามอินทรา","380 ถ.ปัญญาอินทรา แขวงสามวาตะวันตก เขตคลองสามวา กรุงเทพฯ 10510","13.876303333333333,100.70861333333332",13.876303333333333,100.70861333333332,"คลองสามวา","รอน้ำลด","","ยังส่งไม่ได้",false,"","",""
466,"84262","อี วิชั่น อินเตอร์เนชั่นแนล จำกัด","2026-09-28T15:16:00+07:00","ปกติ","ไม่สามารถเข้าส่งได้ น้ำท่วมสูงในพื้นที่","13203","จันทร์","B2B","สาขารามอินทรา","89/54 ซอยพระยาสุเรนทร์ 32  แขวงบางชัน เขตคลองสามวา จ.กรุงเทพฯ 10510","13.84988,100.69597333333334",13.84988,100.69597333333334,"คลองสามวา","รอน้ำลด","","ยังส่งไม่ได้",false,"","",""
467,"77141/1","เดอะซิสเตอร์กรุ๊ป จำกัด","2026-09-28T15:16:00+07:00","ปกติ","ไม่สามารถเข้าส่งได้ น้ำท่วมสูงในพื้นที่","13203","จันทร์","B2B","สาขารามอินทรา","1263/9 หมู่บ้านเดอะคอนเน็ค ถ.พระยาสุเรนทร์ แขวงบางชัน เขตคลองสามวา กรุงเทพฯ 10510","13.849955,100.69432499999999",13.849955,100.69432499999999,"คลองสามวา","รอน้ำลด","","ยังส่งไม่ได้",false,"","",""
468,"118074","ธัญฐิรัตยา เกิดสว่าง","2026-09-28T15:17:00+07:00","ปกติ","ไม่สามารถเข้าส่งได้ เกิดข้อผิดพลาด (เลื่อนวันที่ส่ง)","13203","จันทร์","B2C","สาขารามอินทรา","69/34 หมู่บ้าน เพชรไพลิน ซ.พระยาสุเรนทร์35  แขวงบางชัน เขตคลองสามวา จ.กรุงเทพฯ 10510","13.851933333333333,100.69055666666667",13.851933333333333,100.69055666666667,"คลองสามวา","รอน้ำลด","","ยังส่งไม่ได้",false,"","",""
469,"121114","วังวาณิช ซัพพลาย จำกัด","2026-09-28T15:20:00+07:00","ปกติ","ไม่สามารถเข้าส่งได้ น้ำท่วมสูงในพื้นที่","13203","จันทร์","B2B","สาขารามอินทรา","1263/214 พฤกษาทาวน์เน็กซ์ ซ.16 ถ.พระยาสุเรนทร์ แขวงบางชัน เขตคลองสามวา กรุงเทพฯ 10510","13.8451583,100.6937504",13.8451583,100.6937504,"คลองสามวา","รอน้ำลด","","ยังส่งไม่ได้",false,"","",""
470,"244774","ดวงแก้ว","2026-09-28T15:24:00+07:00","ตามน้ำ","ไม่สามารถเข้าส่งได้ น้ำท่วมสูงในพื้นที่","13203","จันทร์","B2C","สาขารามอินทรา","1263/108 พฤกษาทาวเน็กซ์ ถ.พระยาสุเรนทร์ แขวงบางชัน เขตคลองสามวา จ.กรุงเทพฯ 10510","13.8474529,100.6940925",13.8474529,100.6940925,"คลองสามวา","รอน้ำลด","","ยังส่งไม่ได้",false,"","",""
471,"144554","พรรณี","2026-09-28T15:17:00+07:00","ปกติ","ไม่สามารถเข้าส่งได้ น้ำท่วมสูงในพื้นที่","13203","จันทร์","B2C","สาขารามอินทรา","69/261 หมู่บ้าน เพชรไพลิน ซ. พระยาสุเรนทร์ 35 ถ. พระยาสุเรนทร์ แขวงบางชัน เขตคลองสามวา จ.กรุงเทพฯ 10510","13.8526813,100.6899018",13.8526813,100.6899018,"คลองสามวา","รอน้ำลด","","ยังส่งไม่ได้",false,"","",""
472,"06032/472","เดอะแวลู พร็อพเพอร์ตี้ ดีเวลลอปเม้นท์ จำกัด(สำนักงานใหญ่)","2026-09-28T15:23:00+07:00","ปกติ","ไม่สามารถเข้าส่งได้ น้ำท่วมสูงในพื้นที่","13203","จันทร์","B2B","สาขารามอินทรา","โครงการพลีโน่ ปัญญา-รามอินทรา (สำนักงานขาย) ซ.พระยาสุเรนทร์ 35  แขวงบางชัน เขตคลองสามวา จ.กรุงเทพฯ 10510","13.8479721,100.6895028",13.8479721,100.6895028,"คลองสามวา","รอน้ำลด","","ยังส่งไม่ได้",false,"","",""
473,"152209","โสมาภา อินฟอร์เมชั่น เทคโนโลยี จำกัด (มหาชน)","2026-09-28T15:22:00+07:00","ปกติ","ไม่สามารถเข้าส่งได้ น้ำท่วมสูงในพื้นที่","13203","จันทร์, พฤหัสบดี","B2B","สาขารามอินทรา","12 ซ.พระยาสุเรนทร์ 35 ถ.พระยาสุเรนทร์ แขวงบางชัน เขตคลองสามวา จ.กรุงเทพฯ 10510","13.853881666666666,100.68790166666668",13.853881666666666,100.68790166666668,"คลองสามวา","รอน้ำลด","","ยังส่งไม่ได้",false,"","",""
474,"156112","ซีวิล เทคโนโลจิคอล เอนจิเนียริ่ง","2026-09-28T15:19:00+07:00","เสริมน้ำ ตรงรอบ","ไม่สามารถเข้าส่งได้ น้ำท่วมสูงในพื้นที่","13203","จันทร์","B2B","สาขารามอินทรา","6/243 หมู่บ้าน ชื่นกมล นิเวศน์ 7 ซ.ประยาสุเรน 33  แขวงบางชัน เขตคลองสามวา จ.กรุงเทพฯ 10510","13.849308333333333,100.69234999999999",13.849308333333333,100.69234999999999,"คลองสามวา","รอน้ำลด","","ยังส่งไม่ได้",false,"","",""
475,"59279","เอส.ยู.พี ซิสเต็มส์ จำกัด","2026-09-28T15:20:00+07:00","ปกติ","ไม่สามารถเข้าส่งได้ น้ำท่วมสูงในพื้นที่","13203","จันทร์","B2B","สาขารามอินทรา","1263/63 ถ.พระยาสุเรนทร์ แขวงบางชัน เขตคลองสามวา กรุงเทพฯ 10510","13.84901213,100.69431494",13.84901213,100.69431494,"คลองสามวา","รอน้ำลด","","ยังส่งไม่ได้",false,"","",""
476,"160215","อภิวัฒน์","2026-09-28T15:21:00+07:00","ปกติ","ไม่สามารถเข้าส่งได้ น้ำท่วมสูงในพื้นที่","13203","จันทร์","B2C","สาขารามอินทรา","2/133 ปริญสิริ อิคอนเนเจอร์  ถ.พระยาสุเรนทร์ แขวงบางชัน เขตคลองสามวา จ.กรุงเทพฯ 10510 (เข้ารามอิทรา109 100เมตร อยู่ขวามือ)","13.819033333333334,100.70254500000001",13.819033333333334,100.70254500000001,"คลองสามวา","รอน้ำลด","","ยังส่งไม่ได้",false,"","",""
477,"65338","สินปัญญา อีควิปเม้นท์ จำกัด","2026-09-28T15:16:00+07:00","ปกติ","ไม่สามารถเข้าส่งได้ น้ำท่วมสูงในพื้นที่","13203","จันทร์","B2B","สาขารามอินทรา","89/55 ซ.พระยาสุเรนทร์ 32 ถ.พระยาสุเรนทร์ แขวงบางชัน เขตคลองสามวา กรุงเทพฯ 10510","13.849736666666669,100.69603333333335",13.849736666666669,100.69603333333335,"คลองสามวา","รอน้ำลด","","ยังส่งไม่ได้",false,"","",""
478,"259401","วีพีเอ็น อินเตอร์ ซัพพลาย","2026-09-28T15:18:00+07:00","ปกติ","ไม่สามารถเข้าส่งได้ เกิดข้อผิดพลาด (เลื่อนวันที่ส่ง)","13203","จันทร์","B2B","สาขารามอินทรา","69/311 ซ.พระยาสุเรนทร์ 35  แขวงบางชัน เขตคลองสามวา จ.กรุงเทพฯ 10510","13.848643425856636,100.69019396169219",13.848643425856636,100.69019396169219,"คลองสามวา","รอน้ำลด","","ยังส่งไม่ได้",false,"","",""
479,"175717","กุลภัสสรณ์ ไชยสุวรรณ","2026-09-28T15:20:00+07:00","ปกติ","ไม่สามารถเข้าส่งได้ น้ำท่วมสูงในพื้นที่","13203","จันทร์","B2C","สาขารามอินทรา","6/203 หมู่บ้าน ชื่นกมลนิเวศน์ 7 ซ. พระยา​สุเรนทร์ ​33 ถ. พระยา​สุเรนทร์ แขวงบางชัน เขตคลองสามวา จ.กรุงเทพฯ 10510","13.850223333333334,100.69245500000001",13.850223333333334,100.69245500000001,"คลองสามวา","รอน้ำลด","","ยังส่งไม่ได้",false,"","",""
480,"176668","อาภาสินี","2026-09-28T15:18:00+07:00","ปกติ","ไม่สามารถเข้าส่งได้ น้ำท่วมสูงในพื้นที่","13203","จันทร์","B2C","สาขารามอินทรา","69/716 ซ.พระยาสุเรนท์ 35 แขวงบางชัน เขตคลองสามวา จ.กรุงเทพฯ 10510","13.8458826,100.68979",13.8458826,100.68979,"คลองสามวา","รอน้ำลด","","ยังส่งไม่ได้",false,"","",""
481,"270118","ทวี","2026-09-28T15:22:00+07:00","ปกติ","ไม่สามารถเข้าส่งได้ น้ำท่วมสูงในพื้นที่","13203","จันทร์","B2C","สาขารามอินทรา","249/198 หมู่บ้านพลีโน่ ซ.พระยาสุเรน 35 แขวงคลองสามวา เขตคลองสามวา กรุงเทพ 10510 ","13.847591666666665,100.68900000000001",13.847591666666665,100.68900000000001,"คลองสามวา","รอน้ำลด","","ยังส่งไม่ได้",false,"","",""
482,"131972/1","เมลลีโอร่า อินเตอร์เนชั่นแนล จำกัด","2026-09-28T15:21:00+07:00","ปกติ","ไม่สามารถเข้าส่งได้ น้ำท่วมสูงในพื้นที่","13203","จันทร์","B2B","สาขารามอินทรา","เลขที่ 14  ซ.รามอินทรา 109 แขวงมีนบุรี เขตมีนบุรี จ.กรุงเทพฯ 10510","13.816273333333333,100.69971333333334",13.816273333333333,100.69971333333334,"มีนบุรี","รอน้ำลด","","ยังส่งไม่ได้",false,"","",""
483,"208773/1","เมดสเต็ป จำกัด","2026-09-28T15:19:00+07:00","ตามน้ำ","ไม่สามารถเข้าส่งได้ น้ำท่วมสูงในพื้นที่","13203","จันทร์","B2B","สาขารามอินทรา","1263/10 หมู่บ้านพฤกษาทาวน์เน็กซ์ ถนนพระยาสุเรนทร์ แขวงบางชัน เขตคลองสามวา กรุงเทพฯ 10510","13.850026666666668,100.69412166666667",13.850026666666668,100.69412166666667,"คลองสามวา","รอน้ำลด","","ยังส่งไม่ได้",false,"","",""
484,"161120","ปิยะรัตน์","2026-09-28T14:36:00+07:00","เสริมน้ำ นอกรอบ","ไม่สามารถเข้าส่งได้ น้ำท่วมสูงในพื้นที่","13203","เสาร์","B2C","สาขารามอินทรา","53/5 หมู่บ้านธีรวรรณ พระยาสุเรนทร์ ซ.2  แขวงบางชัน เขตคลองสามวา จ.กรุงเทพฯ 10510 ","13.82107,100.70053833333334",13.82107,100.70053833333334,"คลองสามวา","รอน้ำลด","","ยังส่งไม่ได้",false,"","",""
485,"189978","สุภกิจ","2026-09-28T15:24:00+07:00","โอนงานสิ้นวัน","ไม่สามารถเข้าส่งได้ น้ำท่วมสูงในพื้นที่","13203","เสาร์","B2C","สาขารามอินทรา","109/63 หมู่บ้าน เสนา วิลล่า รามอินทรา ซ.พระยาสุเรนทร์ 35 ถ.พระยาสุเรนทร์ แขวงบางชัน เขตคลองสามวา จ.กรุงเทพฯ 10510","13.849413333333333,100.69147833333334",13.849413333333333,100.69147833333334,"คลองสามวา","รอน้ำลด","","ยังส่งไม่ได้",true,"วีรวัฒน์ อุดมทรัพย์","28/09/2026","ผู้ทำรายการ:วีรวัฒน์ อุดมทรัพย์;โอนงานมาจากวันที่:28/09/2026"
486,"193330","มิตรแท้ อีควิปเมนท์ จำกัด","2026-09-28T14:33:00+07:00","โอนงานสิ้นวัน","ไม่สามารถเข้าส่งได้ น้ำท่วมสูงในพื้นที่","13203","เสาร์","B2B","สาขารามอินทรา","77/19  ซ.พระยาสุเรนทร์ 30 แยก 5 แขวงบางชัน เขตคลองสามวา จ.กรุงเทพฯ 10510","13.835985,100.69985999999999",13.835985,100.69985999999999,"คลองสามวา","รอน้ำลด","","ยังส่งไม่ได้",true,"วุฒิชัย จีปน","26/09/2026","ผู้ทำรายการ:วุฒิชัย จีปน;โอนงานมาจากวันที่:26/09/2026"
487,"196176","กฤชชนก","2026-09-28T14:25:00+07:00","โอนงานสิ้นวัน","ไม่สามารถเข้าส่งได้ น้ำท่วมสูงในพื้นที่","13203","เสาร์","B2C","สาขารามอินทรา","52/27 หมู่บ้านเพชรไพรินวิลล์ ซ.พระยาสุเรนทร์ 30 ถ.พระยาสุเรนทร์ แขวงบางชัน เขตคลองสามวา จ.กรุงเทพฯ 10510","13.835066666666668,100.70427333333333",13.835066666666668,100.70427333333333,"คลองสามวา","รอน้ำลด","","ยังส่งไม่ได้",true,"จิรวัฒน์ สัยนิถี","28/09/2026","ผู้ทำรายการ:จิรวัฒน์ สัยนิถี;โอนงานมาจากวันที่:28/09/2026"
488,"155352/1","ทิพย์พวรรณ","2026-09-28T14:35:00+07:00","โอนงานสิ้นวัน","ไม่สามารถเข้าส่งได้ เกิดข้อผิดพลาด (เลื่อนวันที่ส่ง)","13203","เสาร์","B2C","สาขารามอินทรา","5/109 หมู่บ้านซิกเนเจอร์ ซ.รามอินทรา 109 ซ.พระยาสุเรนทร์ 24  แขวงบางชัน เขตคลองสามวา จ.กรุงเทพฯ 10510","13.828353333333332,100.70208333333333",13.828353333333332,100.70208333333333,"คลองสามวา","รอน้ำลด","","ยังส่งไม่ได้",true,"สถาพร นนท์เข็มพรหม","26/09/2026","ผู้ทำรายการ:สถาพร นนท์เข็มพรหม;โอนงานมาจากวันที่:26/09/2026"
489,"283181","อชิยา","2026-09-28T14:35:00+07:00","โอนงานสิ้นวัน","ไม่สามารถเข้าส่งได้ น้ำท่วมสูงในพื้นที่","13203","เสาร์","B2C","สาขารามอินทรา","90/144 หมู่บ้านมัณฑนา ซ.พระยาสุเรนทร์ 26  แขวงบางชัน เขตคลองสามวา จ.กรุงเทพฯ 10510","13.832898333333333,100.70641833333333",13.832898333333333,100.70641833333333,"คลองสามวา","รอน้ำลด","","ยังส่งไม่ได้",true,"ฤทธิศักดิ์ สระเงินสิงห์","28/09/2026","ผู้ทำรายการ:ฤทธิศักดิ์ สระเงินสิงห์;โอนงานมาจากวันที่:28/09/2026"
490,"286489","ปรียาภรณ์","2026-09-28T15:23:00+07:00","โอนงานสิ้นวัน","ไม่สามารถเข้าส่งได้ น้ำท่วมสูงในพื้นที่","13203","เสาร์","B2C","สาขารามอินทรา","109/144 เสนาวิลล่า รามอินทรา ซ.รามอินทรา 109 ถ.พระยาสุเรนทร์ 35 แขวงบางชัน เขตคลองสามวา จ.กรุงเทพฯ 10510","13.848395000000002,100.69139666666666",13.848395000000002,100.69139666666666,"คลองสามวา","รอน้ำลด","","ยังส่งไม่ได้",true,"วีรวัฒน์ อุดมทรัพย์","28/09/2026","ผู้ทำรายการ:วีรวัฒน์ อุดมทรัพย์;โอนงานมาจากวันที่:28/09/2026"
491,"216168","วลัยลักษณ์","2026-09-28T14:36:00+07:00","โอนงานสิ้นวัน","ไม่สามารถเข้าส่งได้ น้ำท่วมสูงในพื้นที่","13203","เสาร์","B2C","สาขารามอินทรา"," 62/22 ถ.พระยาสุเรนทร์  ซ.พระยาสุเรนทร์ 24  แขวงบางชัน เขตคลองสามวา จ.กรุงเทพฯ 10510","13.826986666666668,100.70219333333334",13.826986666666668,100.70219333333334,"คลองสามวา","รอน้ำลด","","ยังส่งไม่ได้",true,"วุฒิชัย จีปน","26/09/2026","ผู้ทำรายการ:วุฒิชัย จีปน;โอนงานมาจากวันที่:26/09/2026"
492,"17236","นิตยา ตันเสถียร","2026-09-28T14:38:00+07:00","โอนงานสิ้นวัน","ไม่สามารถเข้าส่งได้ น้ำท่วมสูงในพื้นที่","13203","เสาร์","B2C","สาขารามอินทรา","6/33 หมู่บ้านเกษกมล ซ.รามอินทรา 109 ถ.พระยาสุเรนทร์ แขวงบางชัน เขตคลองสามวา กรุงเทพฯ 10510","13.826811666666666,100.70082166666667",13.826811666666666,100.70082166666667,"คลองสามวา","รอน้ำลด","","ยังส่งไม่ได้",true,"จิรวัฒน์ สัยนิถี","28/09/2026","ผู้ทำรายการ:จิรวัฒน์ สัยนิถี;โอนงานมาจากวันที่:28/09/2026"
493,"229906","แมงโก้ ป๊อป จำกัด","2026-09-28T14:28:00+07:00","โอนงานสิ้นวัน","ไม่สามารถเข้าส่งได้ น้ำท่วมสูงในพื้นที่","13203","เสาร์","B2B","สาขารามอินทรา","70/244  เสริมศิริ ซ.3/5 ซ.พระยาสุเรนทร์ 30 ถ.พระยาสุเรนทร์ แขวงบางชัน เขตคลองสามวา จ.กรุงเทพฯ 10510","13.832390000000002,100.70152833333334",13.832390000000002,100.70152833333334,"คลองสามวา","รอน้ำลด","","ยังส่งไม่ได้",true,"สถาพร นนท์เข็มพรหม","26/09/2026","ผู้ทำรายการ:สถาพร นนท์เข็มพรหม;โอนงานมาจากวันที่:26/09/2026"
494,"237465","ปฏิวัติ","2026-09-28T14:28:00+07:00","โอนงานสิ้นวัน","ไม่สามารถเข้าส่งได้ น้ำท่วมสูงในพื้นที่","13203","เสาร์","B2C","สาขารามอินทรา","70/54 หมู่บ้าน เสริมศิริวิลเลจ ซ.พระยาสุเรนทร์ 30 แยก 2 ถ.พระยาสุเรนทร์  แขวงบางชัน เขตคลองสามวา จ.กรุงเทพฯ 10510","13.83367,100.70111666666665",13.83367,100.70111666666665,"คลองสามวา","รอน้ำลด","","ยังส่งไม่ได้",true,"ฤทธิศักดิ์ สระเงินสิงห์","28/09/2026","ผู้ทำรายการ:ฤทธิศักดิ์ สระเงินสิงห์;โอนงานมาจากวันที่:28/09/2026"
495,"243325","ปวริศร์","2026-09-28T14:29:00+07:00","โอนงานสิ้นวัน","ไม่สามารถเข้าส่งได้ น้ำท่วมสูงในพื้นที่","13203","เสาร์","B2C","สาขารามอินทรา","70/253 เสริมศิริวิลเลจ โครงการ 7 พระยาสุเรนทร์ 30 แยก 2 ถ.พระยาสุเรนทร์ แขวงบางชัน เขตคลองสามวา จ.กรุงเทพฯ 10510","13.832524999999999,100.70192333333334",13.832524999999999,100.70192333333334,"คลองสามวา","รอน้ำลด","","ยังส่งไม่ได้",true,"วีรวัฒน์ อุดมทรัพย์","28/09/2026","ผู้ทำรายการ:วีรวัฒน์ อุดมทรัพย์;โอนงานมาจากวันที่:28/09/2026"
496,"113904","วิเชษฐ โสภิตานนท์รัตน์","2026-09-28T14:37:00+07:00","โอนงานสิ้นวัน","ไม่สามารถเข้าส่งได้ น้ำท่วมสูงในพื้นที่","13203","เสาร์","B2C","สาขารามอินทรา","6/42 หมู่เกษกมล ซ.พระยาสุเรนทร์ 22 ซ.พระยาสุเรนทร์ 22 แขวงบางชัน เขตคลองสามวา กรุงเทพฯ 10510","13.82679,100.70074500000001",13.82679,100.70074500000001,"คลองสามวา","รอน้ำลด","","ยังส่งไม่ได้",true,"วุฒิชัย จีปน","26/09/2026","ผู้ทำรายการ:วุฒิชัย จีปน;โอนงานมาจากวันที่:26/09/2026"
497,"117634","รักษาความปลอดภัย ซัน ซีเคียวริตี้เทรนนิ่ง จำกัด","2026-09-28T14:37:00+07:00","โอนงานสิ้นวัน","ไม่สามารถเข้าส่งได้ น้ำท่วมสูงในพื้นที่","13203","เสาร์","B2B","สาขารามอินทรา","5/14 ซ.พระยาสุเรนทร์ 24 แขวงบางชัน เขตคลองสามวา กรุงเทพฯ 10510","13.827945,100.70012",13.827945,100.70012,"คลองสามวา","รอน้ำลด","","ยังส่งไม่ได้",true,"จิรวัฒน์ สัยนิถี","28/09/2026","ผู้ทำรายการ:จิรวัฒน์ สัยนิถี;โอนงานมาจากวันที่:28/09/2026"
498,"131036","เรณู","2026-09-28T14:37:00+07:00","โอนงานสิ้นวัน","ไม่สามารถเข้าส่งได้ เกิดข้อผิดพลาด (เลื่อนวันที่ส่ง)","13203","เสาร์","B2C","สาขารามอินทรา","6/52 ซอยพระยาสุเรนทร์ 22 แขวงบางชัน เขตคลองสามวา จ.กรุงเทพฯ 10510","13.827035,100.70227500000001",13.827035,100.70227500000001,"คลองสามวา","รอน้ำลด","","ยังส่งไม่ได้",true,"สถาพร นนท์เข็มพรหม","26/09/2026","ผู้ทำรายการ:สถาพร นนท์เข็มพรหม;โอนงานมาจากวันที่:26/09/2026"
499,"244904","เกวลี","2026-09-28T14:38:00+07:00","โอนงานสิ้นวัน","ไม่สามารถเข้าส่งได้ น้ำท่วมสูงในพื้นที่","13203","เสาร์","B2C","สาขารามอินทรา","6/47 หมู่บ้านเกษกมล ซ.พระยาสุเรนทร์ 22 ถ.รามอินทรา แขวงบางชัน เขตคลองสามวา จ.กรุงเทพฯ 10510","13.826754999999999,100.700785",13.826754999999999,100.700785,"คลองสามวา","รอน้ำลด","","ยังส่งไม่ได้",true,"ฤทธิศักดิ์ สระเงินสิงห์","28/09/2026","ผู้ทำรายการ:ฤทธิศักดิ์ สระเงินสิงห์;โอนงานมาจากวันที่:28/09/2026"
500,"165452","หฤทัย","2026-09-28T14:38:00+07:00","โอนงานสิ้นวัน","ไม่สามารถเข้าส่งได้ น้ำท่วมสูงในพื้นที่","13203","เสาร์","B2C","สาขารามอินทรา","1 ร้านซักรีด ถ.พระยาสุเรนท์ ซ.24 แขวงบางชัน เขตคลองสามวา กรุงเทพฯ 10510","13.826984999999999,100.69959833333333",13.826984999999999,100.69959833333333,"คลองสามวา","รอน้ำลด","","ยังส่งไม่ได้",true,"วีรวัฒน์ อุดมทรัพย์","28/09/2026","ผู้ทำรายการ:วีรวัฒน์ อุดมทรัพย์;โอนงานมาจากวันที่:28/09/2026"
501,"173723","เกรียงไกร","2026-09-28T15:23:00+07:00","โอนงานสิ้นวัน","ไม่สามารถเข้าส่งได้ น้ำท่วมสูงในพื้นที่","13203","เสาร์","B2C","สาขารามอินทรา","88/219 หมู่บ้านเดอะพาลา ซ.4 ซ.พระยาสุเรนทร์ 35 ถ.พระยาสุเรนทร์ แขวงบางชัน เขตคลองสามวา จ.กรุงเทพฯ 10510","13.84481863,100.68662171",13.84481863,100.68662171,"คลองสามวา","รอน้ำลด","","ยังส่งไม่ได้",true,"วุฒิชัย จีปน","26/09/2026","ผู้ทำรายการ:วุฒิชัย จีปน;โอนงานมาจากวันที่:26/09/2026"
502,"201462","ชนกนันท์","2026-09-28T14:39:00+07:00","โอนงานสิ้นวัน","ไม่สามารถเข้าส่งได้ น้ำท่วมสูงในพื้นที่","13203","เสาร์","B2C","สาขารามอินทรา","6/13 หมู่บ้านหมู่เกษกมล ซ.พระยาสุเรนทร์ 22 ถ.พระยาสุเรนทร์  แขวงบางชัน เขตคลองสามวา จ.กรุงเทพฯ 10510","13.826319999999999,100.70024666666669",13.826319999999999,100.70024666666669,"คลองสามวา","รอน้ำลด","","ยังส่งไม่ได้",true,"จิรวัฒน์ สัยนิถี","28/09/2026","ผู้ทำรายการ:จิรวัฒน์ สัยนิถี;โอนงานมาจากวันที่:28/09/2026"
503,"252010","สุกัญญา","2026-09-28T14:39:00+07:00","โอนงานสิ้นวัน","ไม่สามารถเข้าส่งได้ น้ำท่วมสูงในพื้นที่","13203","เสาร์","B2C","สาขารามอินทรา","5/16 หมู่บ้านซิกเนเจอร์ รามอินทรา 109 ซ.พระยาสุเรนทร์ 24 ถ.พระยาสุเรนทร์ แขวงบางชัน เขตคลองสามวา จ.กรุงเทพฯ 10510","13.82766,100.70017666666666",13.82766,100.70017666666666,"คลองสามวา","รอน้ำลด","","ยังส่งไม่ได้",true,"สถาพร นนท์เข็มพรหม","26/09/2026","ผู้ทำรายการ:สถาพร นนท์เข็มพรหม;โอนงานมาจากวันที่:26/09/2026"
504,"132793","วาสนา คำชมภู","2026-09-28T15:24:00+07:00","เสริมน้ำ ตรงรอบ","ไม่สามารถเข้าส่งได้ น้ำท่วมสูงในพื้นที่","13203","จันทร์","B2C","สาขารามอินทรา","89/27 กรูฟวิลล์รามอินทรา ซอยพระยาสุเรนทร์ 35 ถ.พระยาสุเรนทร์  แขวงบางชัน เขตคลองสามวา กรุงเทพฯ 10510","13.846353333333331,100.69153499999999",13.846353333333331,100.69153499999999,"คลองสามวา","รอน้ำลด","","ยังส่งไม่ได้",false,"","",""
505,"292331","สรวิชญ์","2026-09-28T15:35:00+07:00","เสริมน้ำ ตรงรอบ","ไม่สามารถเข้าส่งได้ น้ำท่วมสูงในพื้นที่","13203","จันทร์","B2C","สาขารามอินทรา","69/378 เพชรไพลินคอนโดทาวน์ ชั้น 2 ห้อง 378 ซ.พระยาสุเรนทร์ 35 แขวงบางชัน เขตคลองสามวา จ.กรุงเทพฯ 10510","13.846071666666667,100.68955499999998",13.846071666666667,100.68955499999998,"คลองสามวา","รอน้ำลด","","ยังส่งไม่ได้",false,"","",""
506,"184046","เค.เอส.พี.อินฟินิตี้ พาร์ท จำกัด","2026-09-28T10:23:00+07:00","ปกติ","ไม่สามารถเข้าส่งได้ น้ำท่วมสูงในพื้นที่","13205","จันทร์","B2B","สาขารามอินทรา","57/11 โกดังสีน้ำเงิน ซ.เลียบวารี 21 แขวงหนองจอก เขตหนองจอก จ.กรุงเทพฯ 10530","13.841416666666666,100.84459",13.841416666666666,100.84459,"หนองจอก","รอน้ำลด","","ยังส่งไม่ได้",false,"","",""
507,"190380","กนกอร","2026-09-28T10:52:00+07:00","ปกติ","ไม่สามารถเข้าส่งได้ น้ำท่วมสูงในพื้นที่","13207","จันทร์","B2C","สาขารามอินทรา","107/8 หมู่บ้านประภาวรรณโฮม 1 ซ.บึงขวาง 1/1 ถ.สุวินทวงศ์ แขวงแสนแสบ เขตมีนบุรี จ.กรุงเทพฯ 10510","13.802449999999999,100.76049166666665",13.802449999999999,100.76049166666665,"มีนบุรี","รอน้ำลด","","ยังส่งไม่ได้",false,"","",""
508,"281409","อัฐกร","2026-09-28T10:04:00+07:00","ปกติ","ไม่สามารถเข้าส่งได้ เกิดข้อผิดพลาด (เลื่อนวันที่ส่ง)","13207","จันทร์","B2C","สาขารามอินทรา","210/148 ซ.5 ประภาวรรณโฮม2 ซ.สุวินทวงศ์ 28 ถ.สุวินทวงศ์ แขวงแสนแสบ เขตมีนบุรี จ.กรุงเทพฯ 10510","13.796413333333332,100.77018833333335",13.796413333333332,100.77018833333335,"มีนบุรี","รอน้ำลด","","ยังส่งไม่ได้",false,"","",""
509,"220729","แอล แอนด์ ยู อินเตอร์เนชั่นแนล เทรดดิ้ง จำกัด (สำนักงานใหญ่)","2026-09-28T09:53:00+07:00","ปกติ","ไม่สามารถเข้าส่งได้ น้ำท่วมสูงในพื้นที่","13207","จันทร์","B2B","สาขารามอินทรา","18/19 หมู่ที่ 17 ซ.สุวินทวงศ์ 28 แยก 3 (เสาไฟต้นที่ ง 14) แขวงแสนแสบ เขตมีนบุรี จ.กรุงเทพฯ 10510","13.8053908,100.7731513",13.8053908,100.7731513,"มีนบุรี","รอน้ำลด","","ยังส่งไม่ได้",false,"","",""
510,"00114/215","โทรคมนาคมแห่งชาติ จำกัด (มหาชน)","2026-09-28T11:17:00+07:00","ปกติ","ไม่สามารถเข้าส่งได้ น้ำท่วมสูงในพื้นที่","13207","จันทร์","B2B","สาขารามอินทรา","บบน.2.1.3 ส่วนขายและบริการลูกค้า กรุงเทพตะวันออก 3 ศูนย์บริการ NT มีนบุรี ชั้น 1 เลขที่ 15 ถ.ร่มเกล้า แขวงมีนบุรี เขตมีนบุรี จ.กรุงเทพฯ 10510","13.816315000000001,100.73513666666668",13.816315000000001,100.73513666666668,"มีนบุรี","รอน้ำลด","","ยังส่งไม่ได้",false,"","",""
511,"131315","อรรังสี ศัลกวิเศษ","2026-09-28T11:05:00+07:00","ปกติ","ไม่สามารถเข้าส่งได้ น้ำท่วมสูงในพื้นที่","13207","จันทร์","B2C","สาขารามอินทรา","เลขที่ 495/1 บี 2 ถ.บึงขวาง  แขวงแสนแสบ เขตมีนบุรี กทม.10510","13.791141666666666,100.75833499999999",13.791141666666666,100.75833499999999,"มีนบุรี","รอน้ำลด","","ยังส่งไม่ได้",false,"","",""
512,"50280","วีณา วงษ์อารี","2026-09-28T11:00:00+07:00","ปกติ","ไม่สามารถเข้าส่งได้ น้ำท่วมสูงในพื้นที่","13207","จันทร์","B2C","สาขารามอินทรา","30 ม.16 ซ.12 ถ.ทางลัดร่มเกล้าสุวินทวงศ์ แขวงแสนแสบ เขตมีนบุรี กรุงเทพฯ 10510","13.795708333333334,100.75424666666667",13.795708333333334,100.75424666666667,"มีนบุรี","รอน้ำลด","","ยังส่งไม่ได้",false,"","",""
513,"150784","108 โฮมดีไซน์ จำกัด","2026-09-28T11:04:00+07:00","ปกติ","ไม่สามารถเข้าส่งได้ น้ำท่วมสูงในพื้นที่","13207","จันทร์","B2B","สาขารามอินทรา","8/35 ม.16 ถ.บึงขวาง ซ.1/4 แขวงแสนแสบ เขตมีนบุรี กรุงเทพฯ 10510","13.792004999999998,100.76155500000002",13.792004999999998,100.76155500000002,"มีนบุรี","รอน้ำลด","","ยังส่งไม่ได้",false,"","",""
514,"52939","บุณยวีร์ สันติรณนรงค์","2026-09-28T10:52:00+07:00","ปกติ","ไม่สามารถเข้าส่งได้ น้ำท่วมสูงในพื้นที่","13207","จันทร์","B2C","สาขารามอินทรา","107/10 หมู่บ้านประภาวรรณ ถ.สุวินทวงศ์ แขวงแสนแสบ เขตมีนบุรี กรุงเทพฯ 10510","13.80278,100.76079166666665",13.80278,100.76079166666665,"มีนบุรี","รอน้ำลด","","ยังส่งไม่ได้",false,"","",""
515,"164035","นพมาศ","2026-09-28T11:13:00+07:00","ปกติ","ไม่สามารถเข้าส่งได้ น้ำท่วมสูงในพื้นที่","13207","จันทร์","B2C","สาขารามอินทรา","19/10 ถ.บึงขวาง 2  แขวงแสนแสบ เขตมีนบุรี กรุงเทพฯ 10510","13.804545,100.75585666666666",13.804545,100.75585666666666,"มีนบุรี","รอน้ำลด","","ยังส่งไม่ได้",false,"","",""
516,"168666","สุเทพ","2026-09-28T10:04:00+07:00","ปกติ","ไม่สามารถเข้าส่งได้ น้ำท่วมสูงในพื้นที่","13207","จันทร์","B2C","สาขารามอินทรา","210/144 หมู่บ้านประภาวรรณโฮม 2 ซ.สุวินทวงศ์ 28 ถ.สุวินทวงศ์ แขวงแสนแสบ เขตมีนบุรี จ.กรุงเทพฯ 10510","13.796598333333334,100.77011666666667",13.796598333333334,100.77011666666667,"มีนบุรี","รอน้ำลด","","ยังส่งไม่ได้",false,"","",""
517,"271052","ลักษณา","2026-09-28T10:04:00+07:00","ปกติ","ไม่สามารถเข้าส่งได้ น้ำท่วมสูงในพื้นที่","13207","จันทร์","B2C","สาขารามอินทรา","210/167 หมู่บ้านประภาวรรณโฮม 2 ซ.สุวินทวงศ์ 28 ถ.สุวินทวงศ์ แขวงแสนแสบ เขตมีนบุรี จ.กรุงเทพฯ 10510","13.797401666666667,100.77124833333333",13.797401666666667,100.77124833333333,"มีนบุรี","รอน้ำลด","","ยังส่งไม่ได้",false,"","",""
518,"195402","พัชรีย์","2026-09-28T14:50:00+07:00","เสริมน้ำ ตรงรอบ","ไม่สามารถเข้าส่งได้ เกิดข้อผิดพลาด (เลื่อนวันที่ส่ง)","13207","เสาร์","B2C","สาขารามอินทรา","138/93 หมู่บ้านศุภาลัยวิลล์ รามอินทรา 117 ซ.รามอินทรา 117 ถ.รามอินทรา แขวงมีนบุรี เขตมีนบุรี จ.กรุงเทพฯ 10510","13.818074999999999,100.70988333333335",13.818074999999999,100.70988333333335,"มีนบุรี","รอน้ำลด","","ยังส่งไม่ได้",false,"","",""
519,"293418","ศรีรัตน์","2026-09-28T14:28:00+07:00","เสริมน้ำ ตรงรอบ","ไม่สามารถเข้าส่งได้ น้ำท่วมสูงในพื้นที่","13207","เสาร์","B2C","สาขารามอินทรา","108/1 ชั้น 1 ซ.เจริญพัฒนา1 ถ.เจริญพัฒนา แขวงบางชัน เขตคลองสามวา จ.กรุงเทพฯ 10510","13.822716666666668,100.70809833333333",13.822716666666668,100.70809833333333,"คลองสามวา","รอน้ำลด","","ยังส่งไม่ได้",false,"","",""
520,"180400","วาสนา","2026-09-28T14:51:00+07:00","เสริมน้ำ ตรงรอบ","ไม่สามารถเข้าส่งได้ น้ำท่วมสูงในพื้นที่","13207","เสาร์","B2C","สาขารามอินทรา","138/77  หมู่บ้านศุภาลัยวิลล์รามอินทรา117 ถ.รามอินทรา ซอยรามอินทรา 117 แขวงมีนบุรี เขตมีนบุรี จ.กรุงเทพฯ 10510","13.81861828,100.70945119",13.81861828,100.70945119,"มีนบุรี","รอน้ำลด","","ยังส่งไม่ได้",false,"","",""
521,"189979","อนุชา","2026-09-28T14:50:00+07:00","เสริมน้ำ นอกรอบ","ไม่สามารถเข้าส่งได้ น้ำท่วมสูงในพื้นที่","13207","เสาร์","B2C","สาขารามอินทรา","43/2 ซ.117 แยก 16 ถ.รามอินทรา  แขวงมีนบุรี เขตมีนบุรี จ.กรุงเทพฯ 10510","13.81724636,100.70873724",13.81724636,100.70873724,"มีนบุรี","รอน้ำลด","","ยังส่งไม่ได้",false,"","",""
522,"260524","ธนวิชญ์","2026-09-28T14:51:00+07:00","ตามน้ำ","ไม่สามารถเข้าส่งได้ น้ำท่วมสูงในพื้นที่","13207","เสาร์","B2C","สาขารามอินทรา","5/12 หมู่บ้านพลีโน่ รามอินทรา - บางชัน สเตชั่น ถ.เจริญพัฒนา  แขวงบางชัน เขตคลองสามวา จ.กรุงเทพฯ 10510","13.819448333333332,100.70371666666666",13.819448333333332,100.70371666666666,"คลองสามวา","รอน้ำลด","","ยังส่งไม่ได้",false,"","",""
523,"199764","เมสิตา","2026-09-28T14:51:00+07:00","โอนงานสิ้นวัน","ไม่สามารถเข้าส่งได้ น้ำท่วมสูงในพื้นที่","13207","เสาร์","B2C","สาขารามอินทรา","138/8  หมู่บ้านศุภาลัย วิลล์ รามอินทรา 117 ซ.แรก ถ.รามอินทรา (เข้าหมู่บ้านหลังแรกซ้ายมือ) แขวงมีนบุรี เขตมีนบุรี จ.กรุงเทพฯ 10510","13.82045022,100.70883075",13.82045022,100.70883075,"มีนบุรี","รอน้ำลด","","ยังส่งไม่ได้",true,"สถาพร นนท์เข็มพรหม","26/09/2026","ผู้ทำรายการ:สถาพร นนท์เข็มพรหม;โอนงานมาจากวันที่:26/09/2026"
524,"205334","สุจิตรา ไชยสาร","2026-09-28T14:49:00+07:00","โอนงานสิ้นวัน","ไม่สามารถเข้าส่งได้ น้ำท่วมสูงในพื้นที่","13207","เสาร์","B2C","สาขารามอินทรา","​5/24​ พลีโน่รามอินทรา​ บางชัน​สเตชั่น ซ.รามอินทรา​ 117​ แยก​ 5 ถ.รามอินทรา​ แขวงบางชัน เขตคลองสามวา จ.กรุงเทพฯ 10510","13.819716666666666,100.70431500000001",13.819716666666666,100.70431500000001,"คลองสามวา","รอน้ำลด","","ยังส่งไม่ได้",true,"ฤทธิศักดิ์ สระเงินสิงห์","28/09/2026","ผู้ทำรายการ:ฤทธิศักดิ์ สระเงินสิงห์;โอนงานมาจากวันที่:28/09/2026"
525,"206456","บุพกร","2026-09-28T14:49:00+07:00","โอนงานสิ้นวัน","ไม่สามารถเข้าส่งได้ น้ำท่วมสูงในพื้นที่","13207","เสาร์","B2C","สาขารามอินทรา","5/182 PLENO รามอินทรา บางชัน ซ.รามอินทรา 117 ถ.รามอินทรา แขวงบางชัน เขตคลองสามวา จ.กรุงเทพฯ 10510","13.8205854,100.70398633",13.8205854,100.70398633,"คลองสามวา","รอน้ำลด","","ยังส่งไม่ได้",true,"วีรวัฒน์ อุดมทรัพย์","28/09/2026","ผู้ทำรายการ:วีรวัฒน์ อุดมทรัพย์;โอนงานมาจากวันที่:28/09/2026"
526,"208254","วิรัณรัฏน์","2026-09-28T14:48:00+07:00","โอนงานสิ้นวัน","ไม่สามารถเข้าส่งได้ น้ำท่วมสูงในพื้นที่","13207","เสาร์","B2C","สาขารามอินทรา","9/87 หมู่บ้านเบล็สวิลล์ ซ.รามอินทรา 117 ถ.เจริญพัฒนา แขวงบางชัน เขตคลองสามวา จ.กรุงเทพฯ 10510","13.82129218,100.70502194",13.82129218,100.70502194,"คลองสามวา","รอน้ำลด","","ยังส่งไม่ได้",true,"วุฒิชัย จีปน","26/09/2026","ผู้ทำรายการ:วุฒิชัย จีปน;โอนงานมาจากวันที่:26/09/2026"
527,"208785","เสาวพร","2026-09-28T14:48:00+07:00","โอนงานสิ้นวัน","ไม่สามารถเข้าส่งได้ น้ำท่วมสูงในพื้นที่","13207","เสาร์","B2C","สาขารามอินทรา","138/42 หมู่บ้านศุภาลัย วิลล์ ซ.รามอินทรา 117  แขวงมีนบุรี เขตมีนบุรี กรุงเทพฯ 10510","13.81945906,100.70963126",13.81945906,100.70963126,"มีนบุรี","รอน้ำลด","","ยังส่งไม่ได้",true,"จิรวัฒน์ สัยนิถี","28/09/2026","ผู้ทำรายการ:จิรวัฒน์ สัยนิถี;โอนงานมาจากวันที่:28/09/2026"
528,"208910","อนุกร","2026-09-28T14:48:00+07:00","โอนงานสิ้นวัน","ไม่สามารถเข้าส่งได้ เกิดข้อผิดพลาด (เลื่อนวันที่ส่ง)","13207","เสาร์","B2C","สาขารามอินทรา","5/185 พลีโน่รามอินทรา-บางชัน สเตชั่น ซ.รามอินทรา 117 แยก 5  ถ.เจริญพัฒนา แขวงบางชัน เขตคลองสามวา จ.กรุงเทพฯ 10510","13.82055546,100.70373457",13.82055546,100.70373457,"คลองสามวา","รอน้ำลด","","ยังส่งไม่ได้",true,"สถาพร นนท์เข็มพรหม","26/09/2026","ผู้ทำรายการ:สถาพร นนท์เข็มพรหม;โอนงานมาจากวันที่:26/09/2026"
529,"125083/413","เคอีเอ็กซ์ เอ็กซ์เพรส (ประเทศไทย) จำกัด (มหาชน)","2026-09-28T14:48:00+07:00","โอนงานสิ้นวัน","ไม่สามารถเข้าส่งได้ น้ำท่วมสูงในพื้นที่","13207","เสาร์","B2B","สาขารามอินทรา","DC PYS 98/5 รามอินทรา 117  แขวงมีนบุรี เขตมีนบุรี จ.กรุงเทพฯ 10510","13.81793,100.70569333333333",13.81793,100.70569333333333,"มีนบุรี","รอน้ำลด","","ยังส่งไม่ได้",true,"ฤทธิศักดิ์ สระเงินสิงห์","28/09/2026","ผู้ทำรายการ:ฤทธิศักดิ์ สระเงินสิงห์;โอนงานมาจากวันที่:28/09/2026"
530,"213155","เออร์เบิน ครีเอทีฟ ลีฟวิ่ง จำกัด","2026-09-28T14:13:00+07:00","โอนงานสิ้นวัน","ไม่สามารถเข้าส่งได้ น้ำท่วมสูงในพื้นที่","13207","เสาร์","B2B","สาขารามอินทรา","ไซต์งานก่อสร้างคิวเรเตอร์ รามอินทรา 117  ถ.ถนนรามอินทรา 117 ต.บางชัน อ.คลองสามวา กรุงเทพมหานคร 10510","13.824658333333332,100.71161500000001",13.824658333333332,100.71161500000001,"","รอน้ำลด","","ยังส่งไม่ได้",true,"วีรวัฒน์ อุดมทรัพย์","28/09/2026","ผู้ทำรายการ:วีรวัฒน์ อุดมทรัพย์;โอนงานมาจากวันที่:28/09/2026"
531,"214858","สายสุดา","2026-09-28T14:00:00+07:00","โอนงานสิ้นวัน","ไม่สามารถเข้าส่งได้ น้ำท่วมสูงในพื้นที่","13207","เสาร์","B2C","สาขารามอินทรา","113/58 หมู่บ้าน คณาทรัพย์ ซ.1 ซ.เจริญพัฒนา 7 ถ.รามอินทรา 117 แขวงบางชัน เขตคลองสามวา จ.กรุงเทพฯ 10510","13.825835,100.70864166666667",13.825835,100.70864166666667,"คลองสามวา","รอน้ำลด","","ยังส่งไม่ได้",true,"วุฒิชัย จีปน","26/09/2026","ผู้ทำรายการ:วุฒิชัย จีปน;โอนงานมาจากวันที่:26/09/2026"
532,"219499","สมเกียรติ","2026-09-28T14:02:00+07:00","โอนงานสิ้นวัน","ไม่สามารถเข้าส่งได้ น้ำท่วมสูงในพื้นที่","13207","เสาร์","B2C","สาขารามอินทรา","123/153 หมู่บ้าน ประภาทรัพย์ 5 ถ.เจริญพัฒนา  แขวงบางชัน เขตคลองสามวา จ.กรุงเทพฯ 10510","13.825766666666668,100.70949999999999",13.825766666666668,100.70949999999999,"คลองสามวา","รอน้ำลด","","ยังส่งไม่ได้",true,"จิรวัฒน์ สัยนิถี","28/09/2026","ผู้ทำรายการ:จิรวัฒน์ สัยนิถี;โอนงานมาจากวันที่:28/09/2026"
533,"294094","ญาตาวี","2026-09-28T14:02:00+07:00","โอนงานสิ้นวัน","ไม่สามารถเข้าส่งได้ น้ำท่วมสูงในพื้นที่","13207","เสาร์","B2C","สาขารามอินทรา","123/5 หมู่บ้านประภาทรัพย์5 ซ.รามอินทรา117 ถ.เจริญพัฒนา แขวงบางชัน เขตคลองสามวา จ.กรุงเทพฯ 10510","13.825701666666665,100.71157333333333",13.825701666666665,100.71157333333333,"คลองสามวา","รอน้ำลด","","ยังส่งไม่ได้",true,"สถาพร นนท์เข็มพรหม","26/09/2026","ผู้ทำรายการ:สถาพร นนท์เข็มพรหม;โอนงานมาจากวันที่:26/09/2026"
534,"294803","ณัฐวัฒน์","2026-09-28T14:47:00+07:00","โอนงานสิ้นวัน","ไม่สามารถเข้าส่งได้ น้ำท่วมสูงในพื้นที่","13207","เสาร์","B2C","สาขารามอินทรา","5/147 หมู่บ้านพลีโน่รามอินทรา-บางชันสเตชั่น ซ.รามอินทรา 117 ถ.รามอินทรา แขวงบางชัน เขตคลองสามวา จ.กรุงเทพฯ 10510","13.820962109023,100.70398462674",13.820962109023,100.70398462674,"คลองสามวา","รอน้ำลด","","ยังส่งไม่ได้",true,"ฤทธิศักดิ์ สระเงินสิงห์","28/09/2026","ผู้ทำรายการ:ฤทธิศักดิ์ สระเงินสิงห์;โอนงานมาจากวันที่:28/09/2026"
535,"294959","สร้อยสวรรค์","2026-09-28T14:29:00+07:00","โอนงานสิ้นวัน","ไม่สามารถเข้าส่งได้ น้ำท่วมสูงในพื้นที่","13207","เสาร์","B2C","สาขารามอินทรา","8/59 เซนโทร รามอินทรา2 ซอยรามอินทรา 117 ถนนเจริญพัฒนา แขวงมีนบุรี เขตมีนบุรี จ.กรุงเทพฯ 10510","13.822631666666666,100.714755",13.822631666666666,100.714755,"มีนบุรี","รอน้ำลด","","ยังส่งไม่ได้",true,"วีรวัฒน์ อุดมทรัพย์","28/09/2026","ผู้ทำรายการ:วีรวัฒน์ อุดมทรัพย์;โอนงานมาจากวันที่:28/09/2026"
536,"296013","อภิญญา","2026-09-28T14:47:00+07:00","โอนงานสิ้นวัน","ไม่สามารถเข้าส่งได้ น้ำท่วมสูงในพื้นที่","13207","เสาร์","B2C","สาขารามอินทรา","138/21 หมู่บ้านศุภาลัย วิลล์ รามอินทรา 117 ซ. รามอินทรา 117  แขวงมีนบุรี เขตมีนบุรี จ.กรุงเทพฯ 10510","13.819981666666669,100.70888000000001",13.819981666666669,100.70888000000001,"มีนบุรี","รอน้ำลด","","ยังส่งไม่ได้",true,"วุฒิชัย จีปน","26/09/2026","ผู้ทำรายการ:วุฒิชัย จีปน;โอนงานมาจากวันที่:26/09/2026"
537,"299023","วิลาวรรณ พนมประทีป","2026-09-28T14:47:00+07:00","โอนงานสิ้นวัน","ไม่สามารถเข้าส่งได้ น้ำท่วมสูงในพื้นที่","13207","เสาร์","B2C","สาขารามอินทรา","188/126 พลีโน่ รามอินทรา - บางชัน สเตชั่น 2 ถ.รามอินทรา 117 แขวงมีนบุรี เขตมีนบุรี จ.กรุงเทพฯ 10510","13.820526666666668,100.71315333333332",13.820526666666668,100.71315333333332,"มีนบุรี","รอน้ำลด","","ยังส่งไม่ได้",true,"จิรวัฒน์ สัยนิถี","28/09/2026","ผู้ทำรายการ:จิรวัฒน์ สัยนิถี;โอนงานมาจากวันที่:28/09/2026"
538,"18649","ไมครอน เน็ตเวิร์ค เทคโนโลยี่ จำกัด","2026-09-28T14:46:00+07:00","โอนงานสิ้นวัน","ไม่สามารถเข้าส่งได้ เกิดข้อผิดพลาด (เลื่อนวันที่ส่ง)","13207","เสาร์","B2B","สาขารามอินทรา","5/154 หมู่บ้าน พลีโน่ รามอินทรา-บางชัน สเตชั่น ซ.รามอินทรา 117 ถ.เจริญพัฒนา  แขวงบางชัน เขตคลองสามวา จ.กรุงเทพฯ 10510","13.82096837,100.7035906",13.82096837,100.7035906,"คลองสามวา","รอน้ำลด","","ยังส่งไม่ได้",true,"สถาพร นนท์เข็มพรหม","26/09/2026","ผู้ทำรายการ:สถาพร นนท์เข็มพรหม;โอนงานมาจากวันที่:26/09/2026"
539,"06032/403","เอเชี่ยน พร็อพเพอร์ตี้ จำกัด","2026-09-28T14:43:00+07:00","โอนงานสิ้นวัน","ไม่สามารถเข้าส่งได้ น้ำท่วมสูงในพื้นที่","13207","เสาร์","B2B","สาขารามอินทรา","57 (สำนักงานช่าง) โครงการแกรนด์พลีโน่รามอินทราบางชัน สเตชั่น ถ.รามอินทรา 117 แขวงบางชัน เขตคลองสามวา จ.กรุงเทพฯ 10510","13.8212278,100.7121915",13.8212278,100.7121915,"คลองสามวา","รอน้ำลด","","ยังส่งไม่ได้",true,"ฤทธิศักดิ์ สระเงินสิงห์","28/09/2026","ผู้ทำรายการ:ฤทธิศักดิ์ สระเงินสิงห์;โอนงานมาจากวันที่:28/09/2026"
540,"230786","จิรายุ","2026-09-28T14:10:00+07:00","โอนงานสิ้นวัน","ไม่สามารถเข้าส่งได้ น้ำท่วมสูงในพื้นที่","13207","เสาร์","B2C","สาขารามอินทรา","216 หมู่บ้าน สวัสดี ซ.3 ถ.เจริญพัฒนา แขวงบางชัน เขตคลองสามวา จ.กรุงเทพฯ 10510","13.824779999999999,100.71231333333331",13.824779999999999,100.71231333333331,"คลองสามวา","รอน้ำลด","","ยังส่งไม่ได้",true,"วีรวัฒน์ อุดมทรัพย์","28/09/2026","ผู้ทำรายการ:วีรวัฒน์ อุดมทรัพย์;โอนงานมาจากวันที่:28/09/2026"
541,"06032/407","เอเชี่ยน พร็อพเพอร์ตี้ จำกัด","2026-09-28T14:29:00+07:00","โอนงานสิ้นวัน","ไม่สามารถเข้าส่งได้ น้ำท่วมสูงในพื้นที่","13207","เสาร์","B2B","สาขารามอินทรา","โครงการเซ็นโทรรามอินทรา 2 (สำนักงานช่าง) ถ.เจริญพัฒนา แขวงบางชัน เขตคลองสามวา จ.กรุงเทพฯ 10510","13.822483333333333,100.712955",13.822483333333333,100.712955,"คลองสามวา","รอน้ำลด","","ยังส่งไม่ได้",true,"วุฒิชัย จีปน","26/09/2026","ผู้ทำรายการ:วุฒิชัย จีปน;โอนงานมาจากวันที่:26/09/2026"
542,"233125","ลดารัตน์  สวัสดี","2026-09-28T14:44:00+07:00","โอนงานสิ้นวัน","ไม่สามารถเข้าส่งได้ น้ำท่วมสูงในพื้นที่","13207","เสาร์","B2C","สาขารามอินทรา","138/6 หมู่บ้าน ศุภาลัยวิลล์ ซ.รามอินทรา 117 แขวงมีนบุรี เขตมีนบุรี จ.กรุงเทพฯ 10510","13.820485,100.70897333333332",13.820485,100.70897333333332,"มีนบุรี","รอน้ำลด","","ยังส่งไม่ได้",true,"จิรวัฒน์ สัยนิถี","28/09/2026","ผู้ทำรายการ:จิรวัฒน์ สัยนิถี;โอนงานมาจากวันที่:28/09/2026"
543,"236299","เอกพล","2026-09-28T14:44:00+07:00","โอนงานสิ้นวัน","ไม่สามารถเข้าส่งได้ น้ำท่วมสูงในพื้นที่","13207","เสาร์","B2C","สาขารามอินทรา","27 ซ.รามอินทรา 117 แยก 14  แขวงมีนบุรี เขตมีนบุรี จ.กรุงเทพฯ 10510","13.818196666666665,100.70761666666667",13.818196666666665,100.70761666666667,"มีนบุรี","รอน้ำลด","","ยังส่งไม่ได้",true,"สถาพร นนท์เข็มพรหม","26/09/2026","ผู้ทำรายการ:สถาพร นนท์เข็มพรหม;โอนงานมาจากวันที่:26/09/2026"
544,"06032/439","เอเชี่ยน พร็อพเพอร์ตี้ จำกัด","2026-09-28T14:30:00+07:00","โอนงานสิ้นวัน","ไม่สามารถเข้าส่งได้ น้ำท่วมสูงในพื้นที่","13207","เสาร์","B2B","สาขารามอินทรา","8/3 โครงการเซ็นโทรรามอินทรา 2 (สำนักงานขาย) ถ.เจริญพัฒนา แขวงบางชัน เขตคลองสามวา จ.กรุงเทพฯ 10510","13.822633333333332,100.71260333333333",13.822633333333332,100.71260333333333,"คลองสามวา","รอน้ำลด","","ยังส่งไม่ได้",true,"ฤทธิศักดิ์ สระเงินสิงห์","28/09/2026","ผู้ทำรายการ:ฤทธิศักดิ์ สระเงินสิงห์;โอนงานมาจากวันที่:28/09/2026"
545,"241123","ภาพพิมพ์","2026-09-28T14:51:00+07:00","ตามน้ำ","ไม่สามารถเข้าส่งได้ น้ำท่วมสูงในพื้นที่","13207","เสาร์","B2C","สาขารามอินทรา","5/5 พลีโน่รามอินทรา-บางชัน สเตชั่น ซ.รามอินทรา117 แยก 5 ถ.รามอินทรา แขวงบางชัน เขตคลองสามวา จ.กรุงเทพฯ 10510","13.819561666666667,100.70335333333333",13.819561666666667,100.70335333333333,"คลองสามวา","รอน้ำลด","","ยังส่งไม่ได้",false,"","",""
546,"242158","ผกามาศ","2026-09-28T14:26:00+07:00","โอนงานสิ้นวัน","ไม่สามารถเข้าส่งได้ น้ำท่วมสูงในพื้นที่","13207","เสาร์","B2C","สาขารามอินทรา","133/240 หมู่บ้านรื่นฤดี 3 ซ.2/3 ถ.หทัยราษฎร์ แขวงมีนบุรี เขตมีนบุรี จ.กรุงเทพฯ 10510","13.829343333333334,100.718935",13.829343333333334,100.718935,"มีนบุรี","รอน้ำลด","","ยังส่งไม่ได้",true,"วุฒิชัย จีปน","26/09/2026","ผู้ทำรายการ:วุฒิชัย จีปน;โอนงานมาจากวันที่:26/09/2026"
547,"110430","ณฐมน","2026-09-28T14:01:00+07:00","โอนงานสิ้นวัน","ไม่สามารถเข้าส่งได้ น้ำท่วมสูงในพื้นที่","13207","เสาร์","B2C","สาขารามอินทรา","113/65 หมู่บ้านคณาทรัพย์ ซ.รามอินทรา 117 ถ.รามอินทรา แขวงบางชัน เขตคลองสามวา กรุงเทพฯ 10510","13.825841666666667,100.708645",13.825841666666667,100.708645,"คลองสามวา","รอน้ำลด","","ยังส่งไม่ได้",true,"จิรวัฒน์ สัยนิถี","28/09/2026","ผู้ทำรายการ:จิรวัฒน์ สัยนิถี;โอนงานมาจากวันที่:28/09/2026"
548,"113692","กฤติดา งานธนสัญญา","2026-09-28T14:45:00+07:00","โอนงานสิ้นวัน","ไม่สามารถเข้าส่งได้ เกิดข้อผิดพลาด (เลื่อนวันที่ส่ง)","13207","เสาร์","B2C","สาขารามอินทรา","9/97 หมู่บ้าน bless ville ซ.รามอินทรา 117 ถ.รามอินทรา แขวงบางชัน เขตคลองสามวา กรุงเทพฯ 10510","13.82119679,100.70464254",13.82119679,100.70464254,"คลองสามวา","รอน้ำลด","","ยังส่งไม่ได้",true,"สถาพร นนท์เข็มพรหม","26/09/2026","ผู้ทำรายการ:สถาพร นนท์เข็มพรหม;โอนงานมาจากวันที่:26/09/2026"
549,"118075","ปิริญา นพคุณขจร","2026-09-28T14:01:00+07:00","โอนงานสิ้นวัน","ไม่สามารถเข้าส่งได้ น้ำท่วมสูงในพื้นที่","13207","เสาร์","B2C","สาขารามอินทรา","113/19 ม.คณาทรัพย์ ซ.เจริญพัฒนา ถ.รามอินทรา แขวงบางชัน เขตคลองสามวา กรุงเทพฯ 10510","13.826168333333332,100.71112333333333",13.826168333333332,100.71112333333333,"คลองสามวา","รอน้ำลด","","ยังส่งไม่ได้",true,"ฤทธิศักดิ์ สระเงินสิงห์","28/09/2026","ผู้ทำรายการ:ฤทธิศักดิ์ สระเงินสิงห์;โอนงานมาจากวันที่:28/09/2026"
550,"118259","อนุรัก แซ่ตั่ง","2026-09-28T14:45:00+07:00","โอนงานสิ้นวัน","ไม่สามารถเข้าส่งได้ น้ำท่วมสูงในพื้นที่","13207","เสาร์","B2C","สาขารามอินทรา","9/48 หมู่บ้านเบล็สวิลล์ ซ.รามอินทรา117 ถ.รามอินทรา แขวงบางชัน เขตคลองสามวา กรุงเทพฯ 10510","13.820896666666666,100.70492833333334",13.820896666666666,100.70492833333334,"คลองสามวา","รอน้ำลด","","ยังส่งไม่ได้",true,"วีรวัฒน์ อุดมทรัพย์","28/09/2026","ผู้ทำรายการ:วีรวัฒน์ อุดมทรัพย์;โอนงานมาจากวันที่:28/09/2026"
551,"122609","ภาวดี จิรักษา","2026-09-28T13:26:00+07:00","โอนงานสิ้นวัน","ไม่สามารถเข้าส่งได้ น้ำท่วมสูงในพื้นที่","13207","เสาร์","B2C","สาขารามอินทรา","310/48 หมู่บ้านเต็มสิริ อเวนิว(ซ.7) ถ.เจริญพัฒนา แขวงบางชัน เขตคลองสามวา กรุงเทพฯ 10510","13.828888333333335,100.71433166666665",13.828888333333335,100.71433166666665,"คลองสามวา","รอน้ำลด","","ยังส่งไม่ได้",true,"วุฒิชัย จีปน","26/09/2026","ผู้ทำรายการ:วุฒิชัย จีปน;โอนงานมาจากวันที่:26/09/2026"
552,"35339/132","เงินติดล้อ จำกัด (มหาชน)","2026-09-28T13:29:00+07:00","โอนงานสิ้นวัน","ไม่สามารถเข้าส่งได้ น้ำท่วมสูงในพื้นที่","13207","เสาร์","B2B","สาขารามอินทรา","310/9 ถนนเจริญพัฒนา  แขวงบางชัน เขตคลองสามวา จ.กรุงเทพฯ 10510","13.828388333333331,100.71270833333334",13.828388333333331,100.71270833333334,"คลองสามวา","รอน้ำลด","","ยังส่งไม่ได้",true,"จิรวัฒน์ สัยนิถี","28/09/2026","ผู้ทำรายการ:จิรวัฒน์ สัยนิถี;โอนงานมาจากวันที่:28/09/2026"
553,"254086","ธนโชติ","2026-09-28T14:45:00+07:00","โอนงานสิ้นวัน","ไม่สามารถเข้าส่งได้ น้ำท่วมสูงในพื้นที่","13207","เสาร์","B2C","สาขารามอินทรา","138/63 ศุภาลัยวิลล์รามอินทรา117 ถ.เจริญพัฒนา แขวงมีนบุรี เขตมีนบุรี จ.กรุงเทพฯ 10510","13.818940000000001,100.70910166666665",13.818940000000001,100.70910166666665,"มีนบุรี","รอน้ำลด","","ยังส่งไม่ได้",true,"สถาพร นนท์เข็มพรหม","26/09/2026","ผู้ทำรายการ:สถาพร นนท์เข็มพรหม;โอนงานมาจากวันที่:26/09/2026"
554,"254089","เจษฎา","2026-09-28T14:45:00+07:00","โอนงานสิ้นวัน","ไม่สามารถเข้าส่งได้ น้ำท่วมสูงในพื้นที่","13207","เสาร์","B2C","สาขารามอินทรา","138/48 ศุภาลัย วิลล์ ซ.6 ซ.รามอินทรา 117 แขวงมีนบุรี เขตมีนบุรี จ.กรุงเทพฯ 10510","13.819228333333335,100.70881",13.819228333333335,100.70881,"มีนบุรี","รอน้ำลด","","ยังส่งไม่ได้",true,"ฤทธิศักดิ์ สระเงินสิงห์","28/09/2026","ผู้ทำรายการ:ฤทธิศักดิ์ สระเงินสิงห์;โอนงานมาจากวันที่:28/09/2026"
555,"06032/495","เอเชี่ยน พร็อพเพอร์ตี้ จำกัด","2026-09-28T14:46:00+07:00","โอนงานสิ้นวัน","ไม่สามารถเข้าส่งได้ น้ำท่วมสูงในพื้นที่","13207","เสาร์","B2B","สาขารามอินทรา","188/1 โครงการพลีโน่รามอินทราบางชัน สเตชั่น 2 ถ.รามอินทรา 117  แขวงมีนบุรี เขตมีนบุรี จ.กรุงเทพฯ 10510","13.819796666666665,100.71370166666665",13.819796666666665,100.71370166666665,"มีนบุรี","รอน้ำลด","","ยังส่งไม่ได้",true,"วีรวัฒน์ อุดมทรัพย์","28/09/2026","ผู้ทำรายการ:วีรวัฒน์ อุดมทรัพย์;โอนงานมาจากวันที่:28/09/2026"
556,"67393","นิรัตน์ เจะสา","2026-09-28T14:06:00+07:00","โอนงานสิ้นวัน","ไม่สามารถเข้าส่งได้ น้ำท่วมสูงในพื้นที่","13207","เสาร์","B2C","สาขารามอินทรา","123/12 หมู่บ้านประภาทรัพย์ 5 ถ.เจริญพัฒนา แขวงบางชัน เขตคลองสามวา กรุงเทพฯ 10510","13.82554,100.71011500000002",13.82554,100.71011500000002,"คลองสามวา","รอน้ำลด","","ยังส่งไม่ได้",true,"วุฒิชัย จีปน","26/09/2026","ผู้ทำรายการ:วุฒิชัย จีปน;โอนงานมาจากวันที่:26/09/2026"
557,"71660","สมชาย แสงเพ็ชร์","2026-09-28T14:06:00+07:00","โอนงานสิ้นวัน","ไม่สามารถเข้าส่งได้ น้ำท่วมสูงในพื้นที่","13207","เสาร์","B2C","สาขารามอินทรา","123/18 มบ.ประภาทรัพย์ 5 ถนนเจริญพัฒนา แขวงบางชัน เขตคลองสามวา กรุงเทพฯ 10510","13.825806666666665,100.70982666666666",13.825806666666665,100.70982666666666,"คลองสามวา","รอน้ำลด","","ยังส่งไม่ได้",true,"จิรวัฒน์ สัยนิถี","28/09/2026","ผู้ทำรายการ:จิรวัฒน์ สัยนิถี;โอนงานมาจากวันที่:28/09/2026"
558,"212739","มุกดา หอมทอง","2026-09-28T14:46:00+07:00","โอนงานสิ้นวัน","ไม่สามารถเข้าส่งได้ เกิดข้อผิดพลาด (เลื่อนวันที่ส่ง)","13207","เสาร์","B2C","สาขารามอินทรา","5/186  พลีโน่ รามอินทรา บางชัน สเตชั่น ซ.รามอินทรา 117 ถ.เจริญพัฒนา แขวงบางชัน เขตคลองสามวา จ.กรุงเทพฯ 10510","13.820631666666667,100.70357",13.820631666666667,100.70357,"คลองสามวา","รอน้ำลด","","ยังส่งไม่ได้",true,"สถาพร นนท์เข็มพรหม","26/09/2026","ผู้ทำรายการ:สถาพร นนท์เข็มพรหม;โอนงานมาจากวันที่:26/09/2026"
559,"06032/442","เอเชี่ยน พร็อพเพอร์ตี้ จำกัด","2026-09-28T14:46:00+07:00","โอนงานสิ้นวัน","ไม่สามารถเข้าส่งได้ น้ำท่วมสูงในพื้นที่","13207","เสาร์","B2B","สาขารามอินทรา","57 โครงการแกรนด์พลีโน่รามอินทราบางชัน สเตชั่น (สำนักงานขาย เลขที่ 168)  ถ.รามอินทรา 117 ซ.เจริญพัฒนา แขวงบางชัน เขตคลองสามวา จ.กรุงเทพฯ 10510","13.821139999999998,100.71181166666665",13.821139999999998,100.71181166666665,"คลองสามวา","รอน้ำลด","","ยังส่งไม่ได้",true,"ฤทธิศักดิ์ สระเงินสิงห์","28/09/2026","ผู้ทำรายการ:ฤทธิศักดิ์ สระเงินสิงห์;โอนงานมาจากวันที่:28/09/2026"
560,"189717","นิดารัตน์","2026-09-28T16:00:00+07:00","โอนงานสิ้นวัน","ไม่สามารถเข้าส่งได้ น้ำท่วมสูงในพื้นที่","13301","เสาร์","B2C","สาขารามอินทรา","322 รามอินทรา 61 แยก 8 แขวงท่าแร้ง เขตบางเขน จ.กรุงเทพฯ 10220","13.850323333333332,100.64573666666665",13.850323333333332,100.64573666666665,"บางเขน","รอน้ำลด","","ยังส่งไม่ได้",true,"วีรวัฒน์ อุดมทรัพย์","28/09/2026","ผู้ทำรายการ:วีรวัฒน์ อุดมทรัพย์;โอนงานมาจากวันที่:28/09/2026"
561,"192864","อรรถสิทธิ์","2026-09-28T16:01:00+07:00","โอนงานสิ้นวัน","ไม่สามารถเข้าส่งได้ น้ำท่วมสูงในพื้นที่","13301","เสาร์","B2C","สาขารามอินทรา","510 สวัสดิการนายทหาร ซ.รามอินทรา 61 แยก 12 ถ.รามอินทรา แขวงท่าแร้ง เขตบางเขน จ.กรุงเทพฯ 10220","13.851875,100.64726166666667",13.851875,100.64726166666667,"บางเขน","รอน้ำลด","","ยังส่งไม่ได้",true,"วุฒิชัย จีปน","26/09/2026","ผู้ทำรายการ:วุฒิชัย จีปน;โอนงานมาจากวันที่:26/09/2026"
562,"194578","ทัชชญา","2026-09-28T16:01:00+07:00","โอนงานสิ้นวัน","ไม่สามารถเข้าส่งได้ น้ำท่วมสูงในพื้นที่","13301","เสาร์","B2C","สาขารามอินทรา","402 หมู่บ้านสวัสดิการทหารบก ซ.รามอินทรา61 ถ.รามอินทรา แขวงท่าแร้ง เขตบางเขน จ.กรุงเทพฯ 10220","13.851025,100.64616666666667",13.851025,100.64616666666667,"บางเขน","รอน้ำลด","","ยังส่งไม่ได้",true,"จิรวัฒน์ สัยนิถี","28/09/2026","ผู้ทำรายการ:จิรวัฒน์ สัยนิถี;โอนงานมาจากวันที่:28/09/2026"
563,"212583","ศูนย์มรดกธรรมหลวงปู่ชา สุภทฺโท","2026-09-28T16:01:00+07:00","โอนงานสิ้นวัน","ไม่สามารถเข้าส่งได้ น้ำท่วมสูงในพื้นที่","13301","เสาร์","B2B","สาขารามอินทรา","272 หมู่บ้าน สวัสดิการนายทหาร ซ.รามอินทรา 61 แยก 12 ถ.รามอินทรา  แขวงท่าแร้ง เขตบางเขน จ.กรุงเทพฯ 10220","13.851415000000001,100.64516833333333",13.851415000000001,100.64516833333333,"บางเขน","รอน้ำลด","","ยังส่งไม่ได้",true,"สถาพร นนท์เข็มพรหม","26/09/2026","ผู้ทำรายการ:สถาพร นนท์เข็มพรหม;โอนงานมาจากวันที่:26/09/2026"
564,"231289","ตติยาพร","2026-09-28T16:02:00+07:00","โอนงานสิ้นวัน","ไม่สามารถเข้าส่งได้ น้ำท่วมสูงในพื้นที่","13301","เสาร์","B2C","สาขารามอินทรา","360 สวัสดิการนายทหาร รามอินทรา 61 แยก 8 ท่าแร้ง บางเขน กรุงเทพมหานคร 10220","13.85062,100.64686833333332",13.85062,100.64686833333332,"","รอน้ำลด","","ยังส่งไม่ได้",true,"ฤทธิศักดิ์ สระเงินสิงห์","28/09/2026","ผู้ทำรายการ:ฤทธิศักดิ์ สระเงินสิงห์;โอนงานมาจากวันที่:28/09/2026"
565,"40638","ภัทรวรรณ สุมิตร","2026-09-28T16:02:00+07:00","โอนงานสิ้นวัน","ไม่สามารถเข้าส่งได้ น้ำท่วมสูงในพื้นที่","13301","เสาร์","B2C","สาขารามอินทรา","93 หมู่บ้านสวัสดิการหทาร หมู่ 8 แยก 10 ซ.รามอินทรา 61 ถ.รามอินทรา แขวงท่าแร้ง เขตบางเขน กรุงเทพฯ 10230","13.851806666666668,100.64806500000002",13.851806666666668,100.64806500000002,"บางเขน","รอน้ำลด","","ยังส่งไม่ได้",true,"วีรวัฒน์ อุดมทรัพย์","28/09/2026","ผู้ทำรายการ:วีรวัฒน์ อุดมทรัพย์;โอนงานมาจากวันที่:28/09/2026"
566,"255798","สุพัตรา","2026-09-28T16:03:00+07:00","โอนงานสิ้นวัน","ไม่สามารถเข้าส่งได้ น้ำท่วมสูงในพื้นที่","13301","เสาร์","B2C","สาขารามอินทรา","136 หมู่บ้านสวัสดิการนายทหาร กม.6 ซ.รามอินทรา 61 แยก 2 ถ.รามอินทรา แขวงท่าแร้ง เขตบางเขน จ.กรุงเทพฯ 10220","13.847769999999999,100.64593666666666",13.847769999999999,100.64593666666666,"บางเขน","รอน้ำลด","","ยังส่งไม่ได้",true,"วุฒิชัย จีปน","26/09/2026","ผู้ทำรายการ:วุฒิชัย จีปน;โอนงานมาจากวันที่:26/09/2026"
567,"257373","KAN SS","2026-09-28T16:03:00+07:00","โอนงานสิ้นวัน","ไม่สามารถเข้าส่งได้ น้ำท่วมสูงในพื้นที่","13301","เสาร์","B2C","สาขารามอินทรา","96 ซ.รามอินทรา 61 แยก 8 ถ.รามอินทรา แขวงท่าแร้ง เขตบางเขน จ.กรุงเทพฯ 10220","13.850960000000002,100.64808833333333",13.850960000000002,100.64808833333333,"บางเขน","รอน้ำลด","","ยังส่งไม่ได้",true,"จิรวัฒน์ สัยนิถี","28/09/2026","ผู้ทำรายการ:จิรวัฒน์ สัยนิถี;โอนงานมาจากวันที่:28/09/2026"
568,"41681","สิริมนต์ จิตร์เปรมวณิชย์","2026-09-28T16:46:00+07:00","โอนงานสิ้นวัน","ไม่สามารถเข้าส่งได้ เกิดข้อผิดพลาด (เลื่อนวันที่ส่ง)","13301","ศุกร์","B2C","สาขารามอินทรา","32/60 ม.8 ซ.รามอินทรา 65 แยก 17 แขวงท่าแร้ง เขตบางเขน กรุงเทพฯ 10230","13.855106666666666,100.64813833333334",13.855106666666666,100.64813833333334,"บางเขน","รอน้ำลด","","ยังส่งไม่ได้",true,"สถาพร นนท์เข็มพรหม","26/09/2026","ผู้ทำรายการ:สถาพร นนท์เข็มพรหม;โอนงานมาจากวันที่:26/09/2026"
569,"229048","กะรัตเพชร","2026-09-28T16:52:00+07:00","เสริมน้ำ นอกรอบ","ไม่สามารถเข้าส่งได้ น้ำท่วมสูงในพื้นที่","13304","เสาร์","B2C","สาขารามอินทรา","99/17 หมู่บ้าน ปาล์มสปริงวิลล่า ถ.สุเหร่าคลองหนึ่ง แขวงบางชัน เขตคลองสามวา จ.กรุงเทพฯ 10510","13.841935000000001,100.70037833333332",13.841935000000001,100.70037833333332,"คลองสามวา","รอน้ำลด","","ยังส่งไม่ได้",false,"","",""
570,"193031","เนาวรัตน์","2026-09-28T17:10:00+07:00","โอนงานสิ้นวัน","ไม่สามารถเข้าส่งได้ น้ำท่วมสูงในพื้นที่","13304","เสาร์","B2C","สาขารามอินทรา","778/205 หมู่บ้านประภาทรัพย์ 4 ซ.รามอินทรา 117 ถ.เจริญพัฒนา  แขวงบางชัน เขตคลองสามวา จ.กรุงเทพฯ 10510","13.83819269,100.71346296",13.83819269,100.71346296,"คลองสามวา","รอน้ำลด","","ยังส่งไม่ได้",true,"วีรวัฒน์ อุดมทรัพย์","28/09/2026","ผู้ทำรายการ:วีรวัฒน์ อุดมทรัพย์;โอนงานมาจากวันที่:28/09/2026"
571,"196406","สมชาย","2026-09-28T16:53:00+07:00","โอนงานสิ้นวัน","ไม่สามารถเข้าส่งได้ น้ำท่วมสูงในพื้นที่","13304","เสาร์","B2C","สาขารามอินทรา","251/26  หมู่บ้าน ณ บุรี ถ.สุเหร่าคลองหนึ่ง 23/1 แขวงบางชัน เขตคลองสามวา จ.กรุงเทพฯ 10510","13.842873333333333,100.70247166666668",13.842873333333333,100.70247166666668,"คลองสามวา","รอน้ำลด","","ยังส่งไม่ได้",true,"วุฒิชัย จีปน","26/09/2026","ผู้ทำรายการ:วุฒิชัย จีปน;โอนงานมาจากวันที่:26/09/2026"
572,"197379","เอ็มเอส ซิงโครไนซ์ จำกัด","2026-09-28T17:12:00+07:00","โอนงานสิ้นวัน","ไม่สามารถเข้าส่งได้ น้ำท่วมสูงในพื้นที่","13304","เสาร์","B2B","สาขารามอินทรา","โกดัง เลขที่ 75 ซ.เจริญพัฒนา ซ.10  แขวงบางชัน เขตคลองสามวา จ.กรุงเทพฯ 10510","13.837684999999999,100.71649000000001",13.837684999999999,100.71649000000001,"คลองสามวา","รอน้ำลด","","ยังส่งไม่ได้",true,"จิรวัฒน์ สัยนิถี","28/09/2026","ผู้ทำรายการ:จิรวัฒน์ สัยนิถี;โอนงานมาจากวันที่:28/09/2026"
573,"208285","นิตยา","2026-09-28T17:10:00+07:00","โอนงานสิ้นวัน","ไม่สามารถเข้าส่งได้ น้ำท่วมสูงในพื้นที่","13304","เสาร์","B2C","สาขารามอินทรา","778/155 หมู่บ้านประภาทรัพย์4 ถ. เจริญพัฒนา แขวงบางชัน เขตคลองสามวา จ.กรุงเทพฯ 10510","13.838733333333334,100.71374833333333",13.838733333333334,100.71374833333333,"คลองสามวา","รอน้ำลด","","ยังส่งไม่ได้",true,"สถาพร นนท์เข็มพรหม","26/09/2026","ผู้ทำรายการ:สถาพร นนท์เข็มพรหม;โอนงานมาจากวันที่:26/09/2026"
574,"208354","อริสา","2026-09-28T17:12:00+07:00","โอนงานสิ้นวัน","ไม่สามารถเข้าส่งได้ น้ำท่วมสูงในพื้นที่","13304","เสาร์","B2C","สาขารามอินทรา","44/109 หมู่บ้าน เบล็สวิลล์ ซ.3 ซ.เจริญพัฒนา 8 แขวงบางชัน เขตคลองสามวา จ.กรุงเทพฯ 10510","13.83607416,100.71564103",13.83607416,100.71564103,"คลองสามวา","รอน้ำลด","","ยังส่งไม่ได้",true,"ฤทธิศักดิ์ สระเงินสิงห์","28/09/2026","ผู้ทำรายการ:ฤทธิศักดิ์ สระเงินสิงห์;โอนงานมาจากวันที่:28/09/2026"
575,"269010/1","เจนจิรา","2026-09-28T17:10:00+07:00","โอนงานสิ้นวัน","ไม่สามารถเข้าส่งได้ น้ำท่วมสูงในพื้นที่","13304","เสาร์","B2C","สาขารามอินทรา","เลขที่ 778/55 หมู่บ้าน ประภาทรัพย์4 แขวงบางชัน เขตคลองสามวา จ.กรุงเทพฯ 10510","13.838321666666666,100.71508",13.838321666666666,100.71508,"คลองสามวา","รอน้ำลด","","ยังส่งไม่ได้",true,"วีรวัฒน์ อุดมทรัพย์","28/09/2026","ผู้ทำรายการ:วีรวัฒน์ อุดมทรัพย์;โอนงานมาจากวันที่:28/09/2026"
576,"211872","ถิรวัสส์","2026-09-28T17:12:00+07:00","โอนงานสิ้นวัน","ไม่สามารถเข้าส่งได้ น้ำท่วมสูงในพื้นที่","13304","เสาร์","B2C","สาขารามอินทรา","44/113 หมู่บ้าน เบล็สวิลล์ (รามอินทรา117) ซ.เจริญพัฒนา8 แขวงบางชัน เขตคลองสามวา จ.กรุงเทพฯ 10510","13.83624087,100.71590754",13.83624087,100.71590754,"คลองสามวา","รอน้ำลด","","ยังส่งไม่ได้",true,"วุฒิชัย จีปน","26/09/2026","ผู้ทำรายการ:วุฒิชัย จีปน;โอนงานมาจากวันที่:26/09/2026"
577,"213229","เวนิช","2026-09-28T16:54:00+07:00","โอนงานสิ้นวัน","ไม่สามารถเข้าส่งได้ น้ำท่วมสูงในพื้นที่","13304","เสาร์","B2C","สาขารามอินทรา","251/28 หมู่บ้าน ณ บุรี ถ.สุเหร่าคลองหนึ่ง  แขวงบางชัน เขตคลองสามวา จ.กรุงเทพฯ 10510","13.842701666666668,100.70248833333332",13.842701666666668,100.70248833333332,"คลองสามวา","รอน้ำลด","","ยังส่งไม่ได้",true,"จิรวัฒน์ สัยนิถี","28/09/2026","ผู้ทำรายการ:จิรวัฒน์ สัยนิถี;โอนงานมาจากวันที่:28/09/2026"
578,"218883","อรรถวรรษ","2026-09-28T17:14:00+07:00","โอนงานสิ้นวัน","ไม่สามารถเข้าส่งได้ เกิดข้อผิดพลาด (เลื่อนวันที่ส่ง)","13304","เสาร์","B2C","สาขารามอินทรา","559/2 ถ.เจริญพัฒนา แขวงบางชัน เขตคลองสามวา จ.กรุงเทพฯ 10510","13.833435000000001,100.71258333333331",13.833435000000001,100.71258333333331,"คลองสามวา","รอน้ำลด","","ยังส่งไม่ได้",true,"สถาพร นนท์เข็มพรหม","26/09/2026","ผู้ทำรายการ:สถาพร นนท์เข็มพรหม;โอนงานมาจากวันที่:26/09/2026"
579,"226517","พิชิตพล","2026-09-28T17:13:00+07:00","โอนงานสิ้นวัน","ไม่สามารถเข้าส่งได้ น้ำท่วมสูงในพื้นที่","13304","เสาร์","B2C","สาขารามอินทรา","44/42 หมู่บ้านเบล็สวิลล์ รามอินทรา 117 ซ.เจริญพัฒนา 8 ถ.รามอินทรา แขวงบางชัน เขตคลองสามวา จ.กรุงเทพฯ 10510","13.836476666666666,100.71591666666667",13.836476666666666,100.71591666666667,"คลองสามวา","รอน้ำลด","","ยังส่งไม่ได้",true,"ฤทธิศักดิ์ สระเงินสิงห์","28/09/2026","ผู้ทำรายการ:ฤทธิศักดิ์ สระเงินสิงห์;โอนงานมาจากวันที่:28/09/2026"
580,"129020","บีทีอาร์ อิมพอร์ต แอนด์ เอ็กซ์พอร์ต จำกัด","2026-09-28T16:59:00+07:00","โอนงานสิ้นวัน","ไม่สามารถเข้าส่งได้ น้ำท่วมสูงในพื้นที่","13304","เสาร์","B2B","สาขารามอินทรา","294/1 ถ.เจริญพัฒนา แขวงบางชัน เขตคลองสามวา กรุงเทพฯ 10510","13.827203333333333,100.71312833333334",13.827203333333333,100.71312833333334,"คลองสามวา","รอน้ำลด","","ยังส่งไม่ได้",true,"วีรวัฒน์ อุดมทรัพย์","28/09/2026","ผู้ทำรายการ:วีรวัฒน์ อุดมทรัพย์;โอนงานมาจากวันที่:28/09/2026"
581,"131459","นฤมล","2026-09-28T17:10:00+07:00","ตามน้ำ","ไม่สามารถเข้าส่งได้ น้ำท่วมสูงในพื้นที่","13304","เสาร์","B2C","สาขารามอินทรา","778/129 หมู่บ้านประภาทรัพย์ 4 ถ.เจริญพัฒนา แขวงบางชัน เขตคลองสามวา จ.กรุงเทพฯ 10510","13.838781666666668,100.71476333333334",13.838781666666668,100.71476333333334,"คลองสามวา","รอน้ำลด","","ยังส่งไม่ได้",false,"","",""
582,"142234","พัชรินทร์ หลีเห้ง","2026-09-28T17:11:00+07:00","โอนงานสิ้นวัน","ไม่สามารถเข้าส่งได้ น้ำท่วมสูงในพื้นที่","13304","เสาร์","B2C","สาขารามอินทรา","778/156 หมู่บ้าน ประภาทรัพย์ 4 ซ.3 ถ.เจริญพัฒนา แขวงบางชัน เขตคลองสามวา จ.กรุงเทพฯ 10510","13.83881099,100.71372093",13.83881099,100.71372093,"คลองสามวา","รอน้ำลด","","ยังส่งไม่ได้",true,"จิรวัฒน์ สัยนิถี","28/09/2026","ผู้ทำรายการ:จิรวัฒน์ สัยนิถี;โอนงานมาจากวันที่:28/09/2026"
583,"249059","บุญยัง","2026-09-28T17:14:00+07:00","โอนงานสิ้นวัน","ไม่สามารถเข้าส่งได้ น้ำท่วมสูงในพื้นที่","13304","เสาร์","B2C","สาขารามอินทรา","85 ซ.เจริญพัฒนา10 ถ.เจริญพัฒนา แขวงบางชัน เขตคลองสามวา จ.กรุงเทพฯ 10510","13.837636666666667,100.71643999999999",13.837636666666667,100.71643999999999,"คลองสามวา","รอน้ำลด","","ยังส่งไม่ได้",true,"สถาพร นนท์เข็มพรหม","26/09/2026","ผู้ทำรายการ:สถาพร นนท์เข็มพรหม;โอนงานมาจากวันที่:26/09/2026"
584,"75615","เล็กมณี อิมพอร์ท และ ขนส่ง จำกัด","2026-09-28T17:11:00+07:00","โอนงานสิ้นวัน","ไม่สามารถเข้าส่งได้ น้ำท่วมสูงในพื้นที่","13304","เสาร์","B2B","สาขารามอินทรา","778/170 หมู่บ้าน ประภาทรัพย์ 4 ถ.เจริญราษฎร์พัฒนา แขวงบางชัน เขตคลองสามวา จ.กรุงเทพฯ 10510","13.838753333333333,100.71476",13.838753333333333,100.71476,"คลองสามวา","รอน้ำลด","","ยังส่งไม่ได้",true,"ฤทธิศักดิ์ สระเงินสิงห์","28/09/2026","ผู้ทำรายการ:ฤทธิศักดิ์ สระเงินสิงห์;โอนงานมาจากวันที่:28/09/2026"
585,"173549","เวิร์ค คูลลิ่ง เซ็นเตอร์ จำกัด","2026-09-28T17:13:00+07:00","โอนงานสิ้นวัน","ไม่สามารถเข้าส่งได้ น้ำท่วมสูงในพื้นที่","13304","เสาร์","B2B","สาขารามอินทรา","หมู่บ้านเบล็สวิลล์ 44/65  ซอยเจริญพัฒนา 8 แขวงบางชัน เขตคลองสามวา จังหวัดกรุงเทพมหานคร 10510","13.836483333333335,100.71602",13.836483333333335,100.71602,"คลองสามวา","รอน้ำลด","","ยังส่งไม่ได้",true,"วีรวัฒน์ อุดมทรัพย์","28/09/2026","ผู้ทำรายการ:วีรวัฒน์ อุดมทรัพย์;โอนงานมาจากวันที่:28/09/2026"
586,"175030","อริยา","2026-09-28T16:59:00+07:00","โอนงานสิ้นวัน","ไม่สามารถเข้าส่งได้ น้ำท่วมสูงในพื้นที่","13304","เสาร์","B2C","สาขารามอินทรา","793 ถ.เจริญพัฒนา (บ้านอยู่ตรงข้ามหมู่บ้านประภาทรัพย์ 4) แขวงบางชัน เขตคลองสามวา จ.กรุงเทพฯ 10510","13.838405,100.71259333333334",13.838405,100.71259333333334,"คลองสามวา","รอน้ำลด","","ยังส่งไม่ได้",true,"วุฒิชัย จีปน","26/09/2026","ผู้ทำรายการ:วุฒิชัย จีปน;โอนงานมาจากวันที่:26/09/2026"
587,"179112","ส.ว. ฟู้ดส์ จำกัด","2026-09-28T17:14:00+07:00","โอนงานสิ้นวัน","ไม่สามารถเข้าส่งได้ น้ำท่วมสูงในพื้นที่","13304","เสาร์","B2B","สาขารามอินทรา","เลขที่ 22 ซ.เจริญพัฒนา 23 แขวงบางชัน เขตคลองสามวา จ.กรุงเทพฯ 10510","13.8377605,100.7117176",13.8377605,100.7117176,"คลองสามวา","รอน้ำลด","","ยังส่งไม่ได้",true,"จิรวัฒน์ สัยนิถี","28/09/2026","ผู้ทำรายการ:จิรวัฒน์ สัยนิถี;โอนงานมาจากวันที่:28/09/2026"
588,"71817/52","สยาม มัลติ คอน จำกัด","2026-09-28T10:24:00+07:00","ปกติ","ไม่สามารถเข้าส่งได้ เกิดข้อผิดพลาด (เลื่อนวันที่ส่ง)","13305","จันทร์","B2B","สาขารามอินทรา","เลขที่ 4 โครงการก่อสร้างชั่วคราวที่ศูนย์พัฒนากีฬากองทัพบก อาคารที่อยู่อาศัยธนารักษ์ ถ.รามอินทรา  แขวงอนุสาวรีย์ เขตบางเขน กรุงเทพฯ 10220","13.865915,100.6074",13.865915,100.6074,"บางเขน","รอน้ำลด","","ยังส่งไม่ได้",false,"","",""
589,"181842","อภิญญา","2026-09-28T13:20:00+07:00","ปกติ","ไม่สามารถเข้าส่งได้ น้ำท่วมสูงในพื้นที่","13305","จันทร์","B2C","สาขารามอินทรา","11/1 ซ.ลาดปลาเค้า 72 แยก 10  แขวงอนุสาวรีย์ เขตบางเขน กรุงเทพฯ 10220","13.854256666666666,100.61448333333334",13.854256666666666,100.61448333333334,"บางเขน","รอน้ำลด","","ยังส่งไม่ได้",false,"","",""
590,"250888","สิริพงษ์","2026-09-28T12:24:00+07:00","เสริมน้ำ นอกรอบ","ไม่สามารถเข้าส่งได้ น้ำท่วมสูงในพื้นที่","13305","เสาร์","B2C","สาขารามอินทรา","103 หมู่บ้านปั้นทอง3 ซ.ลาดปลาเค้า76 แยก 1 ซ.9 ถ.ลาดปลาเค้า แขวงอนุสาวรีย์ เขตบางเขน จ.กรุงเทพฯ 10220","13.860299999999999,100.61407166666667",13.860299999999999,100.61407166666667,"บางเขน","รอน้ำลด","","ยังส่งไม่ได้",false,"","",""
591,"189581","สกุณา","2026-09-28T12:24:00+07:00","ตามน้ำ","ไม่สามารถเข้าส่งได้ น้ำท่วมสูงในพื้นที่","13305","เสาร์","B2C","สาขารามอินทรา","96/2 หมู่บ้านปั้นทอง 3 แยก 1 ซ.9 ถ.ลาดปลาเค้า 76 แขวงอนุสาวรีย์ เขตบางเขน จ.กรุงเทพฯ 10220","13.8600986,100.61415374",13.8600986,100.61415374,"บางเขน","รอน้ำลด","","ยังส่งไม่ได้",false,"","",""
592,"277963","กฤษฎา","2026-09-28T12:33:00+07:00","โอนงานสิ้นวัน","ไม่สามารถเข้าส่งได้ น้ำท่วมสูงในพื้นที่","13305","เสาร์","B2C","สาขารามอินทรา","21 หมู่บ้านปั้นทอง แยก 3-10 ซ.ลาดปลาเค้า 76 ถ.รามอินทรา แขวงอนุสาวรีย์ เขตบางเขน จ.กรุงเทพฯ 10220","13.857558333333335,100.614785",13.857558333333335,100.614785,"บางเขน","รอน้ำลด","","ยังส่งไม่ได้",true,"จิรวัฒน์ สัยนิถี","28/09/2026","ผู้ทำรายการ:จิรวัฒน์ สัยนิถี;โอนงานมาจากวันที่:28/09/2026"
593,"210076","ฉัตรชัย กระถินทอง","2026-09-28T14:34:00+07:00","โอนงานสิ้นวัน","ไม่สามารถเข้าส่งได้ น้ำท่วมสูงในพื้นที่","13305","เสาร์","B2C","สาขารามอินทรา","22/20​ หมู่​5​ สิทธารมย์​ ซอย​ลาดปลา​เค้า ​83​ ถ.ลาดปลา​เค้า แขวงอนุสาวรีย์ เขตบางเขน จ.กรุงเทพฯ 10220","13.859611666666668,100.60920333333334",13.859611666666668,100.60920333333334,"บางเขน","รอน้ำลด","","ยังส่งไม่ได้",true,"สถาพร นนท์เข็มพรหม","26/09/2026","ผู้ทำรายการ:สถาพร นนท์เข็มพรหม;โอนงานมาจากวันที่:26/09/2026"
594,"223879","ดุสิต อิทธิธนพร","2026-09-28T13:33:00+07:00","โอนงานสิ้นวัน","ไม่สามารถเข้าส่งได้ น้ำท่วมสูงในพื้นที่","13305","เสาร์","B2C","สาขารามอินทรา","4/225 หมู่บ้านมณีนิล วิลล์ ซ.ลาดปลาเค้า 66  แขวงอนุสาวรีย์ เขตบางเขน จ.กรุงเทพฯ 10220","13.851913333333334,100.61110166666667",13.851913333333334,100.61110166666667,"บางเขน","รอน้ำลด","","ยังส่งไม่ได้",true,"ฤทธิศักดิ์ สระเงินสิงห์","28/09/2026","ผู้ทำรายการ:ฤทธิศักดิ์ สระเงินสิงห์;โอนงานมาจากวันที่:28/09/2026"
595,"294826","วชิระวิชญ์","2026-09-28T12:34:00+07:00","โอนงานสิ้นวัน","ไม่สามารถเข้าส่งได้ น้ำท่วมสูงในพื้นที่","13305","เสาร์","B2C","สาขารามอินทรา","บ้านเลขที่ 8 หมู่บ้านปั้นทอง 3 ถ.ลาดปลาเค้า 76 แยก 3-12 แขวงอนุสาวรีย์ เขตบางเขน จ.กรุงเทพฯ 10220","13.857898333333333,100.61506833333333",13.857898333333333,100.61506833333333,"บางเขน","รอน้ำลด","","ยังส่งไม่ได้",true,"วีรวัฒน์ อุดมทรัพย์","28/09/2026","ผู้ทำรายการ:วีรวัฒน์ อุดมทรัพย์;โอนงานมาจากวันที่:28/09/2026"
596,"188597/1","ปรารถนา","2026-09-28T12:20:00+07:00","โอนงานสิ้นวัน","ไม่สามารถเข้าส่งได้ น้ำท่วมสูงในพื้นที่","13305","เสาร์","B2C","สาขารามอินทรา","95/51  หมู่บ้านปั้นทอง 3 ซอยลาดปลาเค้า 76  แขวงอนุสาวรีย์ เขตบางเขน จ.กรุงเทพฯ 10220","13.85978333,100.6130939",13.85978333,100.6130939,"บางเขน","รอน้ำลด","","ยังส่งไม่ได้",true,"วุฒิชัย จีปน","26/09/2026","ผู้ทำรายการ:วุฒิชัย จีปน;โอนงานมาจากวันที่:26/09/2026"
597,"228364","ศักดิ์ศิริ","2026-09-28T12:25:00+07:00","โอนงานสิ้นวัน","ไม่สามารถเข้าส่งได้ น้ำท่วมสูงในพื้นที่","13305","เสาร์","B2C","สาขารามอินทรา","111 ซ.ลาดปลาเค้า 76 แยก 1-9 แขวงอนุสาวรีย์ เขตบางเขน จ.กรุงเทพฯ 10220","13.859918333333333,100.61414166666667",13.859918333333333,100.61414166666667,"บางเขน","รอน้ำลด","","ยังส่งไม่ได้",true,"จิรวัฒน์ สัยนิถี","28/09/2026","ผู้ทำรายการ:จิรวัฒน์ สัยนิถี;โอนงานมาจากวันที่:28/09/2026"
598,"243885","ปภัสสร","2026-09-28T12:34:00+07:00","โอนงานสิ้นวัน","ไม่สามารถเข้าส่งได้ เกิดข้อผิดพลาด (เลื่อนวันที่ส่ง)","13305","เสาร์","B2C","สาขารามอินทรา","30 ม.6 ซ.ลาดปลาเค้า76 แยก 3-12  แขวงอนุสาวรีย์ เขตบางเขน จ.กรุงเทพฯ 10220","13.857446666666666,100.61518666666667",13.857446666666666,100.61518666666667,"บางเขน","รอน้ำลด","","ยังส่งไม่ได้",true,"สถาพร นนท์เข็มพรหม","26/09/2026","ผู้ทำรายการ:สถาพร นนท์เข็มพรหม;โอนงานมาจากวันที่:26/09/2026"
599,"127457","พล.อ.ต.หญิง สยุมพร","2026-09-28T12:34:00+07:00","โอนงานสิ้นวัน","ไม่สามารถเข้าส่งได้ น้ำท่วมสูงในพื้นที่","13305","เสาร์","B2C","สาขารามอินทรา","21 (เลขที่เก่า93/352) หมู่บ้านปั้นทอง 3 ซ.21 ซ.ลาดปลาเค้า- 76 แยก 3-6 แขวงอนุสาวรีย์ เขตบางเขน กรุงเทพฯ 10220","13.857218,100.6140331",13.857218,100.6140331,"บางเขน","รอน้ำลด","","ยังส่งไม่ได้",true,"ฤทธิศักดิ์ สระเงินสิงห์","28/09/2026","ผู้ทำรายการ:ฤทธิศักดิ์ สระเงินสิงห์;โอนงานมาจากวันที่:28/09/2026"
600,"55802","ศิโรจน์ ชัยสุวรรณ","2026-09-28T13:54:00+07:00","โอนงานสิ้นวัน","ไม่สามารถเข้าส่งได้ น้ำท่วมสูงในพื้นที่","13305","เสาร์","B2C","สาขารามอินทรา","37/188 หมู่บ้านสุขนที ซ.1 ถ.ลาดปลาเค้า ซ.62 แขวงอนุสาวรีย์ เขตบางเขน กรุงเทพฯ 10220","13.85216966,100.60707669",13.85216966,100.60707669,"บางเขน","รอน้ำลด","","ยังส่งไม่ได้",true,"วีรวัฒน์ อุดมทรัพย์","28/09/2026","ผู้ทำรายการ:วีรวัฒน์ อุดมทรัพย์;โอนงานมาจากวันที่:28/09/2026"
601,"162475","ชลิดา ธนาอริยวิภู","2026-09-28T13:59:00+07:00","โอนงานสิ้นวัน","ไม่สามารถเข้าส่งได้ น้ำท่วมสูงในพื้นที่","13305","เสาร์","B2C","สาขารามอินทรา","37/110 หมู่บ้าน สุขนที ซ.ลาดปลาเค้า 62 แขวงอนุสาวรีย์ เขตบางเขน จ.กรุงเทพฯ 10220","13.84981166666667,100.60947166666668",13.84981166666667,100.60947166666668,"บางเขน","รอน้ำลด","","ยังส่งไม่ได้",true,"วุฒิชัย จีปน","26/09/2026","ผู้ทำรายการ:วุฒิชัย จีปน;โอนงานมาจากวันที่:26/09/2026"
602,"261387","กรวรรณ","2026-09-28T12:34:00+07:00","โอนงานสิ้นวัน","ไม่สามารถเข้าส่งได้ น้ำท่วมสูงในพื้นที่","13305","เสาร์","B2C","สาขารามอินทรา","10 หมู่บ้านปั้นทอง 3 ซอย 3-12 ลาด ซ.ปลาเค้า 76 ถ.ลาดปลาเค้า แขวงอนุสาวรีย์ เขตบางเขน จ.กรุงเทพฯ 10220","13.857838333333332,100.61512833333333",13.857838333333332,100.61512833333333,"บางเขน","รอน้ำลด","","ยังส่งไม่ได้",true,"จิรวัฒน์ สัยนิถี","28/09/2026","ผู้ทำรายการ:จิรวัฒน์ สัยนิถี;โอนงานมาจากวันที่:28/09/2026"
603,"174450","เรืองคณา","2026-09-28T12:35:00+07:00","โอนงานสิ้นวัน","ไม่สามารถเข้าส่งได้ น้ำท่วมสูงในพื้นที่","13305","เสาร์","B2C","สาขารามอินทรา","เลขที่ 4  หมู่บ้านปั้นทอง 3 ซ.ลาดปลาเค้า 76 แยก 3-12 แขวงอนุสาวรีย์ เขตบางเขน จ.กรุงเทพฯ 10220","13.85819255,100.61504062",13.85819255,100.61504062,"บางเขน","รอน้ำลด","","ยังส่งไม่ได้",true,"สถาพร นนท์เข็มพรหม","26/09/2026","ผู้ทำรายการ:สถาพร นนท์เข็มพรหม;โอนงานมาจากวันที่:26/09/2026"
604,"180163","กฤต","2026-09-28T13:59:00+07:00","โอนงานสิ้นวัน","ไม่สามารถเข้าส่งได้ น้ำท่วมสูงในพื้นที่","13305","เสาร์","B2C","สาขารามอินทรา","37/304-305 หมู่บ้าน สุขนทีวิลล่า ถ.ลาดปลาเค้า62 แขวงอนุสาวรีย์ เขตบางเขน จ.กรุงเทพฯ 10220","13.85200332,100.6092954",13.85200332,100.6092954,"บางเขน","รอน้ำลด","","ยังส่งไม่ได้",true,"ฤทธิศักดิ์ สระเงินสิงห์","28/09/2026","ผู้ทำรายการ:ฤทธิศักดิ์ สระเงินสิงห์;โอนงานมาจากวันที่:28/09/2026"
605,"191966","วงศ์พัทธมนต์","2026-09-28T13:59:00+07:00","ตามน้ำ","ไม่สามารถเข้าส่งได้ น้ำท่วมสูงในพื้นที่","13305","เสาร์","B2C","สาขารามอินทรา","37/255 ซ.ลาดปลาเค้า 62 แขวงอนุสาวรีย์ เขตบางเขน จ.กรุงเทพฯ 10220","13.852156666666668,100.60989833333333",13.852156666666668,100.60989833333333,"บางเขน","รอน้ำลด","","ยังส่งไม่ได้",false,"","",""
606,"255648","ภัทรพร","2026-09-28T13:58:00+07:00","โอนงานสิ้นวัน","ไม่สามารถเข้าส่งได้ น้ำท่วมสูงในพื้นที่","13305","เสาร์","B2C","สาขารามอินทรา","37/294 สุขนทีวิลล่า ลาดปลาเค้า 62 ถ.ลาดปลาเค้า แขวงอนุสาวรีย์ เขตบางเขน จ.กรุงเทพฯ 10220","13.85328214287505,100.60917016549877",13.85328214287505,100.60917016549877,"บางเขน","รอน้ำลด","","ยังส่งไม่ได้",true,"วุฒิชัย จีปน","26/09/2026","ผู้ทำรายการ:วุฒิชัย จีปน;โอนงานมาจากวันที่:26/09/2026"
607,"264555","ณัฏฐนิชา","2026-09-28T10:34:00+07:00","เสริมน้ำ นอกรอบ","ไม่สามารถเข้าส่งได้ น้ำท่วมสูงในพื้นที่","13402","เสาร์","B2C","สาขารามอินทรา","19/134 หมู่บ้านนันทวัน ถ.สุขาภิบาล5 ซ.28 แขวงออเงิน เขตสายไหม จ.กรุงเทพฯ 10220","13.881011,100.6569004",13.881011,100.6569004,"สายไหม","รอน้ำลด","","ยังส่งไม่ได้",false,"","",""
608,"25388","ปุณิกา ธีรเดชภูวดล","2026-09-28T10:34:00+07:00","เสริมน้ำ นอกรอบ","ไม่สามารถเข้าส่งได้ เกิดข้อผิดพลาด (เลื่อนวันที่ส่ง)","13402","เสาร์","B2C","สาขารามอินทรา","19/61 หมู่บ้านนันทวัน ซ.12 ถ.สุขาภิบาล5 ซ.28  แขวงออเงิน เขตสายไหม จ.กรุงเทพฯ 10220","13.881147,100.6569309",13.881147,100.6569309,"สายไหม","รอน้ำลด","","ยังส่งไม่ได้",false,"","",""
609,"208283","กฤษณัน","2026-09-28T10:34:00+07:00","เสริมน้ำ นอกรอบ","ไม่สามารถเข้าส่งได้ น้ำท่วมสูงในพื้นที่","13402","เสาร์","B2C","สาขารามอินทรา","19/64 หมู่บ้านนันทวันวัชรพล ซ.12 ถ.ถ.สุขาภิบาล 5 แขวงออเงิน เขตสายไหม จ.กรุงเทพฯ 10220","13.88123836,100.65739574",13.88123836,100.65739574,"สายไหม","รอน้ำลด","","ยังส่งไม่ได้",false,"","",""
610,"189724","ชุติมา","2026-09-28T09:49:00+07:00","ปกติ","ไม่สามารถเข้าส่งได้ น้ำท่วมสูงในพื้นที่","13404","จันทร์","B2C","สาขารามอินทรา","222/365 หมู่บ้านโนเบิลจีโอ ซ.ร่วมมิตรพัฒนา ถ.วัชรพล  แขวงท่าแร้ง เขตบางเขน จ.กรุงเทพฯ 10220","13.87141062,100.65770545",13.87141062,100.65770545,"บางเขน","รอน้ำลด","","ยังส่งไม่ได้",false,"","",""
611,"280586","พิชญ์","2026-09-28T09:50:00+07:00","ปกติ","ไม่สามารถเข้าส่งได้ น้ำท่วมสูงในพื้นที่","13404","จันทร์","B2C","สาขารามอินทรา","222/342 หมู่บ้านโนเบิล จีโอ วัชรพล ซอย 7/6B ซอย ร่วมมิตรพัฒนา แขวงท่าแร้ง เขตบางเขน จ.กรุงเทพฯ 10220","13.870740000000001,100.65818333333333",13.870740000000001,100.65818333333333,"บางเขน","รอน้ำลด","","ยังส่งไม่ได้",false,"","",""
612,"105193/1","กัวเต เลเธอร์ จำกัด (สำนักงานใหญ่)","2026-09-28T09:51:00+07:00","ปกติ","ไม่สามารถเข้าส่งได้ น้ำท่วมสูงในพื้นที่","13404","จันทร์","B2B","สาขารามอินทรา","222/99 หมู่บ้าน โนเบิล จีโอ วัชรพล ซ.ร่วมมิตรพัฒนา ถ.รามอินทรา แขวงท่าแร้ง เขตบางเขน จ.กรุงเทพฯ 10220","13.86837474,100.65458278",13.86837474,100.65458278,"บางเขน","รอน้ำลด","","ยังส่งไม่ได้",false,"","",""
613,"297638","ธมิพล ยะลา","2026-09-28T15:16:00+07:00","ปกติ","ไม่สามารถเข้าส่งได้ น้ำท่วมสูงในพื้นที่","13404","จันทร์","B2C","สาขารามอินทรา","54/1 ชุมชนวัชรปราณี  ร่วมมิตรพัฒนา แยก 4 แขวงท่าแร้ง เขตบางเขน จ.กรุงเทพฯ 10220","13.860103333333333,100.64873666666666",13.860103333333333,100.64873666666666,"บางเขน","รอน้ำลด","","ยังส่งไม่ได้",false,"","",""
614,"22298","สุพรรณี ศิริวารินทร์","2026-09-28T09:51:00+07:00","ปกติ","ไม่สามารถเข้าส่งได้ น้ำท่วมสูงในพื้นที่","13404","จันทร์","B2C","สาขารามอินทรา","222/218 หมู่บ้านโนเบิล จีโอ วัชรพล ซ.ร่วมมิตรพัฒนา แขวงท่าแร้ง เขตบางเขน กรุงเทพฯ 10220","13.8709443,100.6560247",13.8709443,100.6560247,"บางเขน","รอน้ำลด","","ยังส่งไม่ได้",false,"","",""
615,"35379","ปุญญิสา อินทรโชติ","2026-09-28T09:51:00+07:00","ปกติ","ไม่สามารถเข้าส่งได้ น้ำท่วมสูงในพื้นที่","13404","จันทร์","B2C","สาขารามอินทรา","222/368 หมู่บ้านโนเบิลจีโอ ซ.7(สุดซอย) ถ.ร่วมมิตรพัฒนา แขวงท่าแร้ง เขตบางเขน กรุงเทพฯ 10220","13.871423333333333,100.65765333333333",13.871423333333333,100.65765333333333,"บางเขน","รอน้ำลด","","ยังส่งไม่ได้",false,"","",""
616,"240874","ดีไซน์ อีทีซี จำกัด","2026-09-28T09:52:00+07:00","ปกติ","ไม่สามารถเข้าส่งได้ น้ำท่วมสูงในพื้นที่","13404","จันทร์","B2B","สาขารามอินทรา","222/84 หมู่ 3 ถ.ร่วมมิตรพัฒนา แขวงท่าแร้ง เขตบางเขน จ.กรุงเทพฯ 10220","13.870396666666666,100.65192333333334",13.870396666666666,100.65192333333334,"บางเขน","รอน้ำลด","","ยังส่งไม่ได้",false,"","",""
617,"100755","พลชัย จึงสวัสดิ์","2026-09-28T10:54:00+07:00","ตามน้ำ","ไม่สามารถเข้าส่งได้ น้ำท่วมสูงในพื้นที่","13404","จันทร์","B2C","สาขารามอินทรา","222/147 ซ.4 หมู่บ้านโนเบิลจีโอวัชรพล ซ.ร่วมมิตรพัฒนา ถ.วัชรพล แขวงท่าแร้ง เขตบางเขน กรุงเทพฯ 10220","13.8696659,100.6545159",13.8696659,100.6545159,"บางเขน","รอน้ำลด","","ยังส่งไม่ได้",false,"","",""
618,"152259","ปัณฑา","2026-09-28T09:53:00+07:00","ปกติ","ไม่สามารถเข้าส่งได้ เกิดข้อผิดพลาด (เลื่อนวันที่ส่ง)","13404","จันทร์","B2C","สาขารามอินทรา","222/267 หมู่บ้าน โนเบิลจีโอ วัชรพล ซ.7/4 ถ.ร่วมมิตรพัฒนา แขวงท่าแร้ง เขตบางเขน จ.กรุงเทพฯ 10220","13.8706873,100.6562673",13.8706873,100.6562673,"บางเขน","รอน้ำลด","","ยังส่งไม่ได้",false,"","",""
619,"61422","นภาพร พูลเจริญ","2026-09-28T09:53:00+07:00","ปกติ","ไม่สามารถเข้าส่งได้ น้ำท่วมสูงในพื้นที่","13404","จันทร์","B2C","สาขารามอินทรา","222/146 หมู่บ้านโนเบิลทรีโอ ซ.4 ห้าแยกวัชรพล ซ.ร่วมมิตรพัฒนา แขวงท่าแร้ง เขตบางเขน กรุงเทพฯ 10220","13.869601666666664,100.65455333333333",13.869601666666664,100.65455333333333,"บางเขน","รอน้ำลด","","ยังส่งไม่ได้",false,"","",""
620,"251141","ภวรัญชน์ อารมย์เสรี","2026-09-28T10:55:00+07:00","ตามน้ำ","ไม่สามารถเข้าส่งได้ น้ำท่วมสูงในพื้นที่","13404","จันทร์","B2C","สาขารามอินทรา","222/239 หมู่บ้าน โนเบิล จีโอ ซ.8 EAST ซ.ร่วมมิตรพัฒนา แขวงท่าแร้ง เขตบางเขน จ.กรุงเทพฯ 10220","13.871306666666666,100.65536833333333",13.871306666666666,100.65536833333333,"บางเขน","รอน้ำลด","","ยังส่งไม่ได้",false,"","",""
621,"66899","จงสุข เอี่ยมศิลา","2026-09-28T09:54:00+07:00","ปกติ","ไม่สามารถเข้าส่งได้ น้ำท่วมสูงในพื้นที่","13404","จันทร์","B2C","สาขารามอินทรา","222/369 หมู่บ้านโนเบิลจีโอ แขวงท่าแร้ง เขตบางเขน กรุงเทพฯ 10220","13.8714314,100.658226",13.8714314,100.658226,"บางเขน","รอน้ำลด","","ยังส่งไม่ได้",false,"","",""
622,"67697/1","พิมพ์ชยา","2026-09-28T09:54:00+07:00","ปกติ","ไม่สามารถเข้าส่งได้ น้ำท่วมสูงในพื้นที่","13404","จันทร์","B2C","สาขารามอินทรา","222/358 โนเบิลจีโอ วัชรพล ซ.7/6A ถ.ร่วมมิตรพัฒนา แขวงท่าแร้ง เขตบางเขน จ.กรุงเทพฯ 10220","13.871061666666666,100.658155",13.871061666666666,100.658155,"บางเขน","รอน้ำลด","","ยังส่งไม่ได้",false,"","",""
623,"259663","ตรง","2026-09-28T09:54:00+07:00","ปกติ","ไม่สามารถเข้าส่งได้ น้ำท่วมสูงในพื้นที่","13404","จันทร์","B2C","สาขารามอินทรา","222/91 หมู่บ้านโนเบิลจีโอ ซอยร่วมมิตรพัฒนา แยก 5 แขวงท่าแร้ง เขตบางเขน จ.กรุงเทพฯ 10220","13.870660000000003,100.65267333333334",13.870660000000003,100.65267333333334,"บางเขน","รอน้ำลด","","ยังส่งไม่ได้",false,"","",""
624,"237705","นิติบุคคลหมู่บ้านจัดสรร พฤกษา ทาวน์ เอกมัย-รามอินทรา","2026-09-28T17:20:00+07:00","เสริมน้ำ นอกรอบ","ไม่สามารถเข้าส่งได้ น้ำท่วมสูงในพื้นที่","13L11","เสาร์","B2B","สาขารามอินทรา","155 ถ.นวมินทร์111 แยก 6 พฤกษาพรีเว่ แขวงนวมินทร์ เขตบึงกุ่ม จ.กรุงเทพฯ 10240","13.810598333333333,100.63764",13.810598333333333,100.63764,"บึงกุ่ม","รอน้ำลด","","ยังส่งไม่ได้",false,"","",""
625,"271615","รมิดา","2026-09-28T17:45:00+07:00","เสริมน้ำ นอกรอบ","ไม่สามารถเข้าส่งได้ น้ำท่วมสูงในพื้นที่","13L11","จันทร์","B2C","สาขารามอินทรา","19/46 โททเนทคอนโด อาคาร บี ชั้น 5 ห้อง 19/46 ซ.ประเสริฐมนูกิจ31 แขวงลาดพร้าว เขตลาดพร้าว จ.กรุงเทพฯ 10230","13.8317879,100.6207971",13.8317879,100.6207971,"ลาดพร้าว","รอน้ำลด","","ยังส่งไม่ได้",false,"","",""
626,"264310","สุชาติ","2026-09-28T16:32:00+07:00","เสริมน้ำ นอกรอบ","ไม่สามารถเข้าส่งได้ น้ำท่วมสูงในพื้นที่","13L16","เสาร์","B2C","สาขารามอินทรา","88/158 โกลเด้นทาวน์ ซ.คู้บอน27 แยก 17 แขวงท่าแร้ง เขตบางเขน จ.กรุงเทพฯ 10220","13.860645,100.65941333333333",13.860645,100.65941333333333,"บางเขน","รอน้ำลด","","ยังส่งไม่ได้",false,"","",""
627,"178202","รัชฎาพร","2026-09-28T16:31:00+07:00","เสริมน้ำ นอกรอบ","ไม่สามารถเข้าส่งได้ น้ำท่วมสูงในพื้นที่","13L16","เสาร์","B2C","สาขารามอินทรา","137/115 หมู่บ้านบดินทรรักษา 3 ซ.1 ซ.คู้บอน 27 แยก 21  แขวงท่าแร้ง เขตบางเขน จ.กรุงเทพฯ 10220","13.86175705,100.66568255",13.86175705,100.66568255,"บางเขน","รอน้ำลด","","ยังส่งไม่ได้",false,"","",""
628,"112537","สกุลเกศ ปานเพ็ชร","2026-09-28T16:25:00+07:00","โอนงานสิ้นวัน","ไม่สามารถเข้าส่งได้ เกิดข้อผิดพลาด (เลื่อนวันที่ส่ง)","13L16","เสาร์","B2C","สาขารามอินทรา","88/295 หมู่บ้านโกลเด้น ทาวน์ รามอินทรา-คู้บอน ซ.คู้บอน27แย ถ.คู้บอน แขวงท่าแร้ง เขตบางเขน กรุงเทพฯ 10220","13.860518333333335,100.66277666666669",13.860518333333335,100.66277666666669,"บางเขน","รอน้ำลด","","ยังส่งไม่ได้",true,"สถาพร นนท์เข็มพรหม","26/09/2026","ผู้ทำรายการ:สถาพร นนท์เข็มพรหม;โอนงานมาจากวันที่:26/09/2026"
629,"158038","กฤติยา","2026-09-28T16:25:00+07:00","โอนงานสิ้นวัน","ไม่สามารถเข้าส่งได้ น้ำท่วมสูงในพื้นที่","13L16","เสาร์","B2C","สาขารามอินทรา","88/291 หมู่บ้านโกลเด้นทาวน์รามอินทรา-คู้บอน ซ.คู้บอน 27 แยก 17 ถ.สยามธรณี แขวงท่าแร้ง เขตบางเขน จ.กรุงเทพฯ 10220","13.859966666666667,100.66376999999999",13.859966666666667,100.66376999999999,"บางเขน","รอน้ำลด","","ยังส่งไม่ได้",true,"ฤทธิศักดิ์ สระเงินสิงห์","28/09/2026","ผู้ทำรายการ:ฤทธิศักดิ์ สระเงินสิงห์;โอนงานมาจากวันที่:28/09/2026"
630,"16488/1","สุนทรี","2026-09-28T16:25:00+07:00","โอนงานสิ้นวัน","ไม่สามารถเข้าส่งได้ น้ำท่วมสูงในพื้นที่","13L16","เสาร์","B2C","สาขารามอินทรา","78/41 หมู่บ้านพัชรัฐ ซ.1 ซ.คู้บอน 27 แยก31 แขวงท่าแร้ง เขตบางเขน จ.กรุงเทพฯ 10220","13.865755000000002,100.668155",13.865755000000002,100.668155,"บางเขน","รอน้ำลด","","ยังส่งไม่ได้",true,"วีรวัฒน์ อุดมทรัพย์","28/09/2026","ผู้ทำรายการ:วีรวัฒน์ อุดมทรัพย์;โอนงานมาจากวันที่:28/09/2026"
631,"167251","วาสนา","2026-09-28T16:25:00+07:00","โอนงานสิ้นวัน","ไม่สามารถเข้าส่งได้ น้ำท่วมสูงในพื้นที่","13L16","เสาร์","B2C","สาขารามอินทรา","78/115 หมู่5 หมู่บ้านพัชรัฐ ซ.คู้บอน27แยก31 แขวงท่าแร้ง เขตบางเขน จ.กรุงเทพฯ 10220","13.865825,100.66764333333334",13.865825,100.66764333333334,"บางเขน","รอน้ำลด","","ยังส่งไม่ได้",true,"วุฒิชัย จีปน","26/09/2026","ผู้ทำรายการ:วุฒิชัย จีปน;โอนงานมาจากวันที่:26/09/2026"
632,"169202","เพลินพิศ","2026-09-28T16:26:00+07:00","โอนงานสิ้นวัน","ไม่สามารถเข้าส่งได้ น้ำท่วมสูงในพื้นที่","13L16","เสาร์","B2C","สาขารามอินทรา","79/85 หมู่บ้าน เมธา 2 ซ.คู้บอน 27 แยก 29 ถ.คู้บอน แขวงท่าแร้ง เขตบางเขน จ.กรุงเทพฯ 10220","13.866336666666665,100.66548333333334",13.866336666666665,100.66548333333334,"บางเขน","รอน้ำลด","","ยังส่งไม่ได้",true,"จิรวัฒน์ สัยนิถี","28/09/2026","ผู้ทำรายการ:จิรวัฒน์ สัยนิถี;โอนงานมาจากวันที่:28/09/2026"
633,"175581","เหมวรรณ","2026-09-28T16:26:00+07:00","โอนงานสิ้นวัน","ไม่สามารถเข้าส่งได้ น้ำท่วมสูงในพื้นที่","13L16","เสาร์","B2C","สาขารามอินทรา","137/414 หมู่บ้านบดินทรรักษา 3 ซ.คู้บอน 27 แยก 21 แขวงท่าแร้ง เขตบางเขน จ.กรุงเทพฯ 10220","13.861796666666665,100.66335333333333",13.861796666666665,100.66335333333333,"บางเขน","รอน้ำลด","","ยังส่งไม่ได้",true,"สถาพร นนท์เข็มพรหม","26/09/2026","ผู้ทำรายการ:สถาพร นนท์เข็มพรหม;โอนงานมาจากวันที่:26/09/2026"
634,"180580","ยุวรีย์","2026-09-28T16:26:00+07:00","โอนงานสิ้นวัน","ไม่สามารถเข้าส่งได้ น้ำท่วมสูงในพื้นที่","13L16","เสาร์","B2C","สาขารามอินทรา","79/150 หมู่บ้านเมธา 2 ซ.6 ซ.คู้บอน 27 แยก 29  แขวงท่าแร้ง เขตบางเขน จ.กรุงเทพฯ 10220","13.866526666666667,100.66582666666666",13.866526666666667,100.66582666666666,"บางเขน","รอน้ำลด","","ยังส่งไม่ได้",true,"ฤทธิศักดิ์ สระเงินสิงห์","28/09/2026","ผู้ทำรายการ:ฤทธิศักดิ์ สระเงินสิงห์;โอนงานมาจากวันที่:28/09/2026"
635,"192577","ศุภากร","2026-09-28T16:27:00+07:00","โอนงานสิ้นวัน","ไม่สามารถเข้าส่งได้ น้ำท่วมสูงในพื้นที่","13L16","เสาร์","B2C","สาขารามอินทรา","137/1 84 ซอยคู้บอน 27 แยก 21 หมู่บ้านบดินทร์ธรรักษา 3 ซอย 5 แขวงท่าแร้ง เขตบางเขน จ.กรุงเทพฯ 10220","13.861329999999999,100.66484999999999",13.861329999999999,100.66484999999999,"บางเขน","รอน้ำลด","","ยังส่งไม่ได้",true,"วีรวัฒน์ อุดมทรัพย์","28/09/2026","ผู้ทำรายการ:วีรวัฒน์ อุดมทรัพย์;โอนงานมาจากวันที่:28/09/2026"
636,"193006","สรณ์สิริ","2026-09-28T16:27:00+07:00","โอนงานสิ้นวัน","ไม่สามารถเข้าส่งได้ น้ำท่วมสูงในพื้นที่","13L16","เสาร์","B2C","สาขารามอินทรา","139/281หมู่บ้านบดินทรรักษา 4 ซ.คู้บอน 27 แยก 25 แขวงท่าแร้ง เขตบางเขน จ.กรุงเทพฯ 10220","13.863165,100.66564333333332",13.863165,100.66564333333332,"บางเขน","รอน้ำลด","","ยังส่งไม่ได้",true,"วุฒิชัย จีปน","26/09/2026","ผู้ทำรายการ:วุฒิชัย จีปน;โอนงานมาจากวันที่:26/09/2026"
637,"222114","พิรศุทธิ์","2026-09-28T16:27:00+07:00","โอนงานสิ้นวัน","ไม่สามารถเข้าส่งได้ น้ำท่วมสูงในพื้นที่","13L16","เสาร์","B2C","สาขารามอินทรา","88/87 หมู่บ้าน โกลเด้น ทาวน์ รามอินทรา-คู้บอน ถ.คู้บอน ซ.คู้บอน 27 แยก 17  แขวงท่าแร้ง เขตบางเขน จ.กรุงเทพฯ 10220","13.860854999999999,100.66102666666666",13.860854999999999,100.66102666666666,"บางเขน","รอน้ำลด","","ยังส่งไม่ได้",true,"จิรวัฒน์ สัยนิถี","28/09/2026","ผู้ทำรายการ:จิรวัฒน์ สัยนิถี;โอนงานมาจากวันที่:28/09/2026"
638,"255045","บุปผา อิ่มปาน","2026-09-28T16:28:00+07:00","โอนงานสิ้นวัน","ไม่สามารถเข้าส่งได้ เกิดข้อผิดพลาด (เลื่อนวันที่ส่ง)","13L16","เสาร์","B2C","สาขารามอินทรา","139/312 บดินทร์รักษา 4 ซ.คู้บอน 27 ถ.คู้บอน แขวงท่าแร้ง เขตบางเขน จ.กรุงเทพฯ 10220","13.864295,100.66472999999999",13.864295,100.66472999999999,"บางเขน","รอน้ำลด","","ยังส่งไม่ได้",true,"สถาพร นนท์เข็มพรหม","26/09/2026","ผู้ทำรายการ:สถาพร นนท์เข็มพรหม;โอนงานมาจากวันที่:26/09/2026"
639,"257152","น้ำนอง","2026-09-28T16:28:00+07:00","โอนงานสิ้นวัน","ไม่สามารถเข้าส่งได้ น้ำท่วมสูงในพื้นที่","13L16","เสาร์","B2C","สาขารามอินทรา","78/117 หมู่บ้านพัชรัฐ (ซ.4) ซ.คู้บอน 27 แยก 31 แขวงท่าแร้ง เขตบางเขน กรุงเทพฯ 10220","13.865866666666667,100.66755333333334",13.865866666666667,100.66755333333334,"บางเขน","รอน้ำลด","","ยังส่งไม่ได้",true,"ฤทธิศักดิ์ สระเงินสิงห์","28/09/2026","ผู้ทำรายการ:ฤทธิศักดิ์ สระเงินสิงห์;โอนงานมาจากวันที่:28/09/2026"
640,"266762","ไอศิญา","2026-09-28T16:29:00+07:00","โอนงานสิ้นวัน","ไม่สามารถเข้าส่งได้ น้ำท่วมสูงในพื้นที่","13L16","เสาร์","B2C","สาขารามอินทรา","137/323 บดินทรรักษา 3 ซ.คู้บอน 27 แยก 21 ถ.รามอินทรา กม.8 แขวงท่าแร้ง เขตบางเขน จ.กรุงเทพฯ 10220","13.862214999999999,100.66378833333334",13.862214999999999,100.66378833333334,"บางเขน","รอน้ำลด","","ยังส่งไม่ได้",true,"วีรวัฒน์ อุดมทรัพย์","28/09/2026","ผู้ทำรายการ:วีรวัฒน์ อุดมทรัพย์;โอนงานมาจากวันที่:28/09/2026"
641,"276785","จิดาภา","2026-09-28T16:29:00+07:00","โอนงานสิ้นวัน","ไม่สามารถเข้าส่งได้ น้ำท่วมสูงในพื้นที่","13L16","เสาร์","B2C","สาขารามอินทรา","137/16 หมู่บ้านบดินทรรักษา 3 ซ.คู้บอน 27 แยก 21 ถ.คู้บอน แขวงท่าแร้ง เขตบางเขน กรุงเทพฯ 10220","13.861346666666668,100.66479333333334",13.861346666666668,100.66479333333334,"บางเขน","รอน้ำลด","","ยังส่งไม่ได้",true,"วุฒิชัย จีปน","26/09/2026","ผู้ทำรายการ:วุฒิชัย จีปน;โอนงานมาจากวันที่:26/09/2026"
642,"279692","ณัฐพัฒน์","2026-09-28T16:29:00+07:00","โอนงานสิ้นวัน","ไม่สามารถเข้าส่งได้ น้ำท่วมสูงในพื้นที่","13L16","เสาร์","B2C","สาขารามอินทรา","134/42 ซ.คู้บอน 27 แยก 17 ถ.คู้บอน  แขวงท่าแร้ง เขตบางเขน จ.กรุงเทพฯ 10220","13.8606325,100.6640081",13.8606325,100.6640081,"บางเขน","รอน้ำลด","","ยังส่งไม่ได้",true,"จิรวัฒน์ สัยนิถี","28/09/2026","ผู้ทำรายการ:จิรวัฒน์ สัยนิถี;โอนงานมาจากวันที่:28/09/2026"
643,"280634","นิตยา","2026-09-28T16:29:00+07:00","โอนงานสิ้นวัน","ไม่สามารถเข้าส่งได้ น้ำท่วมสูงในพื้นที่","13L16","เสาร์","B2C","สาขารามอินทรา","79/12 หมู่บ้านเมธา2 ซอยคู้บอน 27 แยก 29 ถ.คู้บอน แขวงท่าแร้ง เขตบางเขน จ.กรุงเทพฯ 10220","13.865205,100.66623166666668",13.865205,100.66623166666668,"บางเขน","รอน้ำลด","","ยังส่งไม่ได้",true,"สถาพร นนท์เข็มพรหม","26/09/2026","ผู้ทำรายการ:สถาพร นนท์เข็มพรหม;โอนงานมาจากวันที่:26/09/2026"
644,"33193","ธิดารัตน์ คงธนะเจริญชัย","2026-09-28T16:30:00+07:00","โอนงานสิ้นวัน","ไม่สามารถเข้าส่งได้ น้ำท่วมสูงในพื้นที่","13L16","เสาร์","B2C","สาขารามอินทรา","139/62 หมู่บ้านบดินทรรักษา 4 ซ.1 ซ.คู้บอน 27 แยก 25 แขวงท่าแร้ง เขตบางเขน กรุงเทพฯ 10220","13.864043333333333,100.665385",13.864043333333333,100.665385,"บางเขน","รอน้ำลด","","ยังส่งไม่ได้",true,"ฤทธิศักดิ์ สระเงินสิงห์","28/09/2026","ผู้ทำรายการ:ฤทธิศักดิ์ สระเงินสิงห์;โอนงานมาจากวันที่:28/09/2026"
645,"53304","ดีนี่ พร๊อพเพอร์ตี้ จำกัด","2026-09-28T16:30:00+07:00","โอนงานสิ้นวัน","ไม่สามารถเข้าส่งได้ น้ำท่วมสูงในพื้นที่","13L16","เสาร์","B2B","สาขารามอินทรา","137/161 หมู่บ้านบดินทรรักษา 3 ซ.คู้บอน 27 แยก 21  แขวงท่าแร้ง เขตบางเขน จ.กรุงเทพฯ 10220","13.861320000000001,100.66496333333335",13.861320000000001,100.66496333333335,"บางเขน","รอน้ำลด","","ยังส่งไม่ได้",true,"วีรวัฒน์ อุดมทรัพย์","28/09/2026","ผู้ทำรายการ:วีรวัฒน์ อุดมทรัพย์;โอนงานมาจากวันที่:28/09/2026"
646,"116431","จิตรา สวัสดิ์พึ่ง","2026-09-28T16:30:00+07:00","โอนงานสิ้นวัน","ไม่สามารถเข้าส่งได้ น้ำท่วมสูงในพื้นที่","13L16","เสาร์","B2C","สาขารามอินทรา","78/114 หมู่บ้านพัชรัฐ ซ.4 ซ.คู้บอน27 แยก29 แขวงท่าแร้ง เขตบางเขน กรุงเทพฯ 10200","13.865895,100.66760666666666",13.865895,100.66760666666666,"บางเขน","รอน้ำลด","","ยังส่งไม่ได้",true,"วุฒิชัย จีปน","26/09/2026","ผู้ทำรายการ:วุฒิชัย จีปน;โอนงานมาจากวันที่:26/09/2026"
647,"285482","สุทิน","2026-09-28T16:30:00+07:00","โอนงานสิ้นวัน","ไม่สามารถเข้าส่งได้ น้ำท่วมสูงในพื้นที่","13L16","เสาร์","B2C","สาขารามอินทรา","88/81 โกลเด้นทาวน์รามอินทรา-คู้บอน ซ.คู้บอน27 แยก17 ถ.คู้บอน แขวงท่าแร้ง เขตบางเขน จ.กรุงเทพฯ 10220","13.860871666666666,100.66144000000001",13.860871666666666,100.66144000000001,"บางเขน","รอน้ำลด","","ยังส่งไม่ได้",true,"จิรวัฒน์ สัยนิถี","28/09/2026","ผู้ทำรายการ:จิรวัฒน์ สัยนิถี;โอนงานมาจากวันที่:28/09/2026"
648,"67036","จิรัชยา ลีละพงศ์วัฒนา","2026-09-28T11:25:00+07:00","ปกติ","ไม่สามารถเข้าส่งได้ เกิดข้อผิดพลาด (เลื่อนวันที่ส่ง)","13S01","จันทร์","B2C","สาขารามอินทรา","30/138 ซ.เสรีไทย 68 ถ.เสรีไทย แขวงมีนบุรี เขตมีนบุรี กรุงเทพฯ 10510","13.806008333333333,100.71676166666666",13.806008333333333,100.71676166666666,"มีนบุรี","รอน้ำลด","","ยังส่งไม่ได้",false,"","",""
649,"271514","คาร์เอ็กซ์ พระนคร จำกัด","2026-09-28T11:32:00+07:00","ปกติ","ไม่สามารถเข้าส่งได้ น้ำท่วมสูงในพื้นที่","13S01","จันทร์","B2B","สาขารามอินทรา","โชว์รูมรถ เลขที่ 79 ถ.เสรีไทย แขวงมีนบุรี เขตมีนบุรี จ.กรุงเทพฯ 10510","13.805466666666666,100.71189333333332",13.805466666666666,100.71189333333332,"มีนบุรี","รอน้ำลด","","ยังส่งไม่ได้",false,"","",""
650,"221577/5","แพนด้ามอเตอร์ จำกัด","2026-09-28T11:30:00+07:00","ปกติ","ไม่สามารถเข้าส่งได้ น้ำท่วมสูงในพื้นที่","13S01","จันทร์","B2B","สาขารามอินทรา"," 25,27 ถ.เสรีไทย แขวงมีนบุรี เขตมีนบุรี จ.กรุงเทพฯ 10510","13.803588333333334,100.70971666666668",13.803588333333334,100.70971666666668,"มีนบุรี","รอน้ำลด","","ยังส่งไม่ได้",false,"","",""
651,"189126","สมบูรณ์","2026-09-28T11:31:00+07:00","ปกติ","ไม่สามารถเข้าส่งได้ น้ำท่วมสูงในพื้นที่","13S01","จันทร์","B2C","สาขารามอินทรา","55/380 หมู่บ้านอัญชลี ซอยเสรีไทย 95 แขวงมีนบุรี เขตมีนบุรี กรุงเทพฯ 10520","13.810487701200564,100.713423230099",13.810487701200564,100.713423230099,"มีนบุรี","รอน้ำลด","","ยังส่งไม่ได้",false,"","",""
652,"196215","วิเชียร","2026-09-28T11:39:00+07:00","เสริมน้ำ ตรงรอบ","ไม่สามารถเข้าส่งได้ น้ำท่วมสูงในพื้นที่","13S01","จันทร์","B2C","สาขารามอินทรา","125/377 หมู่บ้านอัญชลี ซ.เสรีไทย 95 ถ.เสรีไทย แขวงมีนบุรี เขตมีนบุรี จ.กรุงเทพฯ 10510","13.810515131758569,100.7135037874569",13.810515131758569,100.7135037874569,"มีนบุรี","รอน้ำลด","","ยังส่งไม่ได้",false,"","",""
653,"00208/13","ฮอนด้า ออโตโมบิล (ประเทศไทย) จำกัด","2026-09-28T11:32:00+07:00","ปกติ","ไม่สามารถเข้าส่งได้ น้ำท่วมสูงในพื้นที่","13S01","จันทร์","B2B","สาขารามอินทรา","93/11 หมู่ 3 ศูนย์ส่งมอบรถยนต์ใหม่ฝ่ายขายกลุ่ม ถ.เสรีไทย แขวงมีนบุรี เขตมีนบุรี กรุงเทพฯ 10510","13.809439999999999,100.71570333333332",13.809439999999999,100.71570333333332,"มีนบุรี","รอน้ำลด","","ยังส่งไม่ได้",false,"","",""
654,"33270","ประเมิน พัชรชูติกุล","2026-09-28T11:25:00+07:00","ปกติ","ไม่สามารถเข้าส่งได้ น้ำท่วมสูงในพื้นที่","13S01","จันทร์","B2C","สาขารามอินทรา","45/148 หมู่ 13 ซ.เสรีไทย 68 แขวงมีนบุรี เขตมีนบุรี กรุงเทพฯ 10510","13.8047876,100.7170025",13.8047876,100.7170025,"มีนบุรี","รอน้ำลด","","ยังส่งไม่ได้",false,"","",""
655,"94406","นฤมล","2026-09-28T11:25:00+07:00","ปกติ","ไม่สามารถเข้าส่งได้ น้ำท่วมสูงในพื้นที่","13S01","จันทร์","B2C","สาขารามอินทรา","30/147 หมู่บ้าน พนาสน ถ.เสรีไทย 68 แขวงมีนบุรี เขตมีนบุรี จ.กรุงเทพฯ 10510","13.805221666666666,100.71737",13.805221666666666,100.71737,"มีนบุรี","รอน้ำลด","","ยังส่งไม่ได้",false,"","",""
656,"97075","ซิมบาคอน จำกัด","2026-09-28T11:25:00+07:00","ปกติ","ไม่สามารถเข้าส่งได้ น้ำท่วมสูงในพื้นที่","13S01","จันทร์","B2B","สาขารามอินทรา","30/57 หมู่บ้าน พนาสนธิ์ ซ.เสรีไทย 68 แขวงมีนบุรี เขตมีนบุรี จ.กรุงเทพฯ 10510","13.805610000000001,100.71710166666665",13.805610000000001,100.71710166666665,"มีนบุรี","รอน้ำลด","","ยังส่งไม่ได้",false,"","",""
657,"107554","รสริน ธรรมวงศ์","2026-09-28T11:26:00+07:00","ปกติ","ไม่สามารถเข้าส่งได้ น้ำท่วมสูงในพื้นที่","13S01","จันทร์","B2C","สาขารามอินทรา","30/46 หมู่บ้านพนาสนธิ์ ซ.เสรีไทย 68 แขวงมีนบุรี เขตมีนบุรี กรุงเทพฯ 10510","13.80587905,100.71696023",13.80587905,100.71696023,"มีนบุรี","รอน้ำลด","","ยังส่งไม่ได้",false,"","",""
658,"01730/11","กรุงไทย จำกัด (มหาชน)","2026-09-28T11:30:00+07:00","ปกติ","ไม่สามารถเข้าส่งได้ เกิดข้อผิดพลาด (เลื่อนวันที่ส่ง)","13S01","จันทร์","B2B","สาขารามอินทรา","51 ถ.เสรีไทย สาขาบางชัน ","13.804049999999998,100.70993166666668",13.804049999999998,100.70993166666668,"","รอน้ำลด","","ยังส่งไม่ได้",false,"","",""
659,"252571","วิภารัตน์ เจริญกัลป์","2026-09-28T11:31:00+07:00","ปกติ","ไม่สามารถเข้าส่งได้ น้ำท่วมสูงในพื้นที่","13S01","จันทร์","B2C","สาขารามอินทรา","1/52 ซอยเสรีไทย 91 แขวงมีนบุรี เขตมีนบุรี จ.กรุงเทพฯ 10510","13.804656666666665,100.70997166666666",13.804656666666665,100.70997166666666,"มีนบุรี","รอน้ำลด","","ยังส่งไม่ได้",false,"","",""
660,"253823","บุญช่วย","2026-09-28T11:31:00+07:00","ปกติ","ไม่สามารถเข้าส่งได้ น้ำท่วมสูงในพื้นที่","13S01","จันทร์","B2C","สาขารามอินทรา","1/119 (แฟลต1เก่า)บันไดฝั่ง ซ.เสรีไทย 91 ถ.เสรีไทย  แขวงมีนบุรี เขตมีนบุรี กรุงเทพฯ 10510","13.80473,100.70983833333334",13.80473,100.70983833333334,"มีนบุรี","รอน้ำลด","","ยังส่งไม่ได้",false,"","",""
661,"177056","อุทัย","2026-09-28T11:30:00+07:00","ปกติ","ไม่สามารถเข้าส่งได้ น้ำท่วมสูงในพื้นที่","13S01","จันทร์","B2C","สาขารามอินทรา","43 ร้านไปรษณีย์ไทย (อยู่ระหว่างซอยเสรีไทย 89-91) แขวงมีนบุรี เขตมีนบุรี จ.กรุงเทพฯ 10510","13.80374277,100.71004941",13.80374277,100.71004941,"มีนบุรี","รอน้ำลด","","ยังส่งไม่ได้",false,"","",""
662,"68088","เพ็ญศิริ สรณ์ศิริกรณ์","2026-09-28T11:27:00+07:00","ปกติ","ไม่สามารถเข้าส่งได้ น้ำท่วมสูงในพื้นที่","13S01","จันทร์","B2C","สาขารามอินทรา","45/137 หมู่บ้านพนาสนธิ์ ถ.เสรีไทย ซ.68 แขวงมีนบุรี เขตมีนบุรี กรุงเทพฯ 10510","13.80590045,100.71693896",13.80590045,100.71693896,"มีนบุรี","รอน้ำลด","","ยังส่งไม่ได้",false,"","",""
663,"111936","พนารัตน์ แก้วรัตน์","2026-09-28T11:39:00+07:00","เสริมน้ำ ตรงรอบ","ไม่สามารถเข้าส่งได้ น้ำท่วมสูงในพื้นที่","13S01","จันทร์","B2C","สาขารามอินทรา","30/49 หมู่บ้านพนาสนธิ์แกรนด์วิลล์ ซ.เสรีไทย 68 ถ.เสรีไทย แขวงมีนบุรี เขตมีนบุรี กรุงเทพฯ 10510","13.806068333333334,100.716765",13.806068333333334,100.716765,"มีนบุรี","รอน้ำลด","","ยังส่งไม่ได้",false,"","",""
664,"57350","ก้อง แอร์ แอนด์ เซอร์วิส จำกัด","2026-09-28T11:32:00+07:00","ส่งเอกสาร","ไม่สามารถเข้าส่งได้ น้ำท่วมสูงในพื้นที่","13S01","จันทร์","B2B","สาขารามอินทรา","88/75 หมู่บ้านปรัชยาโฮมทาวน์ ซอยเสรีไทย 95 แขวงมีนบุรี เขตมีนบุรี กรุงเทพฯ 10510","13.8103,100.71268833333333",13.8103,100.71268833333333,"มีนบุรี","รอน้ำลด","","ยังส่งไม่ได้",false,"","",""
665,"00839/32","พระนคร ยนตรการ จำกัด","2026-09-29T12:14:00+07:00","โอนงานสิ้นวัน","ไม่สามารถเข้าส่งได้ น้ำท่วมสูงในพื้นที่","16204","เสาร์","B2B","สาขากรุงเทพกรีฑา","ศูนย์วอลโว่ โชว์รูมลิปมอเตอร์ สาขาลาดพร้าว เลขที่ 8 ซ.ลาดพร้าว 103  แขวงคลองจั่น เขตบางกะปิ จ.กรุงเทพฯ 10240","13.77354376,100.63324297",13.77354376,100.63324297,"บางกะปิ","รอน้ำลด","","ยังส่งไม่ได้",true,"วีรวัฒน์ อุดมทรัพย์","28/09/2026","ผู้ทำรายการ:วีรวัฒน์ อุดมทรัพย์;โอนงานมาจากวันที่:28/09/2026"
666,"03237/43","จิดาภา","2026-09-29T12:07:00+07:00","โอนงานสิ้นวัน","ไม่สามารถเข้าส่งได้ น้ำท่วมสูงในพื้นที่","16204","เสาร์","B2C","สาขากรุงเทพกรีฑา","107/4 (บ่อปลา 1/3) ซ.ลาดพร้าว 101 แยก 48 ถ.ลาดพร้าว แขวงคลองจั่น เขตบางกะปิ จ.กรุงเทพฯ 10240","13.796973333333336,100.63771833333334",13.796973333333336,100.63771833333334,"บางกะปิ","รอน้ำลด","","ยังส่งไม่ได้",true,"วุฒิชัย จีปน","26/09/2026","ผู้ทำรายการ:วุฒิชัย จีปน;โอนงานมาจากวันที่:26/09/2026"
667,"03901","ดาร์เม็กซ์ ปิโตรเลียม(ประเทศไทย) จำกัด","2026-09-29T11:08:00+07:00","ปกติ","ไม่สามารถเข้าส่งได้ น้ำท่วมสูงในพื้นที่","16203","อังคาร","B2B","สาขากรุงเทพกรีฑา","8 ซ.รามคำแหง 83/2(กัญญาเฮ้าส์)  แขวงหัวหมาก เขตบางกะปิ จ.กรุงเทพฯ 10240","13.7623331,100.6382932",13.7623331,100.6382932,"บางกะปิ","รอน้ำลด","","ยังส่งไม่ได้",false,"","",""
668,"04631/140","ไทยทาเคนาคา สากล ก่อสร้าง จำกัด","2026-09-29T14:32:00+07:00","ปกติ","ไม่สามารถเข้าส่งได้ เกิดข้อผิดพลาด (เลื่อนวันที่ส่ง)","16203","อังคาร, ศุกร์","B2B","สาขากรุงเทพกรีฑา","ไซต์ก่อสร้าง ซ.รามคำแหง 28 แขวงหัวหมาก เขตบางกะปิ จ.กรุงเทพฯ 10240","13.759685000000001,100.63243666666668",13.759685000000001,100.63243666666668,"บางกะปิ","รอน้ำลด","","ยังส่งไม่ได้",false,"","",""
669,"04655/1","หยดน้ำ จำกัด (สำนักงานใหญ่)","2026-09-29T08:30:00+07:00","ปกติ","ไม่สามารถเข้าส่งได้ น้ำท่วมสูงในพื้นที่","16302","อังคาร","B2B","สาขากรุงเทพกรีฑา","13 ซ.กรุงเทพกรีฑา 8 แยก 14 แขวงหัวหมาก เขตบางกะปิ จ.กรุงเทพฯ 10240","13.743325,100.650695",13.743325,100.650695,"บางกะปิ","รอน้ำลด","","ยังส่งไม่ได้",false,"","",""
670,"05179","เอ-คลาส สปอร์ต จำกัด","2026-09-29T12:48:00+07:00","ปกติ","ไม่สามารถเข้าส่งได้ น้ำท่วมสูงในพื้นที่","16305","อังคาร","B2B","สาขากรุงเทพกรีฑา","52/91 หมู่ที่ 13 หมู่บ้านกฤษณา ถ.กรุงเทพกรีฑา แขวงสะพานสูง เขตสะพานสูง กรุงเทพฯ 10250","13.7464623,100.668588",13.7464623,100.668588,"สะพานสูง","รอน้ำลด","","ยังส่งไม่ได้",false,"","",""
671,"06032/451","เดอะ แวลู พร็อพเพอร์ตี้ ดีเวลลอปเม้นท์ จำกัด","2026-09-29T12:09:00+07:00","ปกติ","ไม่สามารถเข้าส่งได้ น้ำท่วมสูงในพื้นที่","16306","อังคาร","B2B","สาขากรุงเทพกรีฑา","หมู่บ้านโครงการ บ้านกลางเมืองรามคำแหง (สำนักงานช่าง) 174 สเตชั่น ซ.รามคำแหง 174 ถ.รามคำแหง แขวงมีนบุรี เขตมีนบุรี จ.กรุงเทพฯ 10510","13.792541666666667,100.71805166666667",13.792541666666667,100.71805166666667,"มีนบุรี","รอน้ำลด","","ยังส่งไม่ได้",false,"","",""
672,"06032/497","เดอะ แวลู พร็อพเพอร์ตี้ ดีเวลลอปเม้นท์ จำกัด","2026-09-29T12:08:00+07:00","ปกติ","ไม่สามารถเข้าส่งได้ น้ำท่วมสูงในพื้นที่","16306","อังคาร","B2B","สาขากรุงเทพกรีฑา","66/1 สำนักงานขาย โครงการ บ้านกลางเมือง รามคำแหง 174 สเตชั่น แขวงมีนบุรี เขตมีนบุรี จ.กรุงเทพฯ 10510","13.792541666666667,100.71805166666667",13.792541666666667,100.71805166666667,"มีนบุรี","รอน้ำลด","","ยังส่งไม่ได้",false,"","",""
673,"07771","เอส.ซี.พัฒนาการ จำกัด","2026-09-29T15:36:00+07:00","ปกติ","ไม่สามารถเข้าส่งได้ น้ำท่วมสูงในพื้นที่","16308","อังคาร","B2B","สาขากรุงเทพกรีฑา","100/15-16 หมู่7 ซ.ราษฎร์พัฒนา ศิรินเทพโครงการ 9 ถ.รามคำแหง แขวงสะพานสูง เขตสะพานสูง กรุงเทพฯ 10240","13.7741453,100.70347762",13.7741453,100.70347762,"สะพานสูง","รอน้ำลด","","ยังส่งไม่ได้",false,"","",""
674,"07811/2","เอช อาร์ เซ็นเตอร์ จำกัด","2026-09-29T12:48:00+07:00","ปกติ","ไม่สามารถเข้าส่งได้ น้ำท่วมสูงในพื้นที่","16305","อังคาร","B2B","สาขากรุงเทพกรีฑา","52/37 ซ.กรุงเทพกรีฑา 15 แขวงทับช้าง เขตสะพานสูง กรุงเทพฯ 10250","13.746242,100.6682214",13.746242,100.6682214,"สะพานสูง","รอน้ำลด","","ยังส่งไม่ได้",false,"","",""
675,"105252","ดิ ไอริส (สำนักงานใหญ่)","2026-09-29T09:54:00+07:00","ปกติ","ไม่สามารถเข้าส่งได้ น้ำท่วมสูงในพื้นที่","16304","อังคาร","B2B","สาขากรุงเทพกรีฑา","511 คอนโด ดิ ไอริส อาคาร F ชั้น B ถ.ศรีนครินทร์  แขวงสวนหลวง เขตสวนหลวง กรุงเทพ 10250","13.736486666666668,100.675775",13.736486666666668,100.675775,"สวนหลวง","รอน้ำลด","","ยังส่งไม่ได้",false,"","",""
676,"105651/1","เอเทลิเย ทราเวล จำกัด","2026-09-29T19:49:00+07:00","ตามน้ำ","ไม่สามารถเข้าส่งได้ น้ำท่วมสูงในพื้นที่","16103","เสาร์","B2B","สาขากรุงเทพกรีฑา","663/68 รุ่งเรืองคอนโด ชั้น 6  อาคาร A ซอยลาดพร้าว 80 แยก 22 แขวงวังทองหลาง เขตวังทองหลาง จ.กรุงเทพฯ 10310","13.781028333333332,100.59363",13.781028333333332,100.59363,"วังทองหลาง","รอน้ำลด","","ยังส่งไม่ได้",false,"","",""
677,"106023","สมาร์ทซิตี้โกลบอลโซลูชั่น จำกัด","2026-09-29T08:27:00+07:00","ปกติ","ไม่สามารถเข้าส่งได้ น้ำท่วมสูงในพื้นที่","16301","อังคาร","B2B","สาขากรุงเทพกรีฑา","เลขที่ 51/12 ซ.รามคำแหง 96 ถ.รามคำแหง แขวงสะพานสูง เขตสะพานสูง กรุงเทพฯ 10240","13.7722005,100.6696927",13.7722005,100.6696927,"สะพานสูง","รอน้ำลด","","ยังส่งไม่ได้",false,"","",""
678,"106293","ลินน์ลา พิบูรณ์ภาณุวัตร","2026-09-29T12:13:00+07:00","โอนงานสิ้นวัน","ไม่สามารถเข้าส่งได้ เกิดข้อผิดพลาด (เลื่อนวันที่ส่ง)","16306","เสาร์","B2C","สาขากรุงเทพกรีฑา","50/253 หมู่บ้านเพอร์เฟคเพลส ซ.รามคำแหง 174 ถ.รามคำแหง แขวงมีนบุรี เขตมีนบุรี กรุงเทพฯ 10510","13.78537759768444,100.71852612153751",13.78537759768444,100.71852612153751,"มีนบุรี","รอน้ำลด","","ยังส่งไม่ได้",true,"สถาพร นนท์เข็มพรหม","26/09/2026","ผู้ทำรายการ:สถาพร นนท์เข็มพรหม;โอนงานมาจากวันที่:26/09/2026"
679,"107057","สุนันท์ จิรการวุฒิไกร","2026-09-29T11:57:00+07:00","ปกติ","ไม่สามารถเข้าส่งได้ น้ำท่วมสูงในพื้นที่","16306","อังคาร","B2C","สาขากรุงเทพกรีฑา","18/29 หมู่บ้านนิรันดร์ อเวนิว ซ.รามคำแหง 174 แขวงมีนบุรี เขตมีนบุรี กรุงเทพฯ 10510","13.792921666666667,100.72110833333333",13.792921666666667,100.72110833333333,"มีนบุรี","รอน้ำลด","","ยังส่งไม่ได้",false,"","",""
680,"108507","วัลภา แสนสบาย","2026-09-29T08:15:00+07:00","โอนงานสิ้นวัน","ไม่สามารถเข้าส่งได้ น้ำท่วมสูงในพื้นที่","16302","เสาร์","B2C","สาขากรุงเทพกรีฑา","389 หมู่บ้านฉัตรแก้ว ซ.13 ถ.แฮปปี้แลนด์ แขวงคลองจั่น เขตบางกะปิ กรุงเทพฯ 10240","13.785104999999998,100.64187500000001",13.785104999999998,100.64187500000001,"บางกะปิ","รอน้ำลด","","ยังส่งไม่ได้",true,"วีรวัฒน์ อุดมทรัพย์","28/09/2026","ผู้ทำรายการ:วีรวัฒน์ อุดมทรัพย์;โอนงานมาจากวันที่:28/09/2026"
681,"109497","ซอตัน ลีกัลเซอร์วิส จำกัด (สำนักงานใหญ่)","2026-09-29T08:22:00+07:00","ปกติ","ไม่สามารถเข้าส่งได้ น้ำท่วมสูงในพื้นที่","16301","อังคาร","B2B","สาขากรุงเทพกรีฑา","48/250 หมู่บ้านเซ็นเตอร์เพลส ซ.รามคำแหง 104 ถ.รามคำแหง แขวงสะพานสูง เขตสะพานสูง กรุงเทพฯ 10240","13.7732245,100.6730042",13.7732245,100.6730042,"สะพานสูง","รอน้ำลด","","ยังส่งไม่ได้",false,"","",""
682,"109853","รอยัลลี ไชนีส อินเตอร์เนชั่นแนล จำกัด","2026-09-29T09:54:00+07:00","ปกติ","ไม่สามารถเข้าส่งได้ น้ำท่วมสูงในพื้นที่","16304","อังคาร","B2B","สาขากรุงเทพกรีฑา","287 อาคาร รอยัล ลี ชั้น 3 ถ.ศรีนครินทร์ แขวงหัวหมาก เขตบางกะปิ จ.กรุงเทพฯ 10240","13.751138333333332,100.64525166666665",13.751138333333332,100.64525166666665,"บางกะปิ","รอน้ำลด","","ยังส่งไม่ได้",false,"","",""
683,"111695","ปัญญา จันทร์หนองไทร","2026-09-29T12:12:00+07:00","ปกติ","ไม่สามารถเข้าส่งได้ น้ำท่วมสูงในพื้นที่","16306","อังคาร","B2C","สาขากรุงเทพกรีฑา"," 50/17 หมู่บ้าน เพอร์เฟคเพลส 2 ซ.รามคำแหง 174 แขวงมีนบุรี เขตมีนบุรี จ.กรุงเทพฯ 10510","13.785671666666667,100.72062333333334",13.785671666666667,100.72062333333334,"มีนบุรี","รอน้ำลด","","ยังส่งไม่ได้",false,"","",""
684,"112173","168 อินเตอร์เนชั่นแนล เทรด จำกัด (สำนักงานใหญ่)","2026-09-29T08:27:00+07:00","ปกติ","ไม่สามารถเข้าส่งได้ น้ำท่วมสูงในพื้นที่","16301","อังคาร","B2B","สาขากรุงเทพกรีฑา","26 ซ.รามคำแหง 94/1 ถนนรามคำแหง แขวงสะพานสูง เขตสะพานสูง กรุงเทพฯ 10240","13.77311814,100.66880898",13.77311814,100.66880898,"สะพานสูง","รอน้ำลด","","ยังส่งไม่ได้",false,"","",""
685,"115944","เนตรนภา วรรณศิริ","2026-09-29T10:44:00+07:00","โอนงานสิ้นวัน","ไม่สามารถเข้าส่งได้ น้ำท่วมสูงในพื้นที่","16306","เสาร์","B2C","สาขากรุงเทพกรีฑา","3/535 หมู่บ้านโชคชัยปัญจทรัพย์ ซ.1 ถ.รามคำแหง 184 แขวงมีนบุรี เขตมีนบุรี กรุงเทพฯ 10510","13.786615526405264,100.73298641108606",13.786615526405264,100.73298641108606,"มีนบุรี","รอน้ำลด","","ยังส่งไม่ได้",true,"วีรวัฒน์ อุดมทรัพย์","28/09/2026","ผู้ทำรายการ:วีรวัฒน์ อุดมทรัพย์;โอนงานมาจากวันที่:28/09/2026"
686,"118322","อารีรัตน์ จิรัตน์ฐิกุล","2026-09-29T08:25:00+07:00","ปกติ","ไม่สามารถเข้าส่งได้ น้ำท่วมสูงในพื้นที่","16301","อังคาร","B2C","สาขากรุงเทพกรีฑา","51/101 หมู่บ้านร่มสุขวิลล่า2 ซ.รามคำแหง 96 ถ.รามคำแหง แขวงสะพานสูง เขตสะพานสูง กรุงเทพฯ 10240","13.7678944,100.6714501",13.7678944,100.6714501,"สะพานสูง","รอน้ำลด","","ยังส่งไม่ได้",false,"","",""
687,"118580","ณัฎฐณิชา สังสิทธิพันธุ์","2026-09-29T12:06:00+07:00","ปกติ","ไม่สามารถเข้าส่งได้ น้ำท่วมสูงในพื้นที่","16201","อังคาร","B2C","สาขากรุงเทพกรีฑา","88/34  หมู่บ้านไพรเวทเนอวานาเรสสิเดนซ์ ซ.โยธินพัฒนา 11 แยก 7 แขวงคลองจั่น เขตบางกะปิ กรุงเทพฯ 10240","13.804513333333334,100.62376",13.804513333333334,100.62376,"บางกะปิ","รอน้ำลด","","ยังส่งไม่ได้",false,"","",""
688,"119111","ชัยวัฒน์ มัญชุมีณา","2026-09-29T12:00:00+07:00","ตามน้ำ","ไม่สามารถเข้าส่งได้ เกิดข้อผิดพลาด (เลื่อนวันที่ส่ง)","16204","เสาร์","B2C","สาขากรุงเทพกรีฑา","94/2 อาคารอาภาเพลส ตึก2 ชั้น6 ห้อง2604 ซ.ลาดพร้าว 101 แยก 36 แขวงลาดพร้าว เขตบางกะปิ กรุงเทพ 10230","13.784166,100.6316437",13.784166,100.6316437,"บางกะปิ","รอน้ำลด","","ยังส่งไม่ได้",false,"","",""
689,"119541","JOSEPH KAMAU","2026-09-29T12:02:00+07:00","ปกติ","ไม่สามารถเข้าส่งได้ น้ำท่วมสูงในพื้นที่","16201","อังคาร","B2C","สาขากรุงเทพกรีฑา","19/42 TOWN PLUS X YOTHINPATTANA 11 KHLONG CHAN BANG KAPI BANGKOK 10240","13.8062935,100.6228052",13.8062935,100.6228052,"","รอน้ำลด","","ยังส่งไม่ได้",false,"","",""
690,"120954","ธัญญพัทธ์ หงสนันท์","2026-09-29T12:05:00+07:00","ปกติ","ไม่สามารถเข้าส่งได้ น้ำท่วมสูงในพื้นที่","16201","อังคาร","B2C","สาขากรุงเทพกรีฑา","88/28 หมู่บ้านไพรเวท เนอวาน่า เรสซิเด้นท์ ซ.โยธินพัฒนา11แยก7 ถ.ประดิษฐ์มนูธรรม แขวงคลองจั่น เขตบางกะปิ กรุงเทพฯ 10240","13.805046666666666,100.62412166666667",13.805046666666666,100.62412166666667,"บางกะปิ","รอน้ำลด","","ยังส่งไม่ได้",false,"","",""
691,"121106","ฆระณี จันทคณางกูร","2026-09-29T14:04:00+07:00","ปกติ","ไม่สามารถเข้าส่งได้ น้ำท่วมสูงในพื้นที่","16308","อังคาร","B2C","สาขากรุงเทพกรีฑา","98/2 หมู่บ้านเกศภิรมย์ ซอยมีสทีน ถนนราษฏร์พัฒนา แขวงสะพานสูง เขตสะพานสูง กรุงเทพมหานคร 10240","13.76625868,100.70533876",13.76625868,100.70533876,"สะพานสูง","รอน้ำลด","","ยังส่งไม่ได้",false,"","",""
692,"121209","อี ซี จี คอร์ปอเรชั่น จำกัด","2026-09-29T13:02:00+07:00","เสริมน้ำ ตรงรอบ","ไม่สามารถเข้าส่งได้ น้ำท่วมสูงในพื้นที่","16204","จันทร์","B2B","สาขากรุงเทพกรีฑา","14 อาคารอีซีจี ชั้น 1 ซ.โพธิ์แก้ว 3 แยก13 ถ.นวมินทร์ แขวงคลองจั่น เขตบางกะปิ กรุงเทพฯ 10240","13.8044001,100.6299298",13.8044001,100.6299298,"บางกะปิ","รอน้ำลด","","ยังส่งไม่ได้",false,"","",""
693,"121765/1","จิดาภา กุลสวัสดิ์ภักดี","2026-09-29T12:16:00+07:00","ปกติ","ไม่สามารถเข้าส่งได้ น้ำท่วมสูงในพื้นที่","16201","อังคาร","B2C","สาขากรุงเทพกรีฑา","DESIGN DELIVERY โครงการ CRYSTAL DESIGN CENTER (CDC) ตึก D ชั้น 2 ห้อง D206 ซ.ลาดพร้าว 87 ถ.ประดิษฐ์มนูธรรม แขวงคลองจั่น เขตบางกะปิ จ.กรุงเทพฯ 10240","13.80429,100.61729500000001",13.80429,100.61729500000001,"บางกะปิ","รอน้ำลด","","ยังส่งไม่ได้",false,"","",""
694,"123814","บิช ไลน์ เคมีคอลส์ จำกัด","2026-09-29T12:47:00+07:00","ปกติ","ไม่สามารถเข้าส่งได้ น้ำท่วมสูงในพื้นที่","16305","อังคาร","B2B","สาขากรุงเทพกรีฑา","52/206 ซ.กรุงเทพกรีฑา 15 ถ.กรุงเทพกรีฑา แขวงสะพานสูง เขตสะพานสูง กรุงเทพฯ 10240","13.746661666666666,100.66977666666668",13.746661666666666,100.66977666666668,"สะพานสูง","รอน้ำลด","","ยังส่งไม่ได้",false,"","",""
695,"124437","เดือนเพ็ญ","2026-09-29T12:46:00+07:00","ปกติ","ไม่สามารถเข้าส่งได้ น้ำท่วมสูงในพื้นที่","16305","อังคาร","B2C","สาขากรุงเทพกรีฑา","52/233 ซ.กรุงเทพกรีฑา 15 ถ.กรุงเทพกรีฑา แขวงสะพานสูง เขตสะพานสูง จ.กรุงเทพมหานคร 10240","13.7463343,100.6690603",13.7463343,100.6690603,"สะพานสูง","รอน้ำลด","","ยังส่งไม่ได้",false,"","",""
696,"125083/455","เคอีเอ็กซ์ เอ็กซ์เพรส (ประเทศไทย) จำกัด (มหาชน)","2026-09-29T08:25:00+07:00","ปกติ","ไม่สามารถเข้าส่งได้ น้ำท่วมสูงในพื้นที่","16301","อังคาร","B2B","สาขากรุงเทพกรีฑา","เลขที่ 9 DC SPS ( สะพานสูง ) ซ.รามคำแหง 100 ถ.รามคำแหง  แขวงสะพานสูง เขตสะพานสูง กรุงเทพฯ 10240","13.773258333333334,100.67016166666666",13.773258333333334,100.67016166666666,"สะพานสูง","รอน้ำลด","","ยังส่งไม่ได้",false,"","",""
697,"125533","กมุททินี","2026-09-29T12:08:00+07:00","ปกติ","ไม่สามารถเข้าส่งได้ น้ำท่วมสูงในพื้นที่","16201","อังคาร","B2C","สาขากรุงเทพกรีฑา","43 ซ.โยธินพัฒนา 11 แยก 7  แขวงคลองจั่น เขตบางกะปิ จ.กรุงเทพฯ 10240","13.805273333333332,100.62391666666666",13.805273333333332,100.62391666666666,"บางกะปิ","รอน้ำลด","","ยังส่งไม่ได้",false,"","",""
698,"125758/2","ทู เอ พลัส จำกัด","2026-09-29T12:08:00+07:00","ปกติ","ไม่สามารถเข้าส่งได้ เกิดข้อผิดพลาด (เลื่อนวันที่ส่ง)","16201","อังคาร","B2B","สาขากรุงเทพกรีฑา","454/277 ซ.ลาดพร้าว 87 (จันทราสุข) แยก 22 แขวงคลองเจ้าคุณสิงห์ เขตวังทองหลาง จ.กรุงเทพฯ 10310","13.797996666666666,100.62175666666666",13.797996666666666,100.62175666666666,"วังทองหลาง","รอน้ำลด","","ยังส่งไม่ได้",false,"","",""
699,"125912","โฮมสไตลิช จำกัด","2026-09-29T12:15:00+07:00","ปกติ","ไม่สามารถเข้าส่งได้ น้ำท่วมสูงในพื้นที่","16201","อังคาร","B2B","สาขากรุงเทพกรีฑา","1448/6 (CDC) CRYSTAL DESIGN CENTER K1 R# 113-116 ชั้น 1 ซ.ลาดพร้าว87(จันทราสุข) แขวงคลองจั่น เขตบางกะปิ จ.กรุงเทพฯ 10240","13.803211666666668,100.61902166666665",13.803211666666668,100.61902166666665,"บางกะปิ","รอน้ำลด","","ยังส่งไม่ได้",false,"","",""
700,"129074","สวิฟท์ รีซอร์สเซส จำกัด","2026-09-29T09:54:00+07:00","ปกติ","ไม่สามารถเข้าส่งได้ น้ำท่วมสูงในพื้นที่","16304","อังคาร","B2B","สาขากรุงเทพกรีฑา","ELITE RESIDENSE 4TH FLOOR, ROOM NO 14/36 SINAKHARIN SOI 5, HUA MAK BANG KAPI BANGKOK 10240","13.747910000000001,100.64661499999998",13.747910000000001,100.64661499999998,"","รอน้ำลด","","ยังส่งไม่ได้",false,"","",""
701,"135043","สถาบันพัฒนาองค์กรชุมชน (องค์การมหาชน)","2026-09-29T08:13:00+07:00","โอนงานสิ้นวัน","ไม่สามารถเข้าส่งได้ น้ำท่วมสูงในพื้นที่","16302","เสาร์","Key Account 2","สาขากรุงเทพกรีฑา","912 ซ.นวมินทร์ 45 ถ.นวมินทร์ แขวงคลองจั่น เขตบางกะปิ จ.กรุงเทพฯ 10240","13.782375000000002,100.64531166666666",13.782375000000002,100.64531166666666,"บางกะปิ","รอน้ำลด","","ยังส่งไม่ได้",true,"วุฒิชัย จีปน","26/09/2026","ผู้ทำรายการ:วุฒิชัย จีปน;โอนงานมาจากวันที่:26/09/2026"
702,"135647","กรณิศ ก่อสร้าง จำกัด","2026-09-29T14:48:00+07:00","ตามน้ำ","ไม่สามารถเข้าส่งได้ น้ำท่วมสูงในพื้นที่","16303","อังคาร","B2B","สาขากรุงเทพกรีฑา","18 ซ.รามคำแหง 60 แยก 6 (สวนสน6) ถ.รามคำแหง  แขวงหัวหมาก เขตบางกะปิ จ.กรุงเทพฯ 10240 ","13.756246666666668,100.65001833333332",13.756246666666668,100.65001833333332,"บางกะปิ","รอน้ำลด","","ยังส่งไม่ได้",false,"","",""
703,"138741/105","ธนาคารไทยพาณิชย์ จำกัด (มหาชน)","2026-09-29T12:19:00+07:00","ปกติ","ไม่สามารถเข้าส่งได้ น้ำท่วมสูงในพื้นที่","16201","อังคาร","B2B","สาขากรุงเทพกรีฑา","Branch Cystal Desigh Center #5200 1448/3 Latphrao 87(Chantrasuk) Klongchan,Bangkapi,Bangkok,5200,10240","13.8025746,100.6189715",13.8025746,100.6189715,"","รอน้ำลด","","ยังส่งไม่ได้",false,"","",""
704,"138741/348","ไทยพาณิชย์ จำกัด (มหาชน)","2026-09-29T09:58:00+07:00","ปกติ","ไม่สามารถเข้าส่งได้ น้ำท่วมสูงในพื้นที่","16304","อังคาร","B2B","สาขากรุงเทพกรีฑา","259,261,263,265 สาขาถนนศรีนครินทร์ (กรุงเทพกรีฑา) ถ.ศรีนครินทร์ #0080 แขวงหัวหมาก เขตบางกะปิ จ.กรุงเทพฯ 10240","13.7506824,100.6451296",13.7506824,100.6451296,"บางกะปิ","รอน้ำลด","","ยังส่งไม่ได้",false,"","",""
705,"142514","ศุภิสรา สังวาลย์","2026-09-29T08:26:00+07:00","โอนงานสิ้นวัน","ไม่สามารถเข้าส่งได้ น้ำท่วมสูงในพื้นที่","16302","เสาร์","B2C","สาขากรุงเทพกรีฑา","27 หมู่บ้าน ฉัตรแก้ว ซ.2  แขวงคลองจั่น เขตบางกะปิ จ.กรุงเทพฯ 10240","13.780768333333333,100.64173000000001",13.780768333333333,100.64173000000001,"บางกะปิ","รอน้ำลด","","ยังส่งไม่ได้",true,"วีรวัฒน์ อุดมทรัพย์","28/09/2026","ผู้ทำรายการ:วีรวัฒน์ อุดมทรัพย์;โอนงานมาจากวันที่:28/09/2026"
706,"142563","ไปรยดา","2026-09-29T12:03:00+07:00","ปกติ","ไม่สามารถเข้าส่งได้ น้ำท่วมสูงในพื้นที่","16201","อังคาร","B2C","สาขากรุงเทพกรีฑา","55/35 หมู่บ้านไพรเวท เนอวานา เรสสิเดนซ์ อีส ซอยโยธินพัฒนา 11 แยก 7  ถนนประดิษฐ์มนูธรรม แขวงคลองจั่น เขตบางกะปิ จ.กรุงเทพฯ 10240","13.8073044,100.6266288",13.8073044,100.6266288,"บางกะปิ","รอน้ำลด","","ยังส่งไม่ได้",false,"","",""
707,"144056","ธารตะวัน","2026-09-29T09:15:00+07:00","โอนงานสิ้นวัน","ไม่สามารถเข้าส่งได้ น้ำท่วมสูงในพื้นที่","16308","เสาร์","B2C","สาขากรุงเทพกรีฑา","9/177 หมู่บ้านเคซีเนเชอรัลซิตี้ ถ.กาญจนาภิเษก แขวงราษฎร์พัฒนา เขตสะพานสูง กรุงเทพฯ 10240","13.7743392,100.6931597",13.7743392,100.6931597,"สะพานสูง","รอน้ำลด","","ยังส่งไม่ได้",true,"จิรวัฒน์ สัยนิถี","28/09/2026","ผู้ทำรายการ:จิรวัฒน์ สัยนิถี;โอนงานมาจากวันที่:28/09/2026"
708,"145969","ชนิดาภา","2026-09-29T08:20:00+07:00","โอนงานสิ้นวัน","ไม่สามารถเข้าส่งได้ เกิดข้อผิดพลาด (เลื่อนวันที่ส่ง)","16302","เสาร์","B2C","สาขากรุงเทพกรีฑา","363 หมู่บ้านสินธร ซ. 21 ถ.แฮปปี้แลนด์ แขวงคลองจั่น เขตบางกะปิ กรุงเทพฯ 10240","13.7842991,100.6380198",13.7842991,100.6380198,"บางกะปิ","รอน้ำลด","","ยังส่งไม่ได้",true,"สถาพร นนท์เข็มพรหม","26/09/2026","ผู้ทำรายการ:สถาพร นนท์เข็มพรหม;โอนงานมาจากวันที่:26/09/2026"
709,"147462/1","โพธิเกตุ กรุ๊ป","2026-09-29T08:56:00+07:00","ปกติ","ไม่สามารถเข้าส่งได้ น้ำท่วมสูงในพื้นที่","16302","อังคาร","B2B","สาขากรุงเทพกรีฑา","9/1 ซ.กรุงเทพกรีฑา 8 แยก 16 ถ.กรุเทพกรีฑา แขวงหัวหมาก เขตบางกะปิ จ.กรุงเทพฯ 10240","13.741189999999998,100.65305166666667",13.741189999999998,100.65305166666667,"บางกะปิ","รอน้ำลด","","ยังส่งไม่ได้",false,"","",""
710,"148572","กาญจนา","2026-09-29T13:58:00+07:00","เสริมน้ำ ตรงรอบ","ไม่สามารถเข้าส่งได้ น้ำท่วมสูงในพื้นที่","16301","อังคาร","B2C","สาขากรุงเทพกรีฑา","51/82 หมู่บ้านร่มสุขวิลล่า2 ซ.รามคำแหง 96 ถ.รามคำแหง แขวงสะพานสูง เขตสะพานสูง กรุงเทพฯ 10240","13.7679482,100.6715068",13.7679482,100.6715068,"สะพานสูง","รอน้ำลด","","ยังส่งไม่ได้",false,"","",""
711,"149289","วราภรณ์","2026-09-29T12:15:00+07:00","โอนงานสิ้นวัน","ไม่สามารถเข้าส่งได้ น้ำท่วมสูงในพื้นที่","16204","เสาร์","B2C","สาขากรุงเทพกรีฑา","19/114 หมู่บ้าน สินสุขโพธื์แก้ว ซ.6 ถ.โพธิ์แก้ว 4  แขวงคลองจั่น เขตบางกะปิ จ.กรุงเทพฯ 10240","13.796788333333332,100.63914333333332",13.796788333333332,100.63914333333332,"บางกะปิ","รอน้ำลด","","ยังส่งไม่ได้",true,"วุฒิชัย จีปน","26/09/2026","ผู้ทำรายการ:วุฒิชัย จีปน;โอนงานมาจากวันที่:26/09/2026"
712,"149576","บุญชัย","2026-09-29T12:07:00+07:00","ปกติ","ไม่สามารถเข้าส่งได้ น้ำท่วมสูงในพื้นที่","16201","อังคาร","B2C","สาขากรุงเทพกรีฑา","3653  บ้านลาดพร้าว1 ซ. โยธินพัฒนา 11 ถ. ประดิษฐ์มนูธรรม แขวงคลองจั่น เขตบางกะปิ จ.กรุงเทพฯ 10240","13.8053146,100.6255107",13.8053146,100.6255107,"บางกะปิ","รอน้ำลด","","ยังส่งไม่ได้",false,"","",""
713,"149706","ภัทรพร","2026-09-29T12:11:00+07:00","ปกติ","ไม่สามารถเข้าส่งได้ น้ำท่วมสูงในพื้นที่","16201","อังคาร","B2C","สาขากรุงเทพกรีฑา","3845  หมู่บ้านบ้านลาดพร้าว ซ.โยธินพัฒนา 11 แยก 7 แขวงคลองจั่น เขตบางกะปิ กทม 10240","13.8061561,100.6315097",13.8061561,100.6315097,"บางกะปิ","รอน้ำลด","","ยังส่งไม่ได้",false,"","",""
714,"150888","ศรินยา","2026-09-29T08:17:00+07:00","โอนงานสิ้นวัน","ไม่สามารถเข้าส่งได้ น้ำท่วมสูงในพื้นที่","16302","เสาร์","B2C","สาขากรุงเทพกรีฑา","182 หมู่บ้าน สินธร ซ.27 ถ.แฮปปี้แลนด์ แขวงคลองจั่น เขตบางกะปิ จ.กรุงเทพฯ 10240","13.7855117,100.6384458",13.7855117,100.6384458,"บางกะปิ","รอน้ำลด","","ยังส่งไม่ได้",true,"ฤทธิศักดิ์ สระเงินสิงห์","28/09/2026","ผู้ทำรายการ:ฤทธิศักดิ์ สระเงินสิงห์;โอนงานมาจากวันที่:28/09/2026"
715,"151253","ทริปเปิ้ล วี ออเร้นจ์","2026-09-29T10:20:00+07:00","เสริมน้ำ ตรงรอบ","ไม่สามารถเข้าส่งได้ น้ำท่วมสูงในพื้นที่","16306","อังคาร","B2B","สาขากรุงเทพกรีฑา"," 40 ซ.รามคำแหง 185 แยก 3 แขวงมีนบุรี เขตมีนบุรี จ.กรุงเทพฯ 10510","13.797441666666668,100.70704499999998",13.797441666666668,100.70704499999998,"มีนบุรี","รอน้ำลด","","ยังส่งไม่ได้",false,"","",""
716,"155629","ศรีนวล","2026-09-29T08:58:00+07:00","ปกติ","ไม่สามารถเข้าส่งได้ น้ำท่วมสูงในพื้นที่","16302","อังคาร","B2C","สาขากรุงเทพกรีฑา","โรงพยาบาลศิรินทร์ ห้อง 301 ชั้นที่ 3 ถนนกรุงเทพกรีฑา ซ.8 แยก 16 แขวงหัวหมาก เขตบางกะปิ จ.กรุงเทพฯ 10240","13.7404843,100.6537188",13.7404843,100.6537188,"บางกะปิ","รอน้ำลด","","ยังส่งไม่ได้",false,"","",""
717,"157305","สำอาง","2026-09-29T12:09:00+07:00","ปกติ","ไม่สามารถเข้าส่งได้ น้ำท่วมสูงในพื้นที่","16306","อังคาร","B2C","สาขากรุงเทพกรีฑา","98/55 หมู่บ้านดิ อิเธอโน่ ซ.รามคำแหง 174 ถ.รามคำแหง แขวงมีนบุรี เขตมีนบุรี กรุงเทพฯ 10510","13.7927562,100.7206384",13.7927562,100.7206384,"มีนบุรี","รอน้ำลด","","ยังส่งไม่ได้",false,"","",""
718,"15868","ปิยะรัชน์ สิมะวรางกูร","2026-09-29T12:46:00+07:00","ปกติ","ไม่สามารถเข้าส่งได้ เกิดข้อผิดพลาด (เลื่อนวันที่ส่ง)","16305","อังคาร","B2C","สาขากรุงเทพกรีฑา","52/229 ถนนกรุงเทพกรีฑา แขวงสะพานสูง เขตสะพานสูง กรุงเทพฯ 10250","13.7463056,100.6695251",13.7463056,100.6695251,"สะพานสูง","รอน้ำลด","","ยังส่งไม่ได้",false,"","",""
719,"159270","ดิอิมเม็จเมดิคอลเอสเทติก จำกัด","2026-09-29T12:13:00+07:00","ปกติ","ไม่สามารถเข้าส่งได้ น้ำท่วมสูงในพื้นที่","16201","อังคาร","B2B","สาขากรุงเทพกรีฑา","249 ตึก24 House ชั้น 2 ซ.โยธินพัฒนา แขวงคลองจั่น เขตบางกะปิ จ.กรุงเทพฯ 10240","13.8095481,100.6205475",13.8095481,100.6205475,"บางกะปิ","รอน้ำลด","","ยังส่งไม่ได้",false,"","",""
720,"159312","สตูดิโอ บาย บูสท์ จำกัด","2026-09-29T08:24:00+07:00","ปกติ","ไม่สามารถเข้าส่งได้ น้ำท่วมสูงในพื้นที่","16301","อังคาร","B2B","สาขากรุงเทพกรีฑา","โครางการบูสต์ ฟิตเนส 36 ถ.รามคำแหง แขวงสะพานสูง เขตสะพานสูง จ.กรุงเทพฯ 10240","13.774306,100.6706863",13.774306,100.6706863,"สะพานสูง","รอน้ำลด","","ยังส่งไม่ได้",false,"","",""
721,"159459","ฉมามาศ","2026-09-29T12:06:00+07:00","ปกติ","ไม่สามารถเข้าส่งได้ น้ำท่วมสูงในพื้นที่","16201","อังคาร","B2C","สาขากรุงเทพกรีฑา","88/81 หมู่บ้านเนอวานา ซ.โยธินพัฒนา 11 แยก 7 แขวงคลองจั่น เขตบางกะปิ กรุงเทพฯ 10240","13.8033497,100.6235849",13.8033497,100.6235849,"บางกะปิ","รอน้ำลด","","ยังส่งไม่ได้",false,"","",""
722,"161233","TRISTAN","2026-09-29T09:53:00+07:00","ปกติ","ไม่สามารถเข้าส่งได้ น้ำท่วมสูงในพื้นที่","16304","อังคาร","B2C","สาขากรุงเทพกรีฑา","E201 THE IRIS CONDO, BUILDING E, FLOOR 2, ROOM 509/20, SRINAKARIN RD SUAN LUANG SUAN LUANG BANGKOK 10250","13.74443051,100.64333264",13.74443051,100.64333264,"","รอน้ำลด","","ยังส่งไม่ได้",false,"","",""
723,"162194","ธนพรรณ เอื้อมพรวนิช","2026-09-29T12:07:00+07:00","ปกติ","ไม่สามารถเข้าส่งได้ น้ำท่วมสูงในพื้นที่","16201","อังคาร","B2C","สาขากรุงเทพกรีฑา","19/50 หมู่บ้านทาวน์พลัส เอ็กซ์ ซ.โยธินพัฒนา 11 แยก 7 ถ.ประดิษฐ์มนูธรรม แขวงคลองจั่น เขตบางกะปิ จ.กรุงเทพฯ 10240","13.8061206,100.6231597",13.8061206,100.6231597,"บางกะปิ","รอน้ำลด","","ยังส่งไม่ได้",false,"","",""
724,"162434","โกลเด้นแคท เทรดดิ้ง จำกัด","2026-09-29T08:18:00+07:00","โอนงานสิ้นวัน","ไม่สามารถเข้าส่งได้ น้ำท่วมสูงในพื้นที่","16302","เสาร์","B2B","สาขากรุงเทพกรีฑา","327 ซ.23 หมู่บ้านสินธร ถนนแฮปปี้แลนด์ แขวงคลองจั่น เขตบางกะปิ จ.กรุงเทพฯ 10240","13.784848333333333,100.63853666666667",13.784848333333333,100.63853666666667,"บางกะปิ","รอน้ำลด","","ยังส่งไม่ได้",true,"ฤทธิศักดิ์ สระเงินสิงห์","28/09/2026","ผู้ทำรายการ:ฤทธิศักดิ์ สระเงินสิงห์;โอนงานมาจากวันที่:28/09/2026"
725,"164864","รุ่งโรจน์ พจน์ชินวัฒน์","2026-09-29T19:46:00+07:00","โอนงานสิ้นวัน","ไม่สามารถเข้าส่งได้ น้ำท่วมสูงในพื้นที่","16103","เสาร์","B2C","สาขากรุงเทพกรีฑา"," 255/328 ซ.ลาดพร้าว 80 แยก 24 แขวงวังทองหลาง เขตวังทองหลาง จ.กรุงเทพฯ 10310","13.779403333333335,100.60158666666666",13.779403333333335,100.60158666666666,"วังทองหลาง","รอน้ำลด","","ยังส่งไม่ได้",true,"วีรวัฒน์ อุดมทรัพย์","28/09/2026","ผู้ทำรายการ:วีรวัฒน์ อุดมทรัพย์;โอนงานมาจากวันที่:28/09/2026"
726,"165704","ทรัพย์วลิน จำกัด","2026-09-29T11:57:00+07:00","ปกติ","ไม่สามารถเข้าส่งได้ น้ำท่วมสูงในพื้นที่","16306","อังคาร","B2B","สาขากรุงเทพกรีฑา","55/5 ซ.รามคำแหง 174 แขวงมีนบุรี เขตมีนบุรี จ.กรุงเทพฯ 10510","13.7949915,100.72160032",13.7949915,100.72160032,"มีนบุรี","รอน้ำลด","","ยังส่งไม่ได้",false,"","",""
727,"166461","สุชาดา","2026-09-29T12:12:00+07:00","โอนงานสิ้นวัน","ไม่สามารถเข้าส่งได้ น้ำท่วมสูงในพื้นที่","16204","เสาร์","B2C","สาขากรุงเทพกรีฑา","19/160 หมู่บ้านสินสุข โพธิ์แก้ว ซ.โพธิ์แก้ว 4 ถ.ลาดพร้าว 101 แขวงคลองจั่น เขตบางกะปิ จ.กรุงเทพฯ 10240","13.79792708,100.63575749",13.79792708,100.63575749,"บางกะปิ","รอน้ำลด","","ยังส่งไม่ได้",true,"จิรวัฒน์ สัยนิถี","28/09/2026","ผู้ทำรายการ:จิรวัฒน์ สัยนิถี;โอนงานมาจากวันที่:28/09/2026"
728,"166880/1","JIRAPORN","2026-09-29T12:11:00+07:00","ปกติ","ไม่สามารถเข้าส่งได้ เกิดข้อผิดพลาด (เลื่อนวันที่ส่ง)","16306","อังคาร","B2C","สาขากรุงเทพกรีฑา","50/196 PERFECT PLACE 2 SOI 174 RAMKHAMHAENG ROAD	 MIN BURI, MIN BURI, BANGKOK, 10510","13.786086666666666,100.720585",13.786086666666666,100.720585,"","รอน้ำลด","","ยังส่งไม่ได้",false,"","",""
729,"167664","พนิตา","2026-09-29T08:18:00+07:00","โอนงานสิ้นวัน","ไม่สามารถเข้าส่งได้ น้ำท่วมสูงในพื้นที่","16302","เสาร์","B2C","สาขากรุงเทพกรีฑา","984 หมู่บ้านสินธร ซ.12 ถ.แฮปปี้แลนด์  แขวงคลองจั่น เขตบางกะปิ จ.กรุงเทพฯ 10240","13.782981666666668,100.63949499999998",13.782981666666668,100.63949499999998,"บางกะปิ","รอน้ำลด","","ยังส่งไม่ได้",true,"ฤทธิศักดิ์ สระเงินสิงห์","28/09/2026","ผู้ทำรายการ:ฤทธิศักดิ์ สระเงินสิงห์;โอนงานมาจากวันที่:28/09/2026"
730,"168090","ไทยภาสิทธิ์ จำกัด (สำนักงานใหญ่)","2026-09-29T09:53:00+07:00","ปกติ","ไม่สามารถเข้าส่งได้ น้ำท่วมสูงในพื้นที่","16304","อังคาร","B2B","สาขากรุงเทพกรีฑา","15 ซ.รินรดา (ศรีนครินทร์ 15) ถ. ศรีนครินทร์ แขวงพัฒนาการ เขตสวนหลวง จ.กรุงเทพฯ 10250","13.74235232,100.64451205",13.74235232,100.64451205,"สวนหลวง","รอน้ำลด","","ยังส่งไม่ได้",false,"","",""
731,"168997","เคนโกพลัส จำกัด","2026-09-29T14:48:00+07:00","ปกติ","ไม่สามารถเข้าส่งได้ น้ำท่วมสูงในพื้นที่","16303","อังคาร","B2B","สาขากรุงเทพกรีฑา","เลขที่ 297 ซ.รามคำแหง 60 (สวนสน) ถ.รามคำแหง แขวงหัวหมาก เขตบางกะปิ จ.กรุงเทพฯ 10240","13.75700187,100.65093199",13.75700187,100.65093199,"บางกะปิ","รอน้ำลด","","ยังส่งไม่ได้",false,"","",""
732,"169225/1","พัชร์ธมน","2026-09-29T14:47:00+07:00","ปกติ","ไม่สามารถเข้าส่งได้ น้ำท่วมสูงในพื้นที่","16303","อังคาร","B2C","สาขากรุงเทพกรีฑา","10 หมู่บ้านสวนสน (ซ.5) ซ.รามคำแหง 60 แขวงหัวหมาก เขตบางกะปิ จ.กรุงเทพฯ 10240","13.75794549,100.65196177",13.75794549,100.65196177,"บางกะปิ","รอน้ำลด","","ยังส่งไม่ได้",false,"","",""
733,"170006","วิลาวัลย์","2026-09-29T10:43:00+07:00","โอนงานสิ้นวัน","ไม่สามารถเข้าส่งได้ น้ำท่วมสูงในพื้นที่","16306","เสาร์","B2C","สาขากรุงเทพกรีฑา","3/325 หมู่บ้าน โชคชัยปัญจทรัพย์ ซ.รามคำแหง 184 แขวงมีนบุรี เขตมีนบุรี จ.กรุงเทพฯ 10510","13.786153333333335,100.72981499999999",13.786153333333335,100.72981499999999,"มีนบุรี","รอน้ำลด","","ยังส่งไม่ได้",true,"สถาพร นนท์เข็มพรหม","26/09/2026","ผู้ทำรายการ:สถาพร นนท์เข็มพรหม;โอนงานมาจากวันที่:26/09/2026"
734,"172438/1","เจษฎางค์","2026-09-29T10:36:00+07:00","โอนงานสิ้นวัน","ไม่สามารถเข้าส่งได้ น้ำท่วมสูงในพื้นที่","16305","เสาร์","B2C","สาขากรุงเทพกรีฑา","69/59 หมู่บ้านนาราสิริ กรุงเทพกรีฑา ซ.ประชาร่วมใจ  แขวงหัวหมาก เขตบางกะปิ จ.กรุงเทพฯ 10240","13.756769999999998,100.66187",13.756769999999998,100.66187,"บางกะปิ","รอน้ำลด","","ยังส่งไม่ได้",true,"ฤทธิศักดิ์ สระเงินสิงห์","28/09/2026","ผู้ทำรายการ:ฤทธิศักดิ์ สระเงินสิงห์;โอนงานมาจากวันที่:28/09/2026"
735,"173157","THET THET MAR","2026-09-29T14:03:00+07:00","โอนงานสิ้นวัน","ไม่สามารถเข้าส่งได้ น้ำท่วมสูงในพื้นที่","16308","เสาร์","B2C","สาขากรุงเทพกรีฑา","335 FOURWINGS RESIDENCE RM#1002B FL#10   SRINAKARINDRA RD., HUA MAK, BANG KAPI, BANGKOK 10240","13.75408222,100.64765338",13.75408222,100.64765338,"","รอน้ำลด","","ยังส่งไม่ได้",true,"วีรวัฒน์ อุดมทรัพย์","28/09/2026","ผู้ทำรายการ:วีรวัฒน์ อุดมทรัพย์;โอนงานมาจากวันที่:28/09/2026"
736,"174683","พิมพ์รตา","2026-09-29T12:03:00+07:00","ปกติ","ไม่สามารถเข้าส่งได้ น้ำท่วมสูงในพื้นที่","16201","อังคาร","B2C","สาขากรุงเทพกรีฑา","55/59 หมู่บ้านไพรเวท เนอวานา เรสสิเดนซ์ อีส ซ.โยธินพัฒนา 11แยก 7 ถ.ประดิษฐ์มนูธรรม แขวงคลองจั่น เขตบางกะปิ จ.กรุงเทพฯ 10240","13.8070523,100.6254984",13.8070523,100.6254984,"บางกะปิ","รอน้ำลด","","ยังส่งไม่ได้",false,"","",""
737,"174969","นงเยาว์","2026-09-29T08:19:00+07:00","โอนงานสิ้นวัน","ไม่สามารถเข้าส่งได้ น้ำท่วมสูงในพื้นที่","16302","เสาร์","B2C","สาขากรุงเทพกรีฑา","569 หมู่บ้านสินธร ซ.13 ถ.แฮปปี้แลนด์ แขวงคลองจั่น เขตบางกะปิ จ.กรุงเทพฯ 10240","13.782953333333333,100.63850833333332",13.782953333333333,100.63850833333332,"บางกะปิ","รอน้ำลด","","ยังส่งไม่ได้",true,"จิรวัฒน์ สัยนิถี","28/09/2026","ผู้ทำรายการ:จิรวัฒน์ สัยนิถี;โอนงานมาจากวันที่:28/09/2026"
738,"174974","วัชรินทร์","2026-09-29T08:19:00+07:00","โอนงานสิ้นวัน","ไม่สามารถเข้าส่งได้ เกิดข้อผิดพลาด (เลื่อนวันที่ส่ง)","16302","เสาร์","B2C","สาขากรุงเทพกรีฑา","95 หมู่บ้านสินธร ซ.13 ถ.แฮปปี้แลนด์ แขวงคลองจั่น เขตบางกะปิ จ.กรุงเทพฯ 10240","13.7831601,100.63812044",13.7831601,100.63812044,"บางกะปิ","รอน้ำลด","","ยังส่งไม่ได้",true,"สถาพร นนท์เข็มพรหม","26/09/2026","ผู้ทำรายการ:สถาพร นนท์เข็มพรหม;โอนงานมาจากวันที่:26/09/2026"
739,"175948","วิลล่า เมดิก้า (ภูเก็ต) จำกัด","2026-09-29T12:45:00+07:00","ปกติ","ไม่สามารถเข้าส่งได้ น้ำท่วมสูงในพื้นที่","16305","อังคาร","B2B","สาขากรุงเทพกรีฑา","31/32 หมู่บ้านกฤษณาไพรเวทซิตี้  ถ.กรุงเทพกรีฑา แขวงทับช้าง เขตสะพานสูง กรุงเทพฯ 10250","13.74590698,100.66916481",13.74590698,100.66916481,"สะพานสูง","รอน้ำลด","","ยังส่งไม่ได้",false,"","",""
740,"176250","พรทิพย์ ตั้งนิธิวัฒน์","2026-09-29T08:19:00+07:00","โอนงานสิ้นวัน","ไม่สามารถเข้าส่งได้ น้ำท่วมสูงในพื้นที่","16302","เสาร์","B2C","สาขากรุงเทพกรีฑา","592 หมู่บ้าน สินธร ซ.13 ถ.แฮปปี้แลนด์ แขวงคลองจั่น เขตบางกะปิ จ.กรุงเทพฯ 10240","13.78306269,100.63885955",13.78306269,100.63885955,"บางกะปิ","รอน้ำลด","","ยังส่งไม่ได้",true,"วีรวัฒน์ อุดมทรัพย์","28/09/2026","ผู้ทำรายการ:วีรวัฒน์ อุดมทรัพย์;โอนงานมาจากวันที่:28/09/2026"
741,"177553/1","ภคพร","2026-09-29T19:43:00+07:00","ตามน้ำ","ไม่สามารถเข้าส่งได้ น้ำท่วมสูงในพื้นที่","16103","เสาร์","B2C","สาขากรุงเทพกรีฑา","301/18 ซ.ลาดพร้าว 80 แยก 22 ถ.ลาดพร้าว  แขวงวังทองหลาง เขตวังทองหลาง จ.กรุงเทพฯ 10310","13.781568333333333,100.59989833333333",13.781568333333333,100.59989833333333,"วังทองหลาง","รอน้ำลด","","ยังส่งไม่ได้",false,"","",""
742,"177863","วิไลเพชร","2026-09-29T12:47:00+07:00","ปกติ","ไม่สามารถเข้าส่งได้ น้ำท่วมสูงในพื้นที่","16305","อังคาร","B2C","สาขากรุงเทพกรีฑา","52/190 หมู่บ้านกฤษณา ซ.กรุงเทพกรีฑา 15 แขวงสะพานสูง เขตสะพานสูง จ.กรุงเทพฯ 10250","13.74650803,100.66988288",13.74650803,100.66988288,"สะพานสูง","รอน้ำลด","","ยังส่งไม่ได้",false,"","",""
743,"178272","วรรณกานต์","2026-09-29T09:53:00+07:00","ปกติ","ไม่สามารถเข้าส่งได้ น้ำท่วมสูงในพื้นที่","16304","อังคาร","B2C","สาขากรุงเทพกรีฑา","8/2 ซ.กรุงเทพกรีฑา 18 ถ.กรุงเทพกรีฑา แขวงสะพานสูง เขตสะพานสูง จ.กรุงเทพฯ 10240","13.73691,100.67379877",13.73691,100.67379877,"สะพานสูง","รอน้ำลด","","ยังส่งไม่ได้",false,"","",""
744,"178355","บีแอนด์ดี โลจิสติกส์ จำกัด","2026-09-29T12:13:00+07:00","โอนงานสิ้นวัน","ไม่สามารถเข้าส่งได้ น้ำท่วมสูงในพื้นที่","16204","เสาร์","B2B","สาขากรุงเทพกรีฑา","19/142 หมู่บ้านสินสุข ซ.โพธิ์แก้ว 4 แขวงคลองจั่น เขตบางกะปิ จ.กรุงเทพฯ 10240","13.797636666666666,100.63465999999998",13.797636666666666,100.63465999999998,"บางกะปิ","รอน้ำลด","","ยังส่งไม่ได้",true,"ฤทธิศักดิ์ สระเงินสิงห์","28/09/2026","ผู้ทำรายการ:ฤทธิศักดิ์ สระเงินสิงห์;โอนงานมาจากวันที่:28/09/2026"
745,"17899","เน็กซ์เทค เซลส์ จำกัด","2026-09-29T08:22:00+07:00","ปกติ","ไม่สามารถเข้าส่งได้ น้ำท่วมสูงในพื้นที่","16301","อังคาร","B2B","สาขากรุงเทพกรีฑา","48/258 ซอยรามคำแหง 104 แขวงสะพานสูง เขตสะพานสูง กรุงเทพมหานคร 10240","13.773676666666665,100.67301833333335",13.773676666666665,100.67301833333335,"สะพานสูง","รอน้ำลด","","ยังส่งไม่ได้",false,"","",""
746,"179438","ศิระวัฒน์","2026-09-29T12:13:00+07:00","ปกติ","ไม่สามารถเข้าส่งได้ น้ำท่วมสูงในพื้นที่","16306","อังคาร","B2C","สาขากรุงเทพกรีฑา","50/272 หมู่บ้านเพอร์เฟคเพลส2 ซอยรามคำแหง 174 แขวงมีนบุรี เขตมีนบุรี จ.กรุงเทพฯ 10510","13.78635817,100.71966703",13.78635817,100.71966703,"มีนบุรี","รอน้ำลด","","ยังส่งไม่ได้",false,"","",""
747,"180283","อินเฟลม โซลูชั่น แอนด์ เมเนจเม้นท์ จำกัด (สำนักงานใหญ่)","2026-09-29T10:39:00+07:00","โอนงานสิ้นวัน","ไม่สามารถเข้าส่งได้ น้ำท่วมสูงในพื้นที่","16305","เสาร์","B2B","สาขากรุงเทพกรีฑา","69/24 หมู่บ้านนาราสิริ กรุงเทพกรีฑา ซ.กรุงเทพกรีฑา 15 แขวงหัวหมาก เขตบางกะปิ จ.กรุงเทพฯ 10240","13.757075000000002,100.66471666666666",13.757075000000002,100.66471666666666,"บางกะปิ","รอน้ำลด","","ยังส่งไม่ได้",true,"จิรวัฒน์ สัยนิถี","28/09/2026","ผู้ทำรายการ:จิรวัฒน์ สัยนิถี;โอนงานมาจากวันที่:28/09/2026"
748,"180955","เพ็ชรแท้","2026-09-29T08:24:00+07:00","โอนงานสิ้นวัน","ไม่สามารถเข้าส่งได้ เกิดข้อผิดพลาด (เลื่อนวันที่ส่ง)","16302","เสาร์","B2C","สาขากรุงเทพกรีฑา","270 ซ.นวมินทร์ 11 ถ.นวมินทร์  แขวงคลองจั่น เขตบางกะปิ จ.กรุงเทพฯ 10240","13.774293333333333,100.64518666666666",13.774293333333333,100.64518666666666,"บางกะปิ","รอน้ำลด","","ยังส่งไม่ได้",true,"สถาพร นนท์เข็มพรหม","26/09/2026","ผู้ทำรายการ:สถาพร นนท์เข็มพรหม;โอนงานมาจากวันที่:26/09/2026"
749,"181073","นิธิวัชร์","2026-09-29T08:24:00+07:00","โอนงานสิ้นวัน","ไม่สามารถเข้าส่งได้ น้ำท่วมสูงในพื้นที่","16302","เสาร์","B2C","สาขากรุงเทพกรีฑา","635 หมู่บ้านฉัตรแก้ว ถ.แฮปปี้แลนด์ แขวงคลองจั่น เขตบางกะปิ จ.กรุงเทพฯ 10240","13.78105355,100.64173738",13.78105355,100.64173738,"บางกะปิ","รอน้ำลด","","ยังส่งไม่ได้",true,"ฤทธิศักดิ์ สระเงินสิงห์","28/09/2026","ผู้ทำรายการ:ฤทธิศักดิ์ สระเงินสิงห์;โอนงานมาจากวันที่:28/09/2026"
750,"181521","YI-CHENG  CHEN","2026-09-29T12:26:00+07:00","เสริมน้ำ ตรงรอบ","ไม่สามารถเข้าส่งได้ น้ำท่วมสูงในพื้นที่","16306","อังคาร","B2C","สาขากรุงเทพกรีฑา","18/111 SOI 174 RAMKHAMHAENG RD  MIN BURI MIN BURI BANGKOK 10510","13.79485,100.72030166666667",13.79485,100.72030166666667,"","รอน้ำลด","","ยังส่งไม่ได้",false,"","",""
751,"181566","เจนเนอรัล พรอสซิคิวชั่น จำกัด","2026-09-29T08:24:00+07:00","โอนงานสิ้นวัน","ไม่สามารถเข้าส่งได้ น้ำท่วมสูงในพื้นที่","16302","เสาร์","B2B","สาขากรุงเทพกรีฑา","270 ซ.หมู่บ้านฉัตรแก้ว (ซ.10) ถ.แฮปปี้แลนด์ แขวงคลองจั่น เขตบางกะปิ จ.กรุงเทพฯ 10240","13.78386225,100.64156194",13.78386225,100.64156194,"บางกะปิ","รอน้ำลด","","ยังส่งไม่ได้",true,"วุฒิชัย จีปน","26/09/2026","ผู้ทำรายการ:วุฒิชัย จีปน;โอนงานมาจากวันที่:26/09/2026"
752,"181706","ร้านไพรผลิน","2026-09-29T12:49:00+07:00","ปกติ","ไม่สามารถเข้าส่งได้ น้ำท่วมสูงในพื้นที่","16305","อังคาร","B2B","สาขากรุงเทพกรีฑา","31/6 ถ.กรุงเทพกรีฑา(ตรงข้ามสนามกอล์ฟUnico) แขวงสะพานสูง เขตสะพานสูง จ.กรุงเทพฯ 10240","13.74554049,100.6696608",13.74554049,100.6696608,"สะพานสูง","รอน้ำลด","","ยังส่งไม่ได้",false,"","",""
753,"181850","วรนุช","2026-09-29T12:12:00+07:00","ปกติ","ไม่สามารถเข้าส่งได้ น้ำท่วมสูงในพื้นที่","16201","อังคาร","B2C","สาขากรุงเทพกรีฑา","1254/5 ARCO HOME OFFICE ซ.โยธินพัฒนา 11 ถ.เลียบด่วน เอกมัย รามอินทรา แขวงคลองจั่น เขตบางกะปิ จ.กรุงเทพฯ 10240","13.80582667,100.6197748",13.80582667,100.6197748,"บางกะปิ","รอน้ำลด","","ยังส่งไม่ได้",false,"","",""
754,"182087","สร้อยศรี","2026-09-29T11:59:00+07:00","เสริมน้ำ ตรงรอบ","ไม่สามารถเข้าส่งได้ น้ำท่วมสูงในพื้นที่","16201","อังคาร","B2C","สาขากรุงเทพกรีฑา","19/41 หมู่บ้านทาวน์พลัส เอ็กซ์ ลาดพร้าว ซ.โยธินพัฒนา 11 แยก 7  ถ.ประดิษฐ์มนูธรรม แขวงคลองจั่น เขตบางกะปิ จ.กรุงเทพฯ 10240","13.8063819,100.62286762",13.8063819,100.62286762,"บางกะปิ","รอน้ำลด","","ยังส่งไม่ได้",false,"","",""
755,"182375","ลิสเซินฟิลด์ จำกัด","2026-09-29T12:09:00+07:00","ปกติ","ไม่สามารถเข้าส่งได้ น้ำท่วมสูงในพื้นที่","16201","อังคาร","B2B","สาขากรุงเทพกรีฑา","3671 หมู่บ้าน ลาดพร้าว ซ.โยธินพัฒนา 11 แยก 7 ถ.ประดิษฐ์มนูธรรม  แขวงคลองจั่น เขตบางกะปิ กรุงเทพฯ 10240","13.8058,100.62689999999999",13.8058,100.62689999999999,"บางกะปิ","รอน้ำลด","","ยังส่งไม่ได้",false,"","",""
756,"184373","กัญฐณา","2026-09-29T12:44:00+07:00","ปกติ","ไม่สามารถเข้าส่งได้ น้ำท่วมสูงในพื้นที่","16305","อังคาร","B2C","สาขากรุงเทพกรีฑา","31/46 หมู่บ้านกฤษณาไพรเวทซิตี้ ถ.กรุงเทพกรีฑา แขวงทับช้าง เขตสะพานสูง กรุงเทพฯ 10250","13.74569911,100.66975155",13.74569911,100.66975155,"สะพานสูง","รอน้ำลด","","ยังส่งไม่ได้",false,"","",""
757,"184583","เค ลิงซ์ อินเตอร์เนชั่นแนล จำกัด","2026-09-29T12:44:00+07:00","ปกติ","ไม่สามารถเข้าส่งได้ น้ำท่วมสูงในพื้นที่","16204","อังคาร","B2B","สาขากรุงเทพกรีฑา","15 ซอยโพธิ์แก้ว3 แยก19  แขวงคลองจั่น เขตบางกะปิ จ.กรุงเทพฯ 10240","13.809879999999998,100.63031000000001",13.809879999999998,100.63031000000001,"บางกะปิ","รอน้ำลด","","ยังส่งไม่ได้",false,"","",""
758,"185287","คมสัน","2026-09-29T09:17:00+07:00","โอนงานสิ้นวัน","ไม่สามารถเข้าส่งได้ เกิดข้อผิดพลาด (เลื่อนวันที่ส่ง)","16308","เสาร์","B2C","สาขากรุงเทพกรีฑา","9/92 หมู่บ้านเคซี เนเชอรัลซิตี้ รามคำแหง ถ.กาญจนาภิเษก แขวงราษฎร์พัฒนา เขตสะพานสูง กรุงเทพ 10250","13.77502251,100.69514043",13.77502251,100.69514043,"สะพานสูง","รอน้ำลด","","ยังส่งไม่ได้",true,"สถาพร นนท์เข็มพรหม","26/09/2026","ผู้ทำรายการ:สถาพร นนท์เข็มพรหม;โอนงานมาจากวันที่:26/09/2026"
759,"185287/1","คมสัน","2026-09-29T12:46:00+07:00","ปกติ","ไม่สามารถเข้าส่งได้ น้ำท่วมสูงในพื้นที่","16305","อังคาร","B2C","สาขากรุงเทพกรีฑา"," 52/193 (เป็นทาวเฮาส์ 3 ชั้น) ถ.กรุงเทพ-กรีฑา ซอย 15 แขวงสะพานสูง เขตสะพานสูง จ.กรุงเทพฯ 10240","13.746609999999999,100.66999",13.746609999999999,100.66999,"สะพานสูง","รอน้ำลด","","ยังส่งไม่ได้",false,"","",""
760,"186841","ย่ง อินเตอร์เทรด จำกัด (สำนักงานใหญ่)","2026-09-29T08:26:00+07:00","ปกติ","ไม่สามารถเข้าส่งได้ น้ำท่วมสูงในพื้นที่","16301","อังคาร","B2B","สาขากรุงเทพกรีฑา","51/151 ซ.รามคำแหง 96 ถ.รามคำแหง แขวงสะพานสูง เขตสะพานสูง จ.กรุงเทพฯ 10240","13.77300652,100.66918221",13.77300652,100.66918221,"สะพานสูง","รอน้ำลด","","ยังส่งไม่ได้",false,"","",""
761,"187220/1","ชญาภา เหล็กศิริ","2026-09-29T10:44:00+07:00","โอนงานสิ้นวัน","ไม่สามารถเข้าส่งได้ น้ำท่วมสูงในพื้นที่","16306","เสาร์","B2C","สาขากรุงเทพกรีฑา","3/445 โครงการโชคชัยปัญจทรัพย์ ถ.รามคำแหง 184 แขวงมีนบุรี เขตมีนบุรี จ.กรุงเทพฯ 10510","13.786308333333332,100.73079666666666",13.786308333333332,100.73079666666666,"มีนบุรี","รอน้ำลด","","ยังส่งไม่ได้",true,"วุฒิชัย จีปน","26/09/2026","ผู้ทำรายการ:วุฒิชัย จีปน;โอนงานมาจากวันที่:26/09/2026"
762,"187339","ชยพล","2026-09-29T12:07:00+07:00","ปกติ","ไม่สามารถเข้าส่งได้ น้ำท่วมสูงในพื้นที่","16306","อังคาร","B2C","สาขากรุงเทพกรีฑา","98/26 หมู่บ้าน ดิ อิเธอโน่ รามคำแหง ซ.รามคำแหง 174 ถ.รามคำแหง  แขวงแสนแสบ เขตมีนบุรี จ.กรุงเทพฯ 10510","13.792924999999999,100.72052000000001",13.792924999999999,100.72052000000001,"มีนบุรี","รอน้ำลด","","ยังส่งไม่ได้",false,"","",""
763,"187587","เศรษฐพงศ์","2026-09-29T19:47:00+07:00","โอนงานสิ้นวัน","ไม่สามารถเข้าส่งได้ น้ำท่วมสูงในพื้นที่","16103","เสาร์","B2C","สาขากรุงเทพกรีฑา","289/25 หมู่บ้านสิริเฮ้าส์ รัชดา 18 ถ.ลาดพร้าว 80 แยก 22 แขวงวังทองหลาง เขตวังทองหลาง จ.กรุงเทพฯ 10310","13.78107707,100.59645184",13.78107707,100.59645184,"วังทองหลาง","รอน้ำลด","","ยังส่งไม่ได้",true,"สถาพร นนท์เข็มพรหม","26/09/2026","ผู้ทำรายการ:สถาพร นนท์เข็มพรหม;โอนงานมาจากวันที่:26/09/2026"
764,"188355","ศิริรัตน์","2026-09-29T12:26:00+07:00","เสริมน้ำ ตรงรอบ","ไม่สามารถเข้าส่งได้ น้ำท่วมสูงในพื้นที่","16306","อังคาร","B2C","สาขากรุงเทพกรีฑา","50/200 หมู่บ้าน เพอร์เฟค เพลส2 ซ.รามคำแหง174  แขวงมีนบุรี เขตมีนบุรี จ.กรุงเทพฯ 10510","13.786219999999998,100.72097166666666",13.786219999999998,100.72097166666666,"มีนบุรี","รอน้ำลด","","ยังส่งไม่ได้",false,"","",""
765,"188749","อรุณพร","2026-09-29T12:02:00+07:00","ปกติ","ไม่สามารถเข้าส่งได้ น้ำท่วมสูงในพื้นที่","16201","อังคาร","B2C","สาขากรุงเทพกรีฑา","55/43 หมู่บ้านไพรเวท เนอวานา เรสสิเดนซ์ อีส ซ.โยธินพัฒนา 11แยก 7  ถ.ประดิษฐ์มนูธรรม แขวงคลองจั่น เขตบางกะปิ จ.กรุงเทพฯ 10240","13.807628333333332,100.62694833333335",13.807628333333332,100.62694833333335,"บางกะปิ","รอน้ำลด","","ยังส่งไม่ได้",false,"","",""
766,"190740","รสิตา","2026-09-29T08:21:00+07:00","โอนงานสิ้นวัน","ไม่สามารถเข้าส่งได้ น้ำท่วมสูงในพื้นที่","16302","เสาร์","B2C","สาขากรุงเทพกรีฑา","100 หมู่บ้านสินธร ถ.แฮปปี้แลนด์ แขวงคลองจั่น เขตบางกะปิ จ.กรุงเทพฯ 10240","13.78337282,100.6380477",13.78337282,100.6380477,"บางกะปิ","รอน้ำลด","","ยังส่งไม่ได้",true,"วุฒิชัย จีปน","26/09/2026","ผู้ทำรายการ:วุฒิชัย จีปน;โอนงานมาจากวันที่:26/09/2026"
767,"190918","ทำน้อยได้มาก จำกัด (สำนักงานใหญ่)","2026-09-29T12:02:00+07:00","โอนงานสิ้นวัน","ไม่สามารถเข้าส่งได้ น้ำท่วมสูงในพื้นที่","16204","เสาร์","B2B","สาขากรุงเทพกรีฑา","113/3 ซ.ลาดพร้าว 101 ซ.48 (บ่อปลา) ถ.ลาดพร้าว แขวงคลองจั่น เขตบางกะปิ จ.กรุงเทพฯ 10240","13.79686286,100.63862967",13.79686286,100.63862967,"บางกะปิ","รอน้ำลด","","ยังส่งไม่ได้",true,"จิรวัฒน์ สัยนิถี","28/09/2026","ผู้ทำรายการ:จิรวัฒน์ สัยนิถี;โอนงานมาจากวันที่:28/09/2026"
768,"193410","ไมโกะ","2026-09-29T09:56:00+07:00","เสริมน้ำ ตรงรอบ","ไม่สามารถเข้าส่งได้ เกิดข้อผิดพลาด (เลื่อนวันที่ส่ง)","16304","อังคาร","B2C","สาขากรุงเทพกรีฑา","14/57 Elite Residence ศรีนครินทร์ ซอย 5 ถ.ศรีนครินทร์  แขวงหัวหมาก เขตบางกะปิ จ.กรุงเทพฯ 10240","13.747721666666667,100.64633",13.747721666666667,100.64633,"บางกะปิ","รอน้ำลด","","ยังส่งไม่ได้",false,"","",""
769,"194329","ฟิต-สเตจ จำกัด","2026-09-29T12:04:00+07:00","ปกติ","ไม่สามารถเข้าส่งได้ น้ำท่วมสูงในพื้นที่","16201","อังคาร","B2B","สาขากรุงเทพกรีฑา","95 ซ.โยธินพัฒนา 11 แยก 7 แขวงคลองจั่น เขตบางกะปิ จ.กรุงเทพฯ 10240","13.805939999999998,100.62490333333332",13.805939999999998,100.62490333333332,"บางกะปิ","รอน้ำลด","","ยังส่งไม่ได้",false,"","",""
770,"19690","LYNN SHANE","2026-09-29T09:52:00+07:00","ปกติ","ไม่สามารถเข้าส่งได้ น้ำท่วมสูงในพื้นที่","16304","อังคาร","B2C","สาขากรุงเทพกรีฑา","10/13 LE CELESTE CONDOMINIUM, SRINAKARIN SOI 5 (LAMSALI 1) SRINAKARIN RD., HUAMAK, BANGKAPI, BANGKOK 10240","13.748448333333332,100.64571333333333",13.748448333333332,100.64571333333333,"","รอน้ำลด","","ยังส่งไม่ได้",false,"","",""
771,"197152","วราภรณ์","2026-09-29T08:16:00+07:00","โอนงานสิ้นวัน","ไม่สามารถเข้าส่งได้ น้ำท่วมสูงในพื้นที่","16302","เสาร์","B2C","สาขากรุงเทพกรีฑา","1025 หมู่บ้านสินธร ซอย14 ถนนแฮปปี้แลนด์  แขวงคลองจั่น เขตบางกะปิ จ.กรุงเทพฯ 10240","13.78347209,100.63982922",13.78347209,100.63982922,"บางกะปิ","รอน้ำลด","","ยังส่งไม่ได้",true,"วุฒิชัย จีปน","26/09/2026","ผู้ทำรายการ:วุฒิชัย จีปน;โอนงานมาจากวันที่:26/09/2026"
772,"197606","วีรศักดิ์","2026-09-29T09:15:00+07:00","โอนงานสิ้นวัน","ไม่สามารถเข้าส่งได้ น้ำท่วมสูงในพื้นที่","16308","เสาร์","B2C","สาขากรุงเทพกรีฑา","9/203 หมู่บ้านเคซีเนเชอรัลซิตี้ รามคำแหง ซ.7 ถ.กาญจนาภิเษก ถ.เลียบวงแหวนฯ แขวงสะพานสูง เขตสะพานสูง จ.กรุงเทพฯ 10240","13.77430328,100.69189324",13.77430328,100.69189324,"สะพานสูง","รอน้ำลด","","ยังส่งไม่ได้",true,"จิรวัฒน์ สัยนิถี","28/09/2026","ผู้ทำรายการ:จิรวัฒน์ สัยนิถี;โอนงานมาจากวันที่:28/09/2026"
773,"197967","จุรีพร","2026-09-29T12:02:00+07:00","โอนงานสิ้นวัน","ไม่สามารถเข้าส่งได้ น้ำท่วมสูงในพื้นที่","16204","เสาร์","B2C","สาขากรุงเทพกรีฑา","19/29 หมู่บ้านสินสุขโพธิ์แก้ว ซอย 2  แขวงคลองจั่น เขตบางกะปิ จ.กรุงเทพฯ 10240","13.79790469,100.63623628",13.79790469,100.63623628,"บางกะปิ","รอน้ำลด","","ยังส่งไม่ได้",true,"สถาพร นนท์เข็มพรหม","26/09/2026","ผู้ทำรายการ:สถาพร นนท์เข็มพรหม;โอนงานมาจากวันที่:26/09/2026"
774,"198321","พัชราภรณ์","2026-09-29T12:03:00+07:00","ปกติ","ไม่สามารถเข้าส่งได้ น้ำท่วมสูงในพื้นที่","16201","อังคาร","B2C","สาขากรุงเทพกรีฑา","45/20  ไพรเวท เนอวานา เรสซิเดนซ์ นอร์ท ซ.โยธินพัฒนา11แยก7  ถ.โยธินพัฒนา แขวงคลองจั่น เขตบางกะปิ กรุงเทพฯ 10240 ","13.806576666666668,100.62322999999999",13.806576666666668,100.62322999999999,"บางกะปิ","รอน้ำลด","","ยังส่งไม่ได้",false,"","",""
775,"198734","สมเกียรติ หอมละออ","2026-09-29T12:02:00+07:00","โอนงานสิ้นวัน","ไม่สามารถเข้าส่งได้ น้ำท่วมสูงในพื้นที่","16204","เสาร์","B2C","สาขากรุงเทพกรีฑา","90/16 หมู่บ้านทาวน์พลัส ลาดพร้าว 101 ซ.โพธิ์แก้ว ซ. 2  แขวงคลองจั่น เขตบางกะปิ จ.กรุงเทพฯ 10240","13.797115,100.63258333333333",13.797115,100.63258333333333,"บางกะปิ","รอน้ำลด","","ยังส่งไม่ได้",true,"วีรวัฒน์ อุดมทรัพย์","28/09/2026","ผู้ทำรายการ:วีรวัฒน์ อุดมทรัพย์;โอนงานมาจากวันที่:28/09/2026"
776,"199125","อัฐพรรณการบัญชี","2026-09-29T11:58:00+07:00","ปกติ","ไม่สามารถเข้าส่งได้ น้ำท่วมสูงในพื้นที่","16306","อังคาร","B2B","สาขากรุงเทพกรีฑา","18/38 ซ.รามคำแหง 174  แขวงมีนบุรี เขตมีนบุรี จ.กรุงเทพฯ 10510","13.792526666666667,100.72131666666668",13.792526666666667,100.72131666666668,"มีนบุรี","รอน้ำลด","","ยังส่งไม่ได้",false,"","",""
777,"199268","อาภากร","2026-09-29T08:30:00+07:00","โอนงานสิ้นวัน","ไม่สามารถเข้าส่งได้ น้ำท่วมสูงในพื้นที่","16302","เสาร์","B2C","สาขากรุงเทพกรีฑา","471 หมู่บ้านฉัตรแก้ว ซ.15 ถ.นวมินทร์ แขวงคลองจั่น เขตบางกะปิ จ.กรุงเทพฯ 10240","13.785951666666666,100.64243833333333",13.785951666666666,100.64243833333333,"บางกะปิ","รอน้ำลด","","ยังส่งไม่ได้",true,"จิรวัฒน์ สัยนิถี","28/09/2026","ผู้ทำรายการ:จิรวัฒน์ สัยนิถี;โอนงานมาจากวันที่:28/09/2026"
778,"199282","นพ","2026-09-29T12:12:00+07:00","ปกติ","ไม่สามารถเข้าส่งได้ เกิดข้อผิดพลาด (เลื่อนวันที่ส่ง)","16306","อังคาร","B2C","สาขากรุงเทพกรีฑา","50/189 หมู่บ้านเพอร์เฟค เพลส 2 ซ.รามคำแหง 174 ถ.รามคำแหง แขวงมีนบุรี เขตมีนบุรี จ.กรุงเทพฯ 10510","13.786534999999999,100.72144166666666",13.786534999999999,100.72144166666666,"มีนบุรี","รอน้ำลด","","ยังส่งไม่ได้",false,"","",""
779,"201088","ALAN","2026-09-29T12:09:00+07:00","ปกติ","ไม่สามารถเข้าส่งได้ น้ำท่วมสูงในพื้นที่","16201","อังคาร","B2C","สาขากรุงเทพกรีฑา","BAAN LAT PHRAO 1, HOUSE 3679, SOI YOTHINPATANA, 11 YEAK 7,  KHLONG CHAN BANG KAPI BANGKOK 10240","13.805106666666665,100.62629166666666",13.805106666666665,100.62629166666666,"","รอน้ำลด","","ยังส่งไม่ได้",false,"","",""
780,"201185","อรนุช","2026-09-29T12:50:00+07:00","ปกติ","ไม่สามารถเข้าส่งได้ น้ำท่วมสูงในพื้นที่","16305","อังคาร","B2C","สาขากรุงเทพกรีฑา","52/33  ซ.กรุงเทพกรีฑา 15 ถ.กรุงเทพกรีฑา แขวงทับช้าง เขตสะพานสูง กรุงเทพฯ 10250","13.74636922,100.66739949",13.74636922,100.66739949,"สะพานสูง","รอน้ำลด","","ยังส่งไม่ได้",false,"","",""
781,"201289/1","กาญณรงค์ กรุ๊ป จำกัด","2026-09-29T11:58:00+07:00","เสริมน้ำ ตรงรอบ","ไม่สามารถเข้าส่งได้ น้ำท่วมสูงในพื้นที่","16204","อังคาร","B2B","สาขากรุงเทพกรีฑา","22/55    ซอยโพธิ์แก้ว 3 แยก 19 แขวงคลองจั่น เขตบางกะปิ จ.กรุงเทพฯ 10240","13.809855,100.63056999999999",13.809855,100.63056999999999,"บางกะปิ","รอน้ำลด","","ยังส่งไม่ได้",false,"","",""
782,"202210","ชัยยะ","2026-09-29T12:03:00+07:00","โอนงานสิ้นวัน","ไม่สามารถเข้าส่งได้ น้ำท่วมสูงในพื้นที่","16204","เสาร์","B2C","สาขากรุงเทพกรีฑา","47 ซ.48 บ่อปลา ถ.ลาดพร้าว 101 แขวงคลองจั่น เขตบางกะปิ จ.กรุงเทพฯ 10240","13.79592951,100.63452374",13.79592951,100.63452374,"บางกะปิ","รอน้ำลด","","ยังส่งไม่ได้",true,"จิรวัฒน์ สัยนิถี","28/09/2026","ผู้ทำรายการ:จิรวัฒน์ สัยนิถี;โอนงานมาจากวันที่:28/09/2026"
783,"202518","ศศิธร","2026-09-29T08:17:00+07:00","โอนงานสิ้นวัน","ไม่สามารถเข้าส่งได้ น้ำท่วมสูงในพื้นที่","16302","เสาร์","B2C","สาขากรุงเทพกรีฑา","111-112 หมู่บ้านสินธร ซ.17 ถ.แฮปปี้แลนด์  แขวงคลองจั่น เขตบางกะปิ จ.กรุงเทพฯ 10240","13.78374393,100.63791179",13.78374393,100.63791179,"บางกะปิ","รอน้ำลด","","ยังส่งไม่ได้",true,"สถาพร นนท์เข็มพรหม","26/09/2026","ผู้ทำรายการ:สถาพร นนท์เข็มพรหม;โอนงานมาจากวันที่:26/09/2026"
784,"202646","ชายชาญ","2026-09-29T12:08:00+07:00","ปกติ","ไม่สามารถเข้าส่งได้ น้ำท่วมสูงในพื้นที่","16306","อังคาร","B2C","สาขากรุงเทพกรีฑา","18/36 หมู่บ้านนิรันดร์ อเวนิว ซ.รามคำแหง 174 ถ.รามคำแหง แขวงมีนบุรี เขตมีนบุรี จ.กรุงเทพฯ 10510","13.792531666666665,100.72138666666666",13.792531666666665,100.72138666666666,"มีนบุรี","รอน้ำลด","","ยังส่งไม่ได้",false,"","",""
785,"202756","จิฎากาญจน์","2026-09-29T14:34:00+07:00","โอนงานสิ้นวัน","ไม่สามารถเข้าส่งได้ น้ำท่วมสูงในพื้นที่","16203","เสาร์","B2C","สาขากรุงเทพกรีฑา","2102/163 หมู่บ้านเดชา หัวหมาก ซ.26/1 ถ.รามคำเหง แขวงหัวหมาก เขตบางกะปิ จ.กรุงเทพฯ 10240","13.7556538,100.63172195",13.7556538,100.63172195,"บางกะปิ","รอน้ำลด","","ยังส่งไม่ได้",true,"วีรวัฒน์ อุดมทรัพย์","28/09/2026","ผู้ทำรายการ:วีรวัฒน์ อุดมทรัพย์;โอนงานมาจากวันที่:28/09/2026"
786,"203146","กฤษดาพร","2026-09-29T17:05:00+07:00","โอนงานสิ้นวัน","ไม่สามารถเข้าส่งได้ น้ำท่วมสูงในพื้นที่","16303","เสาร์","B2C","สาขากรุงเทพกรีฑา","บ้านเลขที่ 3 ซ.รามคำแหง 58/3 แยก 1 ถ.รามคำแหง แขวงหัวหมาก เขตบางกะปิ จ.กรุงเทพฯ 10240","13.7571798,100.6484425",13.7571798,100.6484425,"บางกะปิ","รอน้ำลด","","ยังส่งไม่ได้",true,"วุฒิชัย จีปน","26/09/2026","ผู้ทำรายการ:วุฒิชัย จีปน;โอนงานมาจากวันที่:26/09/2026"
787,"203858","ฉายอรุณ","2026-09-29T10:38:00+07:00","โอนงานสิ้นวัน","ไม่สามารถเข้าส่งได้ น้ำท่วมสูงในพื้นที่","16305","เสาร์","B2C","สาขากรุงเทพกรีฑา","69/84 หมู่บ้าน นาราสิริ กรุงเทพกรีฑา ซ.ประชาร่วมใจ ถ.ศรีนครินทร์ ร่มเกล้า  แขวงหัวหมาก เขตบางกะปิ จ.กรุงเทพฯ 10240","13.758086666666667,100.662705",13.758086666666667,100.662705,"บางกะปิ","รอน้ำลด","","ยังส่งไม่ได้",true,"จิรวัฒน์ สัยนิถี","28/09/2026","ผู้ทำรายการ:จิรวัฒน์ สัยนิถี;โอนงานมาจากวันที่:28/09/2026"
788,"204492","เรณู","2026-09-29T12:03:00+07:00","โอนงานสิ้นวัน","ไม่สามารถเข้าส่งได้ เกิดข้อผิดพลาด (เลื่อนวันที่ส่ง)","16204","เสาร์","B2C","สาขากรุงเทพกรีฑา","3408/8 จารุเวชแมนชั่น ลาดพร้าว 101  แยก48  แขวงคลองจั่น เขตบางกะปิ จ.กรุงเทพฯ 10240","13.79569114,100.63232466",13.79569114,100.63232466,"บางกะปิ","รอน้ำลด","","ยังส่งไม่ได้",true,"สถาพร นนท์เข็มพรหม","26/09/2026","ผู้ทำรายการ:สถาพร นนท์เข็มพรหม;โอนงานมาจากวันที่:26/09/2026"
789,"205012","รุ่งนภา","2026-09-29T12:00:00+07:00","ตามน้ำ","ไม่สามารถเข้าส่งได้ น้ำท่วมสูงในพื้นที่","16204","เสาร์","B2C","สาขากรุงเทพกรีฑา","25/749 นิรันดร์คอนโด ตึกD ซ.ลาดพร้าว 101 แยก 36 แขวงคลองจั่น เขตบางกะปิ จ.กรุงเทพฯ 10240","13.78398347,100.63057628",13.78398347,100.63057628,"บางกะปิ","รอน้ำลด","","ยังส่งไม่ได้",false,"","",""
790,"205941","สมเกียรติ","2026-09-29T12:09:00+07:00","ปกติ","ไม่สามารถเข้าส่งได้ น้ำท่วมสูงในพื้นที่","16201","อังคาร","B2C","สาขากรุงเทพกรีฑา","3685 หมู่บ้านลาดพร้าว โครงการ1 ซ.โยธินพัฒนา 11 แยก 7  แขวงคลองจั่น เขตบางกะปิ จ.กรุงเทพฯ 10240","13.804905,100.626765",13.804905,100.626765,"บางกะปิ","รอน้ำลด","","ยังส่งไม่ได้",false,"","",""
791,"205960","PRAKARN","2026-09-29T12:44:00+07:00","ปกติ","ไม่สามารถเข้าส่งได้ น้ำท่วมสูงในพื้นที่","16204","อังคาร","B2C","สาขากรุงเทพกรีฑา","50/21 หมุ่บ้าน ไพรเวท เนอวานา ธรู เอกมัย-รามอินทรา ซ.โพธิ์แก้ว 3 แยก 17  แขวงคลองจั่น เขตบางกะปิ กรุงเทพฯ 10240","13.8086107,100.6284745",13.8086107,100.6284745,"บางกะปิ","รอน้ำลด","","ยังส่งไม่ได้",false,"","",""
792,"207626","วิรียา","2026-09-29T15:36:00+07:00","ปกติ","ไม่สามารถเข้าส่งได้ น้ำท่วมสูงในพื้นที่","16308","อังคาร","B2C","สาขากรุงเทพกรีฑา","100/393 ศิรินเทพ 9 ซ.ราษฎร์พัฒนา 14 ถ.ราษฎร์พัฒนา แขวงราษฎร์พัฒนา เขตสะพานสูง กรุงเทพฯ 10240","13.77385833,100.70340363",13.77385833,100.70340363,"สะพานสูง","รอน้ำลด","","ยังส่งไม่ได้",false,"","",""
793,"208071","ทูบี บิลท์","2026-09-29T09:52:00+07:00","ปกติ","ไม่สามารถเข้าส่งได้ น้ำท่วมสูงในพื้นที่","16304","อังคาร","B2B","สาขากรุงเทพกรีฑา","เลขที่ 14 ซ.ศรีนครินทร์ 7 (ลำสาลี 2)  แขวงหัวหมาก เขตบางกะปิ จ.กรุงเทพฯ 10240","13.74719411,100.64646006",13.74719411,100.64646006,"บางกะปิ","รอน้ำลด","","ยังส่งไม่ได้",false,"","",""
794,"209109","เลมอนพลาซ่ากรุ๊ป จำกัด","2026-09-29T12:45:00+07:00","ปกติ","ไม่สามารถเข้าส่งได้ น้ำท่วมสูงในพื้นที่","16305","อังคาร","B2B","สาขากรุงเทพกรีฑา","31/31 หมู่บ้านกฤษณาไพรเวทซิตี้  ถ.กรุงเทพกรีฑา แขวงทับช้าง เขตสะพานสูง จ.กรุงเทพฯ 10250","13.74585059,100.66919777",13.74585059,100.66919777,"สะพานสูง","รอน้ำลด","","ยังส่งไม่ได้",false,"","",""
795,"21028","กิตติชัย พิศาลวงศ์วาน","2026-09-29T12:10:00+07:00","ปกติ","ไม่สามารถเข้าส่งได้ น้ำท่วมสูงในพื้นที่","16201","อังคาร","B2C","สาขากรุงเทพกรีฑา","3821 หมู่บ้านลาดพร้าว ซ.9/2 ซ.ลาดพร้าว 101 ถ.ลาดพร้าว แขวงวังทองหลาง เขตวังทองหลาง กรุงเทพฯ 10310","13.8061008,100.6305867",13.8061008,100.6305867,"วังทองหลาง","รอน้ำลด","","ยังส่งไม่ได้",false,"","",""
796,"21036","อนิษา มุ่งประสิทธิชัย","2026-09-29T12:07:00+07:00","ปกติ","ไม่สามารถเข้าส่งได้ น้ำท่วมสูงในพื้นที่","16201","อังคาร","B2C","สาขากรุงเทพกรีฑา","3639 หมู่บ้านลาดพร้าว ถ.ลาดพร้าว แขวงคลองจั่น เขตบางกะปิ กรุงเทพฯ 10240","13.8067134,100.6279322",13.8067134,100.6279322,"บางกะปิ","รอน้ำลด","","ยังส่งไม่ได้",false,"","",""
797,"210412","BLADE","2026-09-29T14:00:00+07:00","โอนงานสิ้นวัน","ไม่สามารถเข้าส่งได้ น้ำท่วมสูงในพื้นที่","16308","เสาร์","B2C","สาขากรุงเทพกรีฑา","335/10 FOURWINGS RESIDENCE CONDOMINIUM, UNIT 702A, FLOOR 7, HUA MAK BANG KAPI BANGKOK 10240","13.754573333333333,100.64691166666668",13.754573333333333,100.64691166666668,"","รอน้ำลด","","ยังส่งไม่ได้",true,"จิรวัฒน์ สัยนิถี","28/09/2026","ผู้ทำรายการ:จิรวัฒน์ สัยนิถี;โอนงานมาจากวันที่:28/09/2026"
798,"211137","ปารัช ไพศาลวานิชย์","2026-09-29T12:03:00+07:00","โอนงานสิ้นวัน","ไม่สามารถเข้าส่งได้ เกิดข้อผิดพลาด (เลื่อนวันที่ส่ง)","16204","เสาร์","B2C","สาขากรุงเทพกรีฑา","19/169 หมู่บ้าน สินสุข โพธิ์แก้ว ซ.โพธิ์แก้ว 4 ถ.โพธิ์แก้ว  แขวงคลองจั่น เขตบางกะปิ จ.กรุงเทพฯ 10240","13.797938333333331,100.63604666666667",13.797938333333331,100.63604666666667,"บางกะปิ","รอน้ำลด","","ยังส่งไม่ได้",true,"สถาพร นนท์เข็มพรหม","26/09/2026","ผู้ทำรายการ:สถาพร นนท์เข็มพรหม;โอนงานมาจากวันที่:26/09/2026"
799,"21221/11","เดอะ เคอี กรุ๊ป จำกัด","2026-09-29T12:20:00+07:00","ปกติ","ไม่สามารถเข้าส่งได้ น้ำท่วมสูงในพื้นที่","16201","อังคาร","B2B","สาขากรุงเทพกรีฑา","โครงการคริสตัลดีไซน์เซ็นเตอร์ แผนก BANQUET ชั้น 2 ห้อง CDCบอรูม ถ.ประดิษฐ์มนูธรรม แขวงคลองจั่น เขตบางกะปิ กรุงเทพฯ 10240","13.8047713,100.61896527",13.8047713,100.61896527,"บางกะปิ","รอน้ำลด","","ยังส่งไม่ได้",false,"","",""
800,"21221/26","เดอะ เคอี กรุ๊ป จำกัด","2026-09-29T12:16:00+07:00","ปกติ","ไม่สามารถเข้าส่งได้ น้ำท่วมสูงในพื้นที่","16201","อังคาร","B2B","สาขากรุงเทพกรีฑา","888 CDC อาคารคลังสินค้า N (LTL)  ถ.ประดิษฐ์มนูธรรม แขวงคลองจั่น เขตบางกะปิ กรุงเทพฯ 10240","13.801855,100.61748166666666",13.801855,100.61748166666666,"บางกะปิ","รอน้ำลด","","ยังส่งไม่ได้",false,"","",""
801,"21221/31","เดอะ เคอี กรุ๊ป จำกัด","2026-09-29T12:19:00+07:00","ปกติ","ไม่สามารถเข้าส่งได้ น้ำท่วมสูงในพื้นที่","16201","อังคาร","B2B","สาขากรุงเทพกรีฑา","888 อาคารโครงการคริสตัลดีไซน์เซ็นเตอร์ อาคาร F ห้อง Smart City ชั้น2 ฝั่งบรรไดเลื่อนลง ถ.ประดิษฐ์มนูธรรม แขวงคลองจั่น เขตบางกะปิ จ.กรุงเทพฯ 10240","13.804692,100.6188902",13.804692,100.6188902,"บางกะปิ","รอน้ำลด","","ยังส่งไม่ได้",false,"","",""
802,"21221/32","เดอะ เคอี กรุ๊ป จำกัด","2026-09-29T12:15:00+07:00","ปกติ","ไม่สามารถเข้าส่งได้ น้ำท่วมสูงในพื้นที่","16201","อังคาร","B2B","สาขากรุงเทพกรีฑา","อาคาร K5 เลขที่ 888 ถนนประดิษฐ์มนูธรรม แขวงคลองจั่น เขตบางกะปิ จ.กรุงเทพฯ 10240","13.802088333333332,100.61890999999999",13.802088333333332,100.61890999999999,"บางกะปิ","รอน้ำลด","","ยังส่งไม่ได้",false,"","",""
803,"21221/33","เดอะ เคอี กรุ๊ป จำกัด","2026-09-29T12:17:00+07:00","ปกติ","ไม่สามารถเข้าส่งได้ น้ำท่วมสูงในพื้นที่","16201","อังคาร","B2B","สาขากรุงเทพกรีฑา","อาคาร D ชั้น1 หน้าร้าน Crystal home 888 ถนนประดิษฐ์มนูธรรม  แขวงคลองจั่น เขตบางกะปิ กรุงเทพมหานคร 10240","13.804233333333332,100.617375",13.804233333333332,100.617375,"บางกะปิ","รอน้ำลด","","ยังส่งไม่ได้",false,"","",""
804,"21221/4","เดอะ เคอี กรุ๊ป จำกัด","2026-09-29T12:19:00+07:00","ปกติ","ไม่สามารถเข้าส่งได้ น้ำท่วมสูงในพื้นที่","16201","อังคาร","B2B","สาขากรุงเทพกรีฑา","888 อ.โครงการคริสตัลดีไซน์เซ็นเตอร์ แผนก Handyman Service ชั้น2 ฝั่งบรรไดเลื่อนขึ้น  ถ.ประดิษฐ์มนูธรรม แขวงคลองจั่น เขตบางกะปิ กรุงเทพฯ 10240","13.8044022,100.6187314",13.8044022,100.6187314,"บางกะปิ","รอน้ำลด","","ยังส่งไม่ได้",false,"","",""
805,"213092","สำนักงาน เค.ที.วาย.คอร์ปอร์เรชั่น จำกัด","2026-09-29T08:24:00+07:00","ปกติ","ไม่สามารถเข้าส่งได้ น้ำท่วมสูงในพื้นที่","16301","อังคาร","B2B","สาขากรุงเทพกรีฑา","48/212 ซ.รามคำแหง 104 ถ.รามคำแหง  แขวงสะพานสูง เขตสะพานสูง จ.กรุงเทพฯ 10240","13.772596666666667,100.67361166666666",13.772596666666667,100.67361166666666,"สะพานสูง","รอน้ำลด","","ยังส่งไม่ได้",false,"","",""
806,"213345","SUN","2026-09-29T09:52:00+07:00","ปกติ","ไม่สามารถเข้าส่งได้ น้ำท่วมสูงในพื้นที่","16304","อังคาร","B2C","สาขากรุงเทพกรีฑา","ELITE RESIDENCE FL#2 RM#14/15 SOI SRINAKARIN 5 HUA MAK BANG KAPI BANGKOK 10240","13.74786,100.64616166666669",13.74786,100.64616166666669,"","รอน้ำลด","","ยังส่งไม่ได้",false,"","",""
807,"213440","อุริสรา","2026-09-29T12:12:00+07:00","ปกติ","ไม่สามารถเข้าส่งได้ น้ำท่วมสูงในพื้นที่","16201","อังคาร","B2C","สาขากรุงเทพกรีฑา","3953 หมู่บ้าน ลาดพร้าวโครงการ 1 ซ.โยธินพัฒนา 11 แยก 7  แขวงคลองจั่น เขตบางกะปิ จ.กรุงเทพฯ 10240","13.804459999999999,100.62682833333335",13.804459999999999,100.62682833333335,"บางกะปิ","รอน้ำลด","","ยังส่งไม่ได้",false,"","",""
808,"21468","สิทธารมย์ จำกัด","2026-09-29T12:46:00+07:00","ปกติ","ไม่สามารถเข้าส่งได้ เกิดข้อผิดพลาด (เลื่อนวันที่ส่ง)","16204","อังคาร, พฤหัสบดี","B2B","สาขากรุงเทพกรีฑา"," 1/23 ซ.โพแก้ว3แยก18 แขวงคลองจั่น เขตบางกะปิ กรุงเทพฯ 10240","13.80533,100.63290833333333",13.80533,100.63290833333333,"บางกะปิ","รอน้ำลด","","ยังส่งไม่ได้",false,"","",""
809,"215328","วิลารักษ์ นุชนวล","2026-09-29T12:04:00+07:00","โอนงานสิ้นวัน","ไม่สามารถเข้าส่งได้ น้ำท่วมสูงในพื้นที่","16204","เสาร์","B2C","สาขากรุงเทพกรีฑา","50 ซ.ลาดพร้าว 101 ซ.บ่อปลา 48 แยก 1 ถ.ลาดพร้าว แขวงคลองจั่น เขตบางกะปิ จ.กรุงเทพฯ 10240","13.796684999999998,100.63682500000002",13.796684999999998,100.63682500000002,"บางกะปิ","รอน้ำลด","","ยังส่งไม่ได้",true,"ฤทธิศักดิ์ สระเงินสิงห์","28/09/2026","ผู้ทำรายการ:ฤทธิศักดิ์ สระเงินสิงห์;โอนงานมาจากวันที่:28/09/2026"
810,"216000","สมบัติ","2026-09-29T12:09:00+07:00","ปกติ","ไม่สามารถเข้าส่งได้ น้ำท่วมสูงในพื้นที่","16306","อังคาร","B2C","สาขากรุงเทพกรีฑา","50/27 หมู่บ้าน เพอร์เฟคเพลส 2 ซ.ย่อย 4/2 ซ.รามคำแหง 174 แขวงมีนบุรี เขตมีนบุรี จ.กรุงเทพฯ 10510","13.785256666666665,100.72006166666667",13.785256666666665,100.72006166666667,"มีนบุรี","รอน้ำลด","","ยังส่งไม่ได้",false,"","",""
811,"216149","สมยศ","2026-09-29T12:05:00+07:00","โอนงานสิ้นวัน","ไม่สามารถเข้าส่งได้ น้ำท่วมสูงในพื้นที่","16204","เสาร์","B2C","สาขากรุงเทพกรีฑา","76/2 ซ.ลาดพร้าว 101แยก 48 (ซ.บ่อปลา) แขวงคลองจั่น เขตบางกะปิ จ.กรุงเทพฯ 10240","13.795836666666666,100.63348833333333",13.795836666666666,100.63348833333333,"บางกะปิ","รอน้ำลด","","ยังส่งไม่ได้",true,"วุฒิชัย จีปน","26/09/2026","ผู้ทำรายการ:วุฒิชัย จีปน;โอนงานมาจากวันที่:26/09/2026"
812,"216879","อิทธิพัทธ์","2026-09-29T12:43:00+07:00","ปกติ","ไม่สามารถเข้าส่งได้ น้ำท่วมสูงในพื้นที่","16204","อังคาร","B2C","สาขากรุงเทพกรีฑา","50/52 หมู่บ้าน ไพรเวทเนอวานา2 ซ.โพธิ์แก้ว 3  แขวงคลองจั่น เขตบางกะปิ จ.กรุงเทพฯ 10240","13.808420000000002,100.62969833333334",13.808420000000002,100.62969833333334,"บางกะปิ","รอน้ำลด","","ยังส่งไม่ได้",false,"","",""
813,"217422/4","ชาติชาย แซ่เหอ","2026-09-29T10:34:00+07:00","โอนงานสิ้นวัน","ไม่สามารถเข้าส่งได้ น้ำท่วมสูงในพื้นที่","16305","เสาร์","B2C","สาขากรุงเทพกรีฑา","69/47 หมู่บ้าน นาราสิริกรุงเทพกรีฑา ซ. ประชาร่วมใจ แขวงหัวหมาก เขตบางกะปิ จ.กรุงเทพฯ 10240","13.75587,100.665085",13.75587,100.665085,"บางกะปิ","รอน้ำลด","","ยังส่งไม่ได้",true,"สถาพร นนท์เข็มพรหม","26/09/2026","ผู้ทำรายการ:สถาพร นนท์เข็มพรหม;โอนงานมาจากวันที่:26/09/2026"
814,"217788","ทีเอ็มเอฟ โกลบอล โลจิสติกส์ จำกัด","2026-09-29T14:47:00+07:00","ปกติ","ไม่สามารถเข้าส่งได้ น้ำท่วมสูงในพื้นที่","16303","อังคาร","B2B","สาขากรุงเทพกรีฑา","เลขที่ 74 ซ.รามคำแหง 60 (สวนสน)  แขวงหัวหมาก เขตบางกะปิ จ.กรุงเทพฯ 10240","13.757886666666666,100.65035000000002",13.757886666666666,100.65035000000002,"บางกะปิ","รอน้ำลด","","ยังส่งไม่ได้",false,"","",""
815,"219383","ยูเวลเนส อินเตอร์เนชั่นแนล จำกัด","2026-09-29T12:47:00+07:00","ปกติ","ไม่สามารถเข้าส่งได้ น้ำท่วมสูงในพื้นที่","16204","อังคาร","B2B","สาขากรุงเทพกรีฑา","27/3 ซ.โพธิ์แก้ว 3 แยก 13 ถ.ลาดพร้าว แขวงคลองจั่น เขตบางกะปิ จ.กรุงเทพฯ 10240","13.804085000000002,100.62892333333333",13.804085000000002,100.62892333333333,"บางกะปิ","รอน้ำลด","","ยังส่งไม่ได้",false,"","",""
816,"219673","เคเจทีเอ็น เอ็นจิเนียริ่ง จำกัด","2026-09-29T12:17:00+07:00","ปกติ","ไม่สามารถเข้าส่งได้ น้ำท่วมสูงในพื้นที่","16201","อังคาร","B2B","สาขากรุงเทพกรีฑา","โครงการห้างสรรพสินค้าคริสตัล ดีไซน์ เซ็นเตอร์ อาคาร ดี ลีฟท์กระจก ชั้น 3 (สีส้ม) ถ.ประดิษฐ์มนูธรรม แขวงคลองจั่น เขตบางกะปิ จ.กรุงเทพฯ 10240","13.803751666666669,100.61725999999999",13.803751666666669,100.61725999999999,"บางกะปิ","รอน้ำลด","","ยังส่งไม่ได้",false,"","",""
817,"220009","ปาริชาต","2026-09-29T09:52:00+07:00","ปกติ","ไม่สามารถเข้าส่งได้ น้ำท่วมสูงในพื้นที่","16304","อังคาร","B2C","สาขากรุงเทพกรีฑา","517/23 ดิไอริสคอนโดมิเนียม อาคาร H ถ.ศรีนครินทร์ แขวงพัฒนาการ เขตสวนหลวง จ.กรุงเทพฯ 10250","13.744449999999999,100.64339666666667",13.744449999999999,100.64339666666667,"สวนหลวง","รอน้ำลด","","ยังส่งไม่ได้",false,"","",""
818,"220104","นริสา","2026-09-29T14:00:00+07:00","โอนงานสิ้นวัน","ไม่สามารถเข้าส่งได้ เกิดข้อผิดพลาด (เลื่อนวันที่ส่ง)","16308","เสาร์","B2C","สาขากรุงเทพกรีฑา","335/117 คอนโดโฟร์วิงส์ ชั้น 14 ห้อง 1403บี ถ.ศรีนครินทร์ แขวงหัวหมาก เขตบางกะปิ จ.กรุงเทพฯ 10240","13.754011666666667,100.64769166666669",13.754011666666667,100.64769166666669,"บางกะปิ","รอน้ำลด","","ยังส่งไม่ได้",true,"สถาพร นนท์เข็มพรหม","26/09/2026","ผู้ทำรายการ:สถาพร นนท์เข็มพรหม;โอนงานมาจากวันที่:26/09/2026"
819,"223733","หมวย","2026-09-29T15:37:00+07:00","โอนงานสิ้นวัน","ไม่สามารถเข้าส่งได้ น้ำท่วมสูงในพื้นที่","16303","เสาร์","B2C","สาขากรุงเทพกรีฑา","18 ซ.รามคำแหง 58/4  แขวงหัวหมาก เขตบางกะปิ จ.กรุงเทพฯ 10240","13.76233,100.64806500000002",13.76233,100.64806500000002,"บางกะปิ","รอน้ำลด","","ยังส่งไม่ได้",true,"ฤทธิศักดิ์ สระเงินสิงห์","28/09/2026","ผู้ทำรายการ:ฤทธิศักดิ์ สระเงินสิงห์;โอนงานมาจากวันที่:28/09/2026"
820,"224446","บิวราซ จำกัด","2026-09-29T12:12:00+07:00","ปกติ","ไม่สามารถเข้าส่งได้ น้ำท่วมสูงในพื้นที่","16201","อังคาร","B2B","สาขากรุงเทพกรีฑา","1254/8 ARCO HOME OFFICE อาคาร 8 ซ.โยธินพัฒนา 11 ถ.เลียบด่วน เอกมัย รามอินทรา แขวงคลองจั่น เขตบางกะปิ จ.กรุงเทพฯ 10240","13.8059376,100.6197425",13.8059376,100.6197425,"บางกะปิ","รอน้ำลด","","ยังส่งไม่ได้",false,"","",""
821,"225314","พัทธนันท์","2026-09-29T09:56:00+07:00","เสริมน้ำ ตรงรอบ","ไม่สามารถเข้าส่งได้ น้ำท่วมสูงในพื้นที่","16304","อังคาร","B2C","สาขากรุงเทพกรีฑา","507/109 คอนโด ดิไอริส ศรีนครินทร์ ตึก ดี ห้อง ดี614 ถ.ศรีนครินทร์ แขวงพัฒนาการ เขตสวนหลวง จ.กรุงเทพฯ 10250","13.74422,100.64382833333333",13.74422,100.64382833333333,"สวนหลวง","รอน้ำลด","","ยังส่งไม่ได้",false,"","",""
822,"227441","วีพีเอฟ พรีเมี่ยม ฟูดส์ จำกัด","2026-09-29T13:01:00+07:00","เสริมน้ำ นอกรอบ","ไม่สามารถเข้าส่งได้ น้ำท่วมสูงในพื้นที่","16204","อังคาร","B2B","สาขากรุงเทพกรีฑา","56 ซ.โพธิ์แก้ว 3 แยก 19 แขวงคลองจั่น เขตบางกะปิ จ.กรุงเทพฯ 10240","13.809728333333332,100.63032166666666",13.809728333333332,100.63032166666666,"บางกะปิ","รอน้ำลด","","ยังส่งไม่ได้",false,"","",""
823,"227734","เมกะ โซลูชั่น คอนซัลแตนท์ จำกัด","2026-09-29T15:14:00+07:00","โอนงานสิ้นวัน","ไม่สามารถเข้าส่งได้ น้ำท่วมสูงในพื้นที่","16203","เสาร์","B2B","สาขากรุงเทพกรีฑา"," เลขที่ 9 ซ.รามคำแหง 79/2 ถ.รามคำแหง แขวงหัวหมาก เขตบางกะปิ จ.กรุงเทพฯ 10240","13.762528333333334,100.63325333333333",13.762528333333334,100.63325333333333,"บางกะปิ","รอน้ำลด","","ยังส่งไม่ได้",true,"สถาพร นนท์เข็มพรหม","26/09/2026","ผู้ทำรายการ:สถาพร นนท์เข็มพรหม;โอนงานมาจากวันที่:26/09/2026"
824,"228389","JIE","2026-09-29T12:04:00+07:00","ปกติ","ไม่สามารถเข้าส่งได้ น้ำท่วมสูงในพื้นที่","16201","อังคาร","B2C","สาขากรุงเทพกรีฑา","45/34 PRIVATE NIRVANA SOI YOTHINPATTANA 11 YAEK 7,  KHLONG CHAN, BANG KAPI, BANGKOK 10240","13.807213333333333,100.62372166666667",13.807213333333333,100.62372166666667,"","รอน้ำลด","","ยังส่งไม่ได้",false,"","",""
825,"229097","รัตนา","2026-09-29T08:14:00+07:00","โอนงานสิ้นวัน","ไม่สามารถเข้าส่งได้ น้ำท่วมสูงในพื้นที่","16302","เสาร์","B2C","สาขากรุงเทพกรีฑา","366 ซ.21 หมู่บ้านสินธร ถ.แฮปปี้แลนด์ แขวงคลองจั่น เขตบางกะปิ จ.กรุงเทพฯ 10240","13.784413333333335,100.638285",13.784413333333335,100.638285,"บางกะปิ","รอน้ำลด","","ยังส่งไม่ได้",true,"วีรวัฒน์ อุดมทรัพย์","28/09/2026","ผู้ทำรายการ:วีรวัฒน์ อุดมทรัพย์;โอนงานมาจากวันที่:28/09/2026"
826,"229160","ม่ำ ฟิล์ม จำกัด","2026-09-29T08:55:00+07:00","ปกติ","ไม่สามารถเข้าส่งได้ น้ำท่วมสูงในพื้นที่","16302","อังคาร","B2B","สาขากรุงเทพกรีฑา","25 ซ.กรุงเทพกรีฑา 8 แยก 7 ถ.กรุงเทพกรีฑา แขวงหัวหมาก เขตบางกะปิ จ.กรุงเทพฯ 10240","13.738623333333331,100.658135",13.738623333333331,100.658135,"บางกะปิ","รอน้ำลด","","ยังส่งไม่ได้",false,"","",""
827,"229392","อีโอ ไลฟ์เมด จำกัด","2026-09-29T12:15:00+07:00","ปกติ","ไม่สามารถเข้าส่งได้ น้ำท่วมสูงในพื้นที่","16201","อังคาร","B2B","สาขากรุงเทพกรีฑา","201 โครงการห้างสรรพสินค้าคริสตัล ดีไซน์ เซ็นเตอร์ ตึก ​K5​ ชั้น 2 ถ.ประดิษฐ์มนูธรรม แขวงคลองจั่น เขตบางกะปิ จ.กรุงเทพฯ 10240","13.803188333333333,100.61901833333334",13.803188333333333,100.61901833333334,"บางกะปิ","รอน้ำลด","","ยังส่งไม่ได้",false,"","",""
828,"229433","ดวงกมล","2026-09-29T16:04:00+07:00","ปกติ","ไม่สามารถเข้าส่งได้ เกิดข้อผิดพลาด (เลื่อนวันที่ส่ง)","16206","อังคาร","B2C","สาขากรุงเทพกรีฑา","212/4 ซ.ลาดพร้าว 93 ถ.ลาดพร้าว แขวงคลองเจ้าคุณสิงห์ เขตวังทองหลาง จ.กรุงเทพฯ 10310","13.783088333333334,100.62479833333333",13.783088333333334,100.62479833333333,"วังทองหลาง","รอน้ำลด","","ยังส่งไม่ได้",false,"","",""
829,"230324","JINXUAN ZHANG","2026-09-29T19:36:00+07:00","โอนงานสิ้นวัน","ไม่สามารถเข้าส่งได้ น้ำท่วมสูงในพื้นที่","16308","เสาร์","B2C","สาขากรุงเทพกรีฑา","1/32 20 GRAND BANGKOK BOULEVARD EAST RAMA 9 KANCHANAPHISEK RD THAP CHANG SAPHAN SUNG BANGKOK 10250","13.75575,100.70138833333334",13.75575,100.70138833333334,"","รอน้ำลด","","ยังส่งไม่ได้",true,"ฤทธิศักดิ์ สระเงินสิงห์","28/09/2026","ผู้ทำรายการ:ฤทธิศักดิ์ สระเงินสิงห์;โอนงานมาจากวันที่:28/09/2026"
830,"230732","วิรัลพัชร สิทธิ์แก้วงาม","2026-09-29T08:17:00+07:00","ตามน้ำ","ไม่สามารถเข้าส่งได้ น้ำท่วมสูงในพื้นที่","16302","เสาร์","B2C","สาขากรุงเทพกรีฑา","938 หมู่บ้าน สินธร ซ.8 แฮปปี้แลนด์ แขวงคลองจั่น เขตบางกะปิ จ.กรุงเทพฯ 10240","13.782363333333334,100.64",13.782363333333334,100.64,"บางกะปิ","รอน้ำลด","","ยังส่งไม่ได้",false,"","",""
831,"231028","อัคราเดียน จำกัด","2026-09-29T12:43:00+07:00","ปกติ","ไม่สามารถเข้าส่งได้ น้ำท่วมสูงในพื้นที่","16204","อังคาร","B2B","สาขากรุงเทพกรีฑา","50/10 หมู่บ้านเนอวาน่า ซ.โพธิ์แก้ว 3 แยก 17  แขวงคลองจั่น เขตบางกะปิ จ.กรุงเทพฯ 10240","13.808699999999998,100.62918499999999",13.808699999999998,100.62918499999999,"บางกะปิ","รอน้ำลด","","ยังส่งไม่ได้",false,"","",""
832,"231608","บางกอก เอวิเอชั่น ซัพพลาย จำกัด (สำนักงานใหญ่)","2026-09-29T09:51:00+07:00","ปกติ","ไม่สามารถเข้าส่งได้ น้ำท่วมสูงในพื้นที่","16304","อังคาร","B2B","สาขากรุงเทพกรีฑา","411 อาคาร JW Tower ที่อยู่ ชั้น 1 ถ.ศรีนครินทร์ แขวงสวนหลวง เขตสวนหลวง จ.กรุงเทพฯ 10250","13.743513333333333,100.64372499999999",13.743513333333333,100.64372499999999,"สวนหลวง","รอน้ำลด","","ยังส่งไม่ได้",false,"","",""
833,"231609","นอร์ดิก โมดูลาร์ เฟอร์นิเจอร์ จำกัด","2026-09-29T12:20:00+07:00","ปกติ","ไม่สามารถเข้าส่งได้ น้ำท่วมสูงในพื้นที่","16201","อังคาร","B2B","สาขากรุงเทพกรีฑา","1418 โครงการคริสตัล ดีไซน์ เซ็นเตอร์ อาคาร ซี ห้อง 102 ชั้น 1 ซ.ลาดพร้าว 87  แขวงคลองจั่น เขตบางกะปิ จ.กรุงเทพฯ 10240","13.8048,100.61894166666667",13.8048,100.61894166666667,"บางกะปิ","รอน้ำลด","","ยังส่งไม่ได้",false,"","",""
834,"233633/5","สุชาติ","2026-09-29T08:23:00+07:00","ปกติ","ไม่สามารถเข้าส่งได้ น้ำท่วมสูงในพื้นที่","16302","อังคาร","B2C","สาขากรุงเทพกรีฑา","เลขที่ 16 กรุงเทพกรีฑา ซ.8  แยก 2 ถ.กรุงกรุงเทพกรีฑา  แขวงหัวหมาก เขตบางกะปิ จ.กรุงเทพฯ 10240","13.747250000000001,100.65263333333333",13.747250000000001,100.65263333333333,"บางกะปิ","รอน้ำลด","","ยังส่งไม่ได้",false,"","",""
835,"234638","DENG","2026-09-29T19:37:00+07:00","โอนงานสิ้นวัน","ไม่สามารถเข้าส่งได้ น้ำท่วมสูงในพื้นที่","16308","เสาร์","B2C","สาขากรุงเทพกรีฑา","1/37 GRAND BANGKOK BOULEVARD THAP CHANG SAPHAN SUNG BANGKOK 10250","13.756046666666668,100.70110500000001",13.756046666666668,100.70110500000001,"","รอน้ำลด","","ยังส่งไม่ได้",true,"วีรวัฒน์ อุดมทรัพย์","28/09/2026","ผู้ทำรายการ:วีรวัฒน์ อุดมทรัพย์;โอนงานมาจากวันที่:28/09/2026"
836,"235811","นิภาภรณ์ เหล่าบุรินทร์","2026-09-29T12:08:00+07:00","ปกติ","ไม่สามารถเข้าส่งได้ น้ำท่วมสูงในพื้นที่","16201","อังคาร","B2C","สาขากรุงเทพกรีฑา","999/9 ศูนย์รวมรถยนต์ออโต้เทรดเซ็นเตอร์ (EN Car Center) ถ.ประดิษฐ์มนูธรรม แขวงคลองจั่น เขตบางกะปิ จ.กรุงเทพฯ 10240","13.800578333333332,100.61598166666666",13.800578333333332,100.61598166666666,"บางกะปิ","รอน้ำลด","","ยังส่งไม่ได้",false,"","",""
837,"23621","โมบิไลซ์ จำกัด","2026-09-29T12:44:00+07:00","ปกติ","ไม่สามารถเข้าส่งได้ น้ำท่วมสูงในพื้นที่","16204","อังคาร","B2B","สาขากรุงเทพกรีฑา","54/1 ซ.โพธิ์แก้ว 3 แยก 19 แขวงคลองจั่น เขตบางกะปิ กรุงเทพฯ 10240","13.772340000000002,100.63446833333334",13.772340000000002,100.63446833333334,"บางกะปิ","รอน้ำลด","","ยังส่งไม่ได้",false,"","",""
838,"236444","ชลธิชา อิ่มจรรยา","2026-09-29T12:04:00+07:00","ปกติ","ไม่สามารถเข้าส่งได้ เกิดข้อผิดพลาด (เลื่อนวันที่ส่ง)","16201","อังคาร","B2C","สาขากรุงเทพกรีฑา","53 หมู่บ้านไพรเวทเรสซิเด้นท์นอท&อีส ซ.โยธินพัฒนา 11 แยก 7 ถ.ประดิษฐ์มณูธรรม แขวงคลองจั่น เขตบางกะปิ จ.กรุงเทพฯ 10240","13.806071666666666,100.62500166666665",13.806071666666666,100.62500166666665,"บางกะปิ","รอน้ำลด","","ยังส่งไม่ได้",false,"","",""
839,"236775","ศิรินทิพย์ หาญประดิษฐ์","2026-09-29T12:15:00+07:00","โอนงานสิ้นวัน","ไม่สามารถเข้าส่งได้ น้ำท่วมสูงในพื้นที่","16204","เสาร์","B2C","สาขากรุงเทพกรีฑา","90/80 TOWNPLUS101 ซ.โพธิ์แก้ว 2 ถ.โพธิ์แก้ว แขวงคลองจั่น เขตบางกะปิ จ.กรุงเทพฯ 10240","13.796656666666669,100.63194333333334",13.796656666666669,100.63194333333334,"บางกะปิ","รอน้ำลด","","ยังส่งไม่ได้",true,"ฤทธิศักดิ์ สระเงินสิงห์","28/09/2026","ผู้ทำรายการ:ฤทธิศักดิ์ สระเงินสิงห์;โอนงานมาจากวันที่:28/09/2026"
840,"236873","ณัฐถา","2026-09-29T08:26:00+07:00","ปกติ","ไม่สามารถเข้าส่งได้ น้ำท่วมสูงในพื้นที่","16301","อังคาร","B2C","สาขากรุงเทพกรีฑา","51/65 ซ.รามคำแหง96  แขวงสะพานสูง เขตสะพานสูง จ.กรุงเทพฯ 10240","13.768126666666667,100.67110499999998",13.768126666666667,100.67110499999998,"สะพานสูง","รอน้ำลด","","ยังส่งไม่ได้",false,"","",""
841,"237259/1","อาซัน","2026-09-29T12:45:00+07:00","ปกติ","ไม่สามารถเข้าส่งได้ น้ำท่วมสูงในพื้นที่","16305","อังคาร","B2C","สาขากรุงเทพกรีฑา","31/35 หมู่บ้านกฤษณาไพรเวทซิตี้ ถ.กรุงเทพกรีฑา แขวงทับช้าง เขตสะพานสูง จ.กรุงเทพฯ 10250","13.745796666666669,100.6695",13.745796666666669,100.6695,"สะพานสูง","รอน้ำลด","","ยังส่งไม่ได้",false,"","",""
842,"237591","วิริยา สร้อยสน","2026-09-29T12:08:00+07:00","โอนงานสิ้นวัน","ไม่สามารถเข้าส่งได้ น้ำท่วมสูงในพื้นที่","16204","เสาร์","B2C","สาขากรุงเทพกรีฑา","19/22 หมู่บ้านสินสุข ซ.2 ซ.โพธิ์แก้ว 4 แขวงคลองจั่น เขตบางกะปิ จ.กรุงเทพฯ 10240","13.797801666666665,100.63624833333333",13.797801666666665,100.63624833333333,"บางกะปิ","รอน้ำลด","","ยังส่งไม่ได้",true,"จิรวัฒน์ สัยนิถี","28/09/2026","ผู้ทำรายการ:จิรวัฒน์ สัยนิถี;โอนงานมาจากวันที่:28/09/2026"
843,"237831","ซุน เปาจู","2026-09-29T10:33:00+07:00","โอนงานสิ้นวัน","ไม่สามารถเข้าส่งได้ น้ำท่วมสูงในพื้นที่","16305","เสาร์","B2C","สาขากรุงเทพกรีฑา","69/34 หมู่บ้านนาราสิริ ซ.3  แขวงหัวหมาก เขตบางกะปิ จ.กรุงเทพฯ 10240","13.756426666666668,100.66528500000001",13.756426666666668,100.66528500000001,"บางกะปิ","รอน้ำลด","","ยังส่งไม่ได้",true,"สถาพร นนท์เข็มพรหม","26/09/2026","ผู้ทำรายการ:สถาพร นนท์เข็มพรหม;โอนงานมาจากวันที่:26/09/2026"
844,"238668","COLLIN","2026-09-29T10:44:00+07:00","โอนงานสิ้นวัน","ไม่สามารถเข้าส่งได้ น้ำท่วมสูงในพื้นที่","16306","เสาร์","B2C","สาขากรุงเทพกรีฑา","4/330 CHOKCHAI PANCHASAP VILLAGE, SOI RAMKHAMHAENG 184 RAMKHAMHAENG RD  MIN BURI MIN BURI BANGKOK 10510","13.782745,100.72721333333332",13.782745,100.72721333333332,"","รอน้ำลด","","ยังส่งไม่ได้",true,"ฤทธิศักดิ์ สระเงินสิงห์","28/09/2026","ผู้ทำรายการ:ฤทธิศักดิ์ สระเงินสิงห์;โอนงานมาจากวันที่:28/09/2026"
845,"238802/1","CHEN","2026-09-29T12:48:00+07:00","ปกติ","ไม่สามารถเข้าส่งได้ น้ำท่วมสูงในพื้นที่","16204","อังคาร","B2C","สาขากรุงเทพกรีฑา","5/42 Baanklangmuang The Edition Yothinpattana Pho Kaeo 3 Alley, Lane 13,  Khlong Chan, Bang Kapi, Bangkok 10240","13.804031666666667,100.63040833333335",13.804031666666667,100.63040833333335,"","รอน้ำลด","","ยังส่งไม่ได้",false,"","",""
846,"239101","วีระชัย","2026-09-29T15:05:00+07:00","ตามน้ำ","ไม่สามารถเข้าส่งได้ น้ำท่วมสูงในพื้นที่","16203","เสาร์","B2C","สาขากรุงเทพกรีฑา","2709 รัชนันตรีอพาตเม้นท์ ชั้น 3 ห้อง 304 ซ.รามคำแหง 79/1 ถ.รามคำแหง  แขวงหัวหมาก เขตบางกะปิ กรุงเทพมหานคร 10240","13.762038333333331,100.63214666666666",13.762038333333331,100.63214666666666,"บางกะปิ","รอน้ำลด","","ยังส่งไม่ได้",false,"","",""
847,"239446","จีดีเค กรุ๊ป จำกัด","2026-09-29T12:14:00+07:00","ปกติ","ไม่สามารถเข้าส่งได้ น้ำท่วมสูงในพื้นที่","16201","อังคาร","B2B","สาขากรุงเทพกรีฑา","เลขที่ 827 ซ.ลาดพร้าว 87 (จันทราสุข) แขวงคลองจั่น เขตบางกะปิ จ.กรุงเทพฯ 10240","13.799988333333333,100.61905833333334",13.799988333333333,100.61905833333334,"บางกะปิ","รอน้ำลด","","ยังส่งไม่ได้",false,"","",""
848,"239586","ศุกลแก้ว วิลฟอร์ด","2026-09-29T12:13:00+07:00","ปกติ","ไม่สามารถเข้าส่งได้ เกิดข้อผิดพลาด (เลื่อนวันที่ส่ง)","16201","อังคาร","B2C","สาขากรุงเทพกรีฑา","4127 บ้านลาดพร้าว 2 ซ.โยธินพัฒนา 11 แยก 5 ถ.ประดิษฐมนูธรรม  แขวงคลองจั่น เขตบางกะปิ จ.กรุงเทพฯ 10240","13.805688333333334,100.62170499999999",13.805688333333334,100.62170499999999,"บางกะปิ","รอน้ำลด","","ยังส่งไม่ได้",false,"","",""
849,"240460","MAY SOE OO","2026-09-29T14:01:00+07:00","โอนงานสิ้นวัน","ไม่สามารถเข้าส่งได้ น้ำท่วมสูงในพื้นที่","16308","เสาร์","B2C","สาขากรุงเทพกรีฑา","FOUR WINGS RESIDENCE, 335 SRINAKARIN RD, HUAMAK, BANGKABI 19TH FLOOR ROOM NO 1902A  HUA MAK BANG KAPI BANGKOK 10240","13.7542562,100.6475984",13.7542562,100.6475984,"","รอน้ำลด","","ยังส่งไม่ได้",true,"ฤทธิศักดิ์ สระเงินสิงห์","28/09/2026","ผู้ทำรายการ:ฤทธิศักดิ์ สระเงินสิงห์;โอนงานมาจากวันที่:28/09/2026"
850,"240926","PAO FU","2026-09-29T19:37:00+07:00","โอนงานสิ้นวัน","ไม่สามารถเข้าส่งได้ น้ำท่วมสูงในพื้นที่","16308","เสาร์","B2C","สาขากรุงเทพกรีฑา","1/27 ซ.8 โครงการ แกรนด์ บางกอก บูเลอวาร์ด อีสต์ พระราม 9 ถ.ทางคู่ขนานกาญจนาภิเษก  แขวงทับช้าง เขตสะพานสูง กรุงเทพฯ 10250","13.755551666666667,100.70231333333335",13.755551666666667,100.70231333333335,"สะพานสูง","รอน้ำลด","","ยังส่งไม่ได้",true,"วีรวัฒน์ อุดมทรัพย์","28/09/2026","ผู้ทำรายการ:วีรวัฒน์ อุดมทรัพย์;โอนงานมาจากวันที่:28/09/2026"
851,"241764","นิว โอเชี่ยน ฮอลิเดย์ จำกัด","2026-09-29T09:55:00+07:00","เสริมน้ำ ตรงรอบ","ไม่สามารถเข้าส่งได้ น้ำท่วมสูงในพื้นที่","16304","อังคาร","B2B","สาขากรุงเทพกรีฑา","เลขที่ 8 ซ.รินรดา (ซ.ศรีนครินทร์ 15) ถ.ศรีนครินทร์ แขวงพัฒนาการ เขตสวนหลวง กรุงเทพฯ 10250","13.742671666666668,100.64408166666665",13.742671666666668,100.64408166666665,"สวนหลวง","รอน้ำลด","","ยังส่งไม่ได้",false,"","",""
852,"242932","อัษฎา","2026-09-29T17:59:00+07:00","โอนงานสิ้นวัน","ไม่สามารถเข้าส่งได้ น้ำท่วมสูงในพื้นที่","16303","เสาร์","B2C","สาขากรุงเทพกรีฑา","9 รามคำแหง 58/3 แยก 6  แขวงหัวหมาก เขตบางกะปิ จ.กรุงเทพฯ 10240","13.756676666666666,100.64816166666667",13.756676666666666,100.64816166666667,"บางกะปิ","รอน้ำลด","","ยังส่งไม่ได้",true,"จิรวัฒน์ สัยนิถี","28/09/2026","ผู้ทำรายการ:จิรวัฒน์ สัยนิถี;โอนงานมาจากวันที่:28/09/2026"
853,"243032","นิวบอร์น อินเตอร์กรุ๊ป จำกัด","2026-09-29T12:12:00+07:00","โอนงานสิ้นวัน","ไม่สามารถเข้าส่งได้ น้ำท่วมสูงในพื้นที่","16203","เสาร์","B2B","สาขากรุงเทพกรีฑา","เลขที่ 27 ซ.หัวหมาก 8 ถ.หัวหมาก แขวงหัวหมาก เขตบางกะปิ กรุงเทพมหานคร 10240","13.758941666666665,100.6417",13.758941666666665,100.6417,"บางกะปิ","รอน้ำลด","","ยังส่งไม่ได้",true,"สถาพร นนท์เข็มพรหม","26/09/2026","ผู้ทำรายการ:สถาพร นนท์เข็มพรหม;โอนงานมาจากวันที่:26/09/2026"
854,"243868","เจนจิรา","2026-09-29T12:00:00+07:00","ตามน้ำ","ไม่สามารถเข้าส่งได้ น้ำท่วมสูงในพื้นที่","16204","เสาร์","B2C","สาขากรุงเทพกรีฑา","107/11 ซ.ลาดพร้าว 101 ซ.48  แขวงคลองจั่น เขตบางกะปิ จ.กรุงเทพฯ 10240 ","13.796683333333332,100.63833166666667",13.796683333333332,100.63833166666667,"บางกะปิ","รอน้ำลด","","ยังส่งไม่ได้",false,"","",""
855,"244377","รสริน รอดเชื้อ","2026-09-29T12:17:00+07:00","ปกติ","ไม่สามารถเข้าส่งได้ น้ำท่วมสูงในพื้นที่","16204","เสาร์","B2C","สาขากรุงเทพกรีฑา","90/113 หมู่บ้าน ทาวน์พลัส ซ.โพธิ์แก้ว 2 ถ.ลาดพร้าว แขวงคลองจั่น เขตบางกะปิ จ.กรุงเทพฯ 10240","13.796773333333332,100.63194999999999",13.796773333333332,100.63194999999999,"บางกะปิ","รอน้ำลด","","ยังส่งไม่ได้",false,"","",""
856,"244495","วุฒิพงษ์","2026-09-29T10:32:00+07:00","โอนงานสิ้นวัน","ไม่สามารถเข้าส่งได้ น้ำท่วมสูงในพื้นที่","16305","เสาร์","B2C","สาขากรุงเทพกรีฑา","69/51หมู่บ้านนาราสิริ กรุงเทพกรีฑา ซ.ประชารวมใจ  แขวงหัวหมาก เขตบางกะปิ จ.กรุงเทพฯ 10240","13.756185,100.66417666666666",13.756185,100.66417666666666,"บางกะปิ","รอน้ำลด","","ยังส่งไม่ได้",true,"วุฒิชัย จีปน","26/09/2026","ผู้ทำรายการ:วุฒิชัย จีปน;โอนงานมาจากวันที่:26/09/2026"
857,"245438","JOHNY LIU","2026-09-29T14:01:00+07:00","ปกติ","ไม่สามารถเข้าส่งได้ น้ำท่วมสูงในพื้นที่","16308","เสาร์","B2C","สาขากรุงเทพกรีฑา","335/26 THE FOURWINGS RESIDENCE FLOOR 7 ROOM 710A SIRINAKARIN HUA MAK BANG KAPI BANGKOK 10240","13.754231666666666,100.64766666666668",13.754231666666666,100.64766666666668,"","รอน้ำลด","","ยังส่งไม่ได้",false,"","",""
858,"245853","สกุลทิพย์ จรรยารักษ์สกุล","2026-09-29T12:09:00+07:00","ปกติ","ไม่สามารถเข้าส่งได้ เกิดข้อผิดพลาด (เลื่อนวันที่ส่ง)","16201","อังคาร","B2C","สาขากรุงเทพกรีฑา","3691 หมู่บ้าน บ้านลาดพร้าว ซ.5/2 เลียบทางด่วน เอกมัย-รามอินทรา แขวงคลองจั่น เขตบางกะปิ จ.กรุงเทพฯ 10240","13.805636666666665,100.62702499999999",13.805636666666665,100.62702499999999,"บางกะปิ","รอน้ำลด","","ยังส่งไม่ได้",false,"","",""
859,"245941","อัญชิสา","2026-09-29T12:45:00+07:00","ปกติ","ไม่สามารถเข้าส่งได้ น้ำท่วมสูงในพื้นที่","16204","อังคาร","B2C","สาขากรุงเทพกรีฑา","เลขที่ 24 ซ.โพธิ์แก้ว 3 แยก 21 ถ.โพธิ์แก้ว แขวงคลองจั่น เขตบางกะปิ จ.กรุงเทพฯ 10240","13.809926666666668,100.63255",13.809926666666668,100.63255,"บางกะปิ","รอน้ำลด","","ยังส่งไม่ได้",false,"","",""
860,"247834","โฟลกรีต (ไทยแลนด์) จำกัด","2026-09-29T12:22:00+07:00","โอนงานสิ้นวัน","ไม่สามารถเข้าส่งได้ น้ำท่วมสูงในพื้นที่","16308","เสาร์","B2B","สาขากรุงเทพกรีฑา","47 ถ.กาญจนาภิเษก แขวงสะพานสูง เขตสะพานสูง จ.กรุงเทพฯ 10240","13.766933333333334,100.69368166666666",13.766933333333334,100.69368166666666,"สะพานสูง","รอน้ำลด","","ยังส่งไม่ได้",true,"วีรวัฒน์ อุดมทรัพย์","28/09/2026","ผู้ทำรายการ:วีรวัฒน์ อุดมทรัพย์;โอนงานมาจากวันที่:28/09/2026"
861,"248115","เอสพี แอคเคานท์แตนท์ (2555) จำกัด","2026-09-29T15:37:00+07:00","ปกติ","ไม่สามารถเข้าส่งได้ น้ำท่วมสูงในพื้นที่","16308","อังคาร","B2B","สาขากรุงเทพกรีฑา","100/249 หมู่บ้านศิรินเทพ 9 ซ.ราษฎร์พัฒนา 14 ถ.ราษฎร์พัฒนา แขวงราษฎร์พัฒนา เขตสะพานสูง กรุงเทพฯ 10240","13.774114999999998,100.70314833333332",13.774114999999998,100.70314833333332,"สะพานสูง","รอน้ำลด","","ยังส่งไม่ได้",false,"","",""
862,"249580","ฉันทนา","2026-09-29T09:51:00+07:00","ปกติ","ไม่สามารถเข้าส่งได้ น้ำท่วมสูงในพื้นที่","16304","อังคาร","B2C","สาขากรุงเทพกรีฑา","101 ซ.เทพทวี 1 ซ.ศรีนครินทร์ 9 ถ.ศรีนครินทร์ แขวงสวนหลวง เขตสวนหลวง กรุงเทพมหานคร 10250","13.745325,100.64586333333334",13.745325,100.64586333333334,"สวนหลวง","รอน้ำลด","","ยังส่งไม่ได้",false,"","",""
863,"250615","LI MENGYU","2026-09-29T12:12:00+07:00","โอนงานสิ้นวัน","ไม่สามารถเข้าส่งได้ น้ำท่วมสูงในพื้นที่","16204","เสาร์","B2C","สาขากรุงเทพกรีฑา"," 31 ทาวน์เฮ้าส์อบอุ่น ซ.โพธิ์แก้ว ซ. 2 แขวงคลองจั่น เขตบางกะปิ จ.กรุงเทพฯ 10240","13.797768333333332,100.63508166666666",13.797768333333332,100.63508166666666,"บางกะปิ","รอน้ำลด","","ยังส่งไม่ได้",true,"สถาพร นนท์เข็มพรหม","26/09/2026","ผู้ทำรายการ:สถาพร นนท์เข็มพรหม;โอนงานมาจากวันที่:26/09/2026"
864,"252057","ภานิชา","2026-09-29T08:18:00+07:00","โอนงานสิ้นวัน","ไม่สามารถเข้าส่งได้ น้ำท่วมสูงในพื้นที่","16302","เสาร์","B2C","สาขากรุงเทพกรีฑา","1065 หมู่บ้านสินธร ซ.18 ถ.แฮปปี้แลนด์ แขวงคลองจั่น เขตบางกะปิ กรุงเทพมหานคร 10240","13.784081666666669,100.63941333333332",13.784081666666669,100.63941333333332,"บางกะปิ","รอน้ำลด","","ยังส่งไม่ได้",true,"ฤทธิศักดิ์ สระเงินสิงห์","28/09/2026","ผู้ทำรายการ:ฤทธิศักดิ์ สระเงินสิงห์;โอนงานมาจากวันที่:28/09/2026"
865,"253257","เบนยามิน หรัญรัตน์","2026-09-29T12:09:00+07:00","ปกติ","ไม่สามารถเข้าส่งได้ น้ำท่วมสูงในพื้นที่","16306","อังคาร","B2C","สาขากรุงเทพกรีฑา","98/83 หมู่บ้าน THE ETERNO ซ.รามคำแหง 174 ถ.รามคำแหง แขวงมีนบุรี เขตมีนบุรี จ.กรุงเทพฯ 10510","13.793646666666666,100.71983999999999",13.793646666666666,100.71983999999999,"มีนบุรี","รอน้ำลด","","ยังส่งไม่ได้",false,"","",""
866,"254141","เกตน์นิภา","2026-09-29T09:50:00+07:00","เสริมน้ำ ตรงรอบ","ไม่สามารถเข้าส่งได้ น้ำท่วมสูงในพื้นที่","16302","อังคาร","B2C","สาขากรุงเทพกรีฑา","52/120 กรุงเทพกรีฑาซอย 15 หมู่บ้านกฤษณา แขวงทับช้าง เขตสะพานสูง จ.กรุงเทพฯ 10250","13.747026666666667,100.66918333333334",13.747026666666667,100.66918333333334,"สะพานสูง","รอน้ำลด","","ยังส่งไม่ได้",false,"","",""
867,"254217","วิชิต","2026-09-29T08:05:00+07:00","โอนงานสิ้นวัน","ไม่สามารถเข้าส่งได้ น้ำท่วมสูงในพื้นที่","16203","เสาร์","B2C","สาขากรุงเทพกรีฑา","22 รามคำแหง 46 แขวงหัวหมาก เขตบางกะปิ จ.กรุงเทพฯ 10240","13.758828333333334,100.64174166666665",13.758828333333334,100.64174166666665,"บางกะปิ","รอน้ำลด","","ยังส่งไม่ได้",true,"จิรวัฒน์ สัยนิถี","28/09/2026","ผู้ทำรายการ:จิรวัฒน์ สัยนิถี;โอนงานมาจากวันที่:28/09/2026"
868,"254939","แพรไหม","2026-09-29T10:43:00+07:00","โอนงานสิ้นวัน","ไม่สามารถเข้าส่งได้ เกิดข้อผิดพลาด (เลื่อนวันที่ส่ง)","16306","เสาร์","B2C","สาขากรุงเทพกรีฑา","3/403 หมู่บ้านโชคชัยปัญจทัพย์ ซ. รามคำแหง184  แขวงมีนบุรี เขตมีนบุรี จ.กรุงเทพฯ 10510","13.785779,100.7290067",13.785779,100.7290067,"มีนบุรี","รอน้ำลด","","ยังส่งไม่ได้",true,"สถาพร นนท์เข็มพรหม","26/09/2026","ผู้ทำรายการ:สถาพร นนท์เข็มพรหม;โอนงานมาจากวันที่:26/09/2026"
869,"255340","ชุติมณฑน์ศรี มหาสุวรรณี","2026-09-29T09:51:00+07:00","ปกติ","ไม่สามารถเข้าส่งได้ น้ำท่วมสูงในพื้นที่","16304","อังคาร","B2C","สาขากรุงเทพกรีฑา","เลขที่  517/26 THE IRIS RAMA9 ตึก H ถ.ศรีนครินทร์ แขวงพัฒนาการ เขตสวนหลวง จ.กรุงเทพฯ 10250","13.7444,100.64362666666666",13.7444,100.64362666666666,"สวนหลวง","รอน้ำลด","","ยังส่งไม่ได้",false,"","",""
870,"255475","รณชาติ","2026-09-29T10:31:00+07:00","โอนงานสิ้นวัน","ไม่สามารถเข้าส่งได้ น้ำท่วมสูงในพื้นที่","16305","เสาร์","B2C","สาขากรุงเทพกรีฑา","69/28 หมู่บ้านนาราสิริ กรุงเทพกรีฑา ซ.ประชาร่วมใจ แขวงหัวหมาก เขตบางกะปิ จ.กรุงเทพฯ 10240","13.756851666666668,100.66397",13.756851666666668,100.66397,"บางกะปิ","รอน้ำลด","","ยังส่งไม่ได้",true,"วีรวัฒน์ อุดมทรัพย์","28/09/2026","ผู้ทำรายการ:วีรวัฒน์ อุดมทรัพย์;โอนงานมาจากวันที่:28/09/2026"
871,"255821","เอ็มเอส บิสซิเนส คอนซัลแตนท์ จำกัด","2026-09-29T08:23:00+07:00","ปกติ","ไม่สามารถเข้าส่งได้ น้ำท่วมสูงในพื้นที่","16301","อังคาร","B2B","สาขากรุงเทพกรีฑา","48/220 เซ็นเตอร์เพลสรามคำแหง ซ.รามคำแหง 104 ถ.รามคำแหง แขวงสะพานสูง เขตสะพานสูง จ.กรุงเทพฯ 10240","13.772611666666668,100.67356",13.772611666666668,100.67356,"สะพานสูง","รอน้ำลด","","ยังส่งไม่ได้",false,"","",""
872,"256255","ดวงกมล ลำจวน","2026-09-29T16:20:00+07:00","โอนงานสิ้นวัน","ไม่สามารถเข้าส่งได้ น้ำท่วมสูงในพื้นที่","16303","เสาร์","B2C","สาขากรุงเทพกรีฑา","45/1 สุขาภิบาล 3 แมนชั่น ชั้น 8 ห้อง 22/286 ซ.58/3  แขวงหัวหมาก เขตบางกะปิ จ.กรุงเทพฯ 10240","13.761606666666667,100.64851166666668",13.761606666666667,100.64851166666668,"บางกะปิ","รอน้ำลด","","ยังส่งไม่ได้",true,"จิรวัฒน์ สัยนิถี","28/09/2026","ผู้ทำรายการ:จิรวัฒน์ สัยนิถี;โอนงานมาจากวันที่:28/09/2026"
873,"256522","ปิติอร แซ่เล้า","2026-09-29T14:20:00+07:00","ปกติ","ไม่สามารถเข้าส่งได้ น้ำท่วมสูงในพื้นที่","16303","อังคาร","B2C","สาขากรุงเทพกรีฑา","71 หมู่บ้านเดชา2 แยก 6 ซ.รามคำแหง 78 ถ.รามคำแหง แขวงหัวหมาก เขตบางกะปิ จ.กรุงเทพฯ 10240","13.769576666666667,100.66518833333333",13.769576666666667,100.66518833333333,"บางกะปิ","รอน้ำลด","","ยังส่งไม่ได้",false,"","",""
874,"257058","สุเมธ สร้อยทองสุข","2026-09-29T08:24:00+07:00","ปกติ","ไม่สามารถเข้าส่งได้ น้ำท่วมสูงในพื้นที่","16301","อังคาร","B2C","สาขากรุงเทพกรีฑา","64 ร้านเทคนิคไดนาโม (ปากซอยราม 102) ถ.รามคำแหง  แขวงสะพานสูง เขตสะพานสูง จ.กรุงเทพฯ 10240","13.775503333333331,100.67123666666666",13.775503333333331,100.67123666666666,"สะพานสูง","รอน้ำลด","","ยังส่งไม่ได้",false,"","",""
875,"257347","ศิราณี","2026-09-29T09:17:00+07:00","โอนงานสิ้นวัน","ไม่สามารถเข้าส่งได้ น้ำท่วมสูงในพื้นที่","16308","เสาร์","B2C","สาขากรุงเทพกรีฑา","9/182 เค.ซี. เนเชอรัล ซิตี้ ถ.ทางคู่ขนานกาญจนาภิเษก แขวงราษฎร์พัฒนา เขตสะพานสูง กรุงเทพมหานคร 10240","13.774263333333332,100.69381666666668",13.774263333333332,100.69381666666668,"สะพานสูง","รอน้ำลด","","ยังส่งไม่ได้",true,"วีรวัฒน์ อุดมทรัพย์","28/09/2026","ผู้ทำรายการ:วีรวัฒน์ อุดมทรัพย์;โอนงานมาจากวันที่:28/09/2026"
876,"257870","สามารถ","2026-09-29T12:47:00+07:00","ปกติ","ไม่สามารถเข้าส่งได้ น้ำท่วมสูงในพื้นที่","16204","อังคาร","B2C","สาขากรุงเทพกรีฑา","10/1 การาจ ซ.โพธิ์แก้ว 3 แยก 16 ถ.โพธิ์แก้ว แขวงคลองจั่น เขตบางกะปิ กรุงเทพฯ 10240","13.8055863,100.6337351",13.8055863,100.6337351,"บางกะปิ","รอน้ำลด","","ยังส่งไม่ได้",false,"","",""
877,"258314","ไพรัช ไวปัญญา","2026-09-29T11:59:00+07:00","ตามน้ำ","ไม่สามารถเข้าส่งได้ น้ำท่วมสูงในพื้นที่","16204","เสาร์","B2C","สาขากรุงเทพกรีฑา","19/16 หมู่บ้านสินสุข ซ.โพธ์แก้ว 4 ถ.โพธ์แก้ว แขวงคลองจั่น เขตบางกะปิ จ.กรุงเทพฯ 10240","13.797638333333335,100.63666166666665",13.797638333333335,100.63666166666665,"บางกะปิ","รอน้ำลด","","ยังส่งไม่ได้",false,"","",""
878,"258384","วู๊ค โกลบอล เทคโนโลยี (ประเทศไทย) จำกัด","2026-09-29T12:48:00+07:00","ปกติ","ไม่สามารถเข้าส่งได้ เกิดข้อผิดพลาด (เลื่อนวันที่ส่ง)","16204","อังคาร","B2B","สาขากรุงเทพกรีฑา","11/2 ซ.โพธิ์แก้ว 3 แยก 7 ถ.โพธิ์แก้ว แขวงคลองจั่น เขตบางกะปิ กรุงเทพฯ 10240","13.802455000000002,100.63322000000001",13.802455000000002,100.63322000000001,"บางกะปิ","รอน้ำลด","","ยังส่งไม่ได้",false,"","",""
879,"258658","สุรีย์","2026-09-29T12:00:00+07:00","ตามน้ำ","ไม่สามารถเข้าส่งได้ น้ำท่วมสูงในพื้นที่","16201","อังคาร","B2C","สาขากรุงเทพกรีฑา","88/19 หมู่บ้านไพรเวท เนอร์วานา ซ.โยธินพัฒนา 11 แยก 7 ถ.ประดิษมนูธรรม แขวงคลองจั่น เขตบางกะปิ จ.กรุงเทพฯ 10240","13.804513333333334,100.62300833333332",13.804513333333334,100.62300833333332,"บางกะปิ","รอน้ำลด","","ยังส่งไม่ได้",false,"","",""
880,"258935","อีซี่แวร์เฮ้าส์ จำกัด","2026-09-29T12:07:00+07:00","ปกติ","ไม่สามารถเข้าส่งได้ น้ำท่วมสูงในพื้นที่","16306","อังคาร","B2B","สาขากรุงเทพกรีฑา","18/89 หมู่บ้านนิรันด์อเวนิว ซ.รามคำแหง 174  แขวงมีนบุรี เขตมีนบุรี จ.กรุงเทพฯ 10510","13.794413333333333,100.72032499999999",13.794413333333333,100.72032499999999,"มีนบุรี","รอน้ำลด","","ยังส่งไม่ได้",false,"","",""
881,"259427","เพชรนารา","2026-09-29T09:55:00+07:00","เสริมน้ำ ตรงรอบ","ไม่สามารถเข้าส่งได้ น้ำท่วมสูงในพื้นที่","16304","อังคาร","B2C","สาขากรุงเทพกรีฑา","505/48 ดิไอริสคอนโด ตึก ซี ชั้น 3 ห้อง 505/48  ถ.ศรีนครินทร์ แขวงพัฒนาการ เขตสวนหลวง จ.กรุงเทพฯ 10250","13.743946666666666,100.64373333333333",13.743946666666666,100.64373333333333,"สวนหลวง","รอน้ำลด","","ยังส่งไม่ได้",false,"","",""
882,"259586","ชาญชัย","2026-09-29T09:51:00+07:00","ปกติ","ไม่สามารถเข้าส่งได้ น้ำท่วมสูงในพื้นที่","16302","อังคาร","B2C","สาขากรุงเทพกรีฑา"," 52/260 ซ.กรุงเทพกรีฑา13  แขงสะพานสูง เขตสะพานสูง กรุงเทพฯ 10250","13.747158333333335,100.66785666666668",13.747158333333335,100.66785666666668,"สะพานสูง","รอน้ำลด","","ยังส่งไม่ได้",false,"","",""
883,"259587","อภิรักษ์","2026-09-29T12:16:00+07:00","โอนงานสิ้นวัน","ไม่สามารถเข้าส่งได้ น้ำท่วมสูงในพื้นที่","16305","เสาร์","B2C","สาขากรุงเทพกรีฑา","69/80 นาราสิริ กรุงเทพกรีฑา ซ.ประชาร่วมใจ  แขวงหัวหมาก บางกะปิ กรุงเทพมหานคร 10240 ","13.757663333333335,100.66792",13.757663333333335,100.66792,"","รอน้ำลด","","ยังส่งไม่ได้",true,"สถาพร นนท์เข็มพรหม","26/09/2026","ผู้ทำรายการ:สถาพร นนท์เข็มพรหม;โอนงานมาจากวันที่:26/09/2026"
884,"259794","THIN YADI NWE","2026-09-29T09:51:00+07:00","ปกติ","ไม่สามารถเข้าส่งได้ น้ำท่วมสูงในพื้นที่","16304","อังคาร","B2C","สาขากรุงเทพกรีฑา","THE IRIS CONDO, BUILDING A, FLOOR 5, ROOM 501/79,SRINAGARINDRA SUAN LUANG SUAN LUANG BANGKOK 10250","13.744541666666665,100.643665",13.744541666666665,100.643665,"","รอน้ำลด","","ยังส่งไม่ได้",false,"","",""
885,"260908","วิจิตรา สะอาด","2026-09-29T09:45:00+07:00","ตามน้ำ","ไม่สามารถเข้าส่งได้ น้ำท่วมสูงในพื้นที่","16302","เสาร์","B2C","สาขากรุงเทพกรีฑา","473 หมู่บ้าน ฉัตรแก้ว ซ.15 ถ.แฮปปี้แลนด์ แขวงคลองจั่น เขตบางกะปิ จ.กรุงเทพฯ 10240","13.785889999999998,100.642245",13.785889999999998,100.642245,"บางกะปิ","รอน้ำลด","","ยังส่งไม่ได้",false,"","",""
886,"261135","จินตนา","2026-09-29T15:37:00+07:00","เสริมน้ำ ตรงรอบ","ไม่สามารถเข้าส่งได้ น้ำท่วมสูงในพื้นที่","16308","อังคาร","B2C","สาขากรุงเทพกรีฑา","100/2 หมู่บ้านศิรินเทพ 9 ซ.ราษฎร์พัฒนา 14 แขวงราษฎร์พัฒนา เขตสะพานสูง จ.กรุงเทพฯ 10240","13.774403333333332,100.70359833333332",13.774403333333332,100.70359833333332,"สะพานสูง","รอน้ำลด","","ยังส่งไม่ได้",false,"","",""
887,"261590","ณัฐพงศ์ ดำรงศิลป์","2026-09-29T12:12:00+07:00","โอนงานสิ้นวัน","ไม่สามารถเข้าส่งได้ น้ำท่วมสูงในพื้นที่","16204","เสาร์","B2C","สาขากรุงเทพกรีฑา","90/68 หมู่บ้านทาวน์พลัส ลาดพร้าว101 ซ.โพธิ์แก้ว2 ถ.โพธิ์แก้ว แขวงคลองจั่น เขตบางกะปิ จ.กรุงเทพฯ 10240","13.798256666666669,100.636575",13.798256666666669,100.636575,"บางกะปิ","รอน้ำลด","","ยังส่งไม่ได้",true,"จิรวัฒน์ สัยนิถี","28/09/2026","ผู้ทำรายการ:จิรวัฒน์ สัยนิถี;โอนงานมาจากวันที่:28/09/2026"
888,"262145","SHAUN FERGUSON","2026-09-29T14:02:00+07:00","ตามน้ำ","ไม่สามารถเข้าส่งได้ เกิดข้อผิดพลาด (เลื่อนวันที่ส่ง)","16308","เสาร์","B2C","สาขากรุงเทพกรีฑา","12A12B, 13TH FLOOR, THE FOURWINGS RESIDENCE 335 SRINAGARINDRA RD HUA MAK BANG KAPI BANGKOK 10240","13.754034999999998,100.64768166666666",13.754034999999998,100.64768166666666,"","รอน้ำลด","","ยังส่งไม่ได้",false,"","",""
889,"262653","SURUNPAT KUWONGWONGBUNDIT","2026-09-29T12:11:00+07:00","ปกติ","ไม่สามารถเข้าส่งได้ น้ำท่วมสูงในพื้นที่","16201","อังคาร","B2C","สาขากรุงเทพกรีฑา","3937 LAT PHRAO VILLAGE, PROJECT 1, SOI YOTHIN PHATTHANA 11,YAK 7, YOTHIN PHATTHANA ROAD 11 KHLONG CHAN BANG KAPI BANGKOK 10240","13.8050499,100.6249458",13.8050499,100.6249458,"","รอน้ำลด","","ยังส่งไม่ได้",false,"","",""
890,"263312","ชนตา","2026-09-29T08:57:00+07:00","ปกติ","ไม่สามารถเข้าส่งได้ น้ำท่วมสูงในพื้นที่","16302","อังคาร","B2C","สาขากรุงเทพกรีฑา","เลขที่ 15 ถ.กรุงเทพกรีฑา ซอย 8 แยก 16  แขวงหัวหมาก เขตบางกะปิ จ.กรุงเทพฯ 10240","13.741423333333334,100.65298333333334",13.741423333333334,100.65298333333334,"บางกะปิ","รอน้ำลด","","ยังส่งไม่ได้",false,"","",""
891,"265244","แอมเซล ไบโอเฮลท์ เซ็นเตอร์ จำกัด","2026-09-29T09:50:00+07:00","ปกติ","ไม่สามารถเข้าส่งได้ น้ำท่วมสูงในพื้นที่","16304","อังคาร","B2B","สาขากรุงเทพกรีฑา","2 ซ.มอเตอร์เวย์ 7 แยก 3   แขวงทับช้าง เขตสะพานสูง กรุงเทพฯ 10250","13.737788333333333,100.67263833333332",13.737788333333333,100.67263833333332,"สะพานสูง","รอน้ำลด","","ยังส่งไม่ได้",false,"","",""
892,"265461","ณัฐชลกร  จันมุณี","2026-09-29T08:14:00+07:00","เสริมน้ำ ตรงรอบ","ไม่สามารถเข้าส่งได้ น้ำท่วมสูงในพื้นที่","16302","อังคาร","B2C","สาขากรุงเทพกรีฑา","6/57 แฟลตคลองจั่นตึก อาคาร 6 ชั้น 2 ห้อง 6/57 ซ.ศรีบูรพา 18 ถ.ศรีบูรพา แขวงคลองจั่น เขตบางกะปิ จ.กรุงเทพฯ 10240","13.775703333333334,100.65258999999999",13.775703333333334,100.65258999999999,"บางกะปิ","รอน้ำลด","","ยังส่งไม่ได้",false,"","",""
893,"266098","LINDSEY KAMAL","2026-09-29T12:14:00+07:00","เสริมน้ำ ตรงรอบ","ไม่สามารถเข้าส่งได้ น้ำท่วมสูงในพื้นที่","16306","อังคาร","B2C","สาขากรุงเทพกรีฑา","50/14 PERFECT PLACE 2, RAMKHAMHAENG 174 MIN BURI MIN BURI BANGKOK 10510","13.785478333333334,100.72053333333334",13.785478333333334,100.72053333333334,"","รอน้ำลด","","ยังส่งไม่ได้",false,"","",""
894,"267049","YOU YOU","2026-09-29T09:50:00+07:00","ปกติ","ไม่สามารถเข้าส่งได้ น้ำท่วมสูงในพื้นที่","16304","อังคาร","B2C","สาขากรุงเทพกรีฑา","THE IRIS CONDO BUILDING E 509/149 SRINAGARINDRA RD,  PHATTHANAKAN, SUAN LUANG, BANGKOK 10250","13.7436945,100.6439857",13.7436945,100.6439857,"","รอน้ำลด","","ยังส่งไม่ได้",false,"","",""
895,"269451","ธนพงศ์ เวชพงศ์","2026-09-29T09:55:00+07:00","เสริมน้ำ ตรงรอบ","ไม่สามารถเข้าส่งได้ น้ำท่วมสูงในพื้นที่","16304","อังคาร","B2C","สาขากรุงเทพกรีฑา","515/81 ดิไอริสคอนโดมิเนียม, อาคาร จี ชั้น 5 ห้อง 515/81 ถ.ศรีนครินทร์ แขวงสวนหลวง เขตสวนหลวง จ.กรุงเทพฯ 10250","13.742548333333332,100.64659166666667",13.742548333333332,100.64659166666667,"สวนหลวง","รอน้ำลด","","ยังส่งไม่ได้",false,"","",""
896,"269826","อารี","2026-09-29T10:33:00+07:00","โอนงานสิ้นวัน","ไม่สามารถเข้าส่งได้ น้ำท่วมสูงในพื้นที่","16305","เสาร์","B2C","สาขากรุงเทพกรีฑา","69/19 หมู่บ้าน นาราสิริ กรุงเทพกรีฑา ซ.ประชาร่วมใจ ถ.ศรีนครินทร์-ร่มเกล้า แขวงหัวหมาก เขตบางกะปิ จ.กรุงเทพฯ 10240","13.757073333333334,100.664775",13.757073333333334,100.664775,"บางกะปิ","รอน้ำลด","","ยังส่งไม่ได้",true,"วุฒิชัย จีปน","26/09/2026","ผู้ทำรายการ:วุฒิชัย จีปน;โอนงานมาจากวันที่:26/09/2026"
897,"270245","ศุภรัตน์","2026-09-29T08:20:00+07:00","ตามน้ำ","ไม่สามารถเข้าส่งได้ น้ำท่วมสูงในพื้นที่","16302","เสาร์","B2C","สาขากรุงเทพกรีฑา","1030 หมู่บ้านสินธร ซ.14 ถ.แฮปปี้แลนด์ แขวงคลองจั่น เขตบางกะปิ จ.กรุงเทพฯ 10240","13.783466666666667,100.63991833333333",13.783466666666667,100.63991833333333,"บางกะปิ","รอน้ำลด","","ยังส่งไม่ได้",false,"","",""
898,"270803","สิริกานต์ สุคนธพันธ์","2026-09-29T08:20:00+07:00","โอนงานสิ้นวัน","ไม่สามารถเข้าส่งได้ เกิดข้อผิดพลาด (เลื่อนวันที่ส่ง)","16302","เสาร์","B2C","สาขากรุงเทพกรีฑา","146 หมู่บ้านสินธร ซ.25 เมน 2 ถ.แฮปปี้แลนด์สาย 1 แขวงคลองจั่น เขตบางกะปิ จ.กรุงเทพฯ 10240","13.785175120281,100.63751894092",13.785175120281,100.63751894092,"บางกะปิ","รอน้ำลด","","ยังส่งไม่ได้",true,"สถาพร นนท์เข็มพรหม","26/09/2026","ผู้ทำรายการ:สถาพร นนท์เข็มพรหม;โอนงานมาจากวันที่:26/09/2026"
899,"271765","กุลวีย์","2026-09-29T12:07:00+07:00","ปกติ","ไม่สามารถเข้าส่งได้ น้ำท่วมสูงในพื้นที่","16306","อังคาร","B2C","สาขากรุงเทพกรีฑา","98/102 the Eterno ซอยรามคำแหง174 แขวงมีนบุรี เขตมีนบุรี จ.กรุงเทพฯ 10510","13.794501666666667,100.71972833333332",13.794501666666667,100.71972833333332,"มีนบุรี","รอน้ำลด","","ยังส่งไม่ได้",false,"","",""
900,"272187","มณีนิธินันทน์ จำกัด","2026-09-29T12:47:00+07:00","ปกติ","ไม่สามารถเข้าส่งได้ น้ำท่วมสูงในพื้นที่","16305","อังคาร","B2B","สาขากรุงเทพกรีฑา","52/14 ซ.กรุงเทพกรีฑา 15  แขวงทับช้าง เขตสะพานสูง จ.กรุงเทพ 10250","13.746076666666665,100.668605",13.746076666666665,100.668605,"สะพานสูง","รอน้ำลด","","ยังส่งไม่ได้",false,"","",""
901,"272326","SHUAN LI","2026-09-29T10:32:00+07:00","โอนงานสิ้นวัน","ไม่สามารถเข้าส่งได้ น้ำท่วมสูงในพื้นที่","16305","เสาร์","B2C","สาขากรุงเทพกรีฑา","69/49 NARASIRI KRUNGTHEP KREETHA VILLAGE, SOI PRACHA RUAM CHAI,  HUA MAK BANG KAPI BANGKOK 10240","13.755961666666668,100.66466166666666",13.755961666666668,100.66466166666666,"","รอน้ำลด","","ยังส่งไม่ได้",true,"วุฒิชัย จีปน","26/09/2026","ผู้ทำรายการ:วุฒิชัย จีปน;โอนงานมาจากวันที่:26/09/2026"
902,"272691","BRETT GRIBBLE","2026-09-29T12:10:00+07:00","ปกติ","ไม่สามารถเข้าส่งได้ น้ำท่วมสูงในพื้นที่","16306","อังคาร","B2C","สาขากรุงเทพกรีฑา","50/112 PERFECT PLACE 2 SOI 5/4, SOI 174 RAMKHAMHAENG MIN BURI MIN BURI BANGKOK 10510","13.787894999999999,100.72171833333331",13.787894999999999,100.72171833333331,"","รอน้ำลด","","ยังส่งไม่ได้",false,"","",""
903,"273029","CHRIS","2026-09-29T08:25:00+07:00","ปกติ","ไม่สามารถเข้าส่งได้ น้ำท่วมสูงในพื้นที่","16301","อังคาร","B2C","สาขากรุงเทพกรีฑา","37/210, RAMKHAMHAENG 98 ALLEY,  SAPAN SUNG SAPHAN SUNG BANGKOK 10240","13.771375,100.67034666666665",13.771375,100.67034666666665,"","รอน้ำลด","","ยังส่งไม่ได้",false,"","",""
904,"273068","ธนพร วิบูลย์พจน์","2026-09-29T07:54:00+07:00","โอนงานสิ้นวัน","ไม่สามารถเข้าส่งได้ น้ำท่วมสูงในพื้นที่","16203","เสาร์","B2C","สาขากรุงเทพกรีฑา","63 ซ.รามคำแหง 46 ถ.รามคำแหง แขวงหัวหมาก เขตบางกะปิ จ.กรุงเทพฯ 10240","13.755236431337,100.64201000041",13.755236431337,100.64201000041,"บางกะปิ","รอน้ำลด","","ยังส่งไม่ได้",true,"ฤทธิศักดิ์ สระเงินสิงห์","28/09/2026","ผู้ทำรายการ:ฤทธิศักดิ์ สระเงินสิงห์;โอนงานมาจากวันที่:28/09/2026"
905,"273766","จินตนาการ ธุรกิจ จำกัด","2026-09-29T09:49:00+07:00","ปกติ","ไม่สามารถเข้าส่งได้ น้ำท่วมสูงในพื้นที่","16304","อังคาร","B2B","สาขากรุงเทพกรีฑา","489 ถ.ศรีนครินทร์ แขวงพัฒนาการ เขตสวนหลวง จ.กรุงเทพฯ 10250","13.742169999999998,100.64402",13.742169999999998,100.64402,"สวนหลวง","รอน้ำลด","","ยังส่งไม่ได้",false,"","",""
906,"273882","ZAR","2026-09-29T09:49:00+07:00","ปกติ","ไม่สามารถเข้าส่งได้ น้ำท่วมสูงในพื้นที่","16304","อังคาร","B2C","สาขากรุงเทพกรีฑา","THE IRIS CONDO RAMA 9 - SRINAGARINDRA, BUILDING D, ROOM D213, SRINAGARINDRA RD.,  SUAN LUANG, SUAN LUANG, BANGKOK, 102","13.744224999999998,100.64357166666666",13.744224999999998,100.64357166666666,"","รอน้ำลด","","ยังส่งไม่ได้",false,"","",""
907,"275125","จำเริญ","2026-09-29T12:01:00+07:00","โอนงานสิ้นวัน","ไม่สามารถเข้าส่งได้ น้ำท่วมสูงในพื้นที่","16204","เสาร์","B2C","สาขากรุงเทพกรีฑา","2999 ซ.ลาดพร้าว 105 แขวงคลองจั่น เขตบางกะปิ จ.กรุงเทพฯ 10240","13.772754999999998,100.63380333333335",13.772754999999998,100.63380333333335,"บางกะปิ","รอน้ำลด","","ยังส่งไม่ได้",true,"จิรวัฒน์ สัยนิถี","28/09/2026","ผู้ทำรายการ:จิรวัฒน์ สัยนิถี;โอนงานมาจากวันที่:28/09/2026"
908,"275127","นิภาพร ทรัพย์กลาง","2026-09-29T08:16:00+07:00","โอนงานสิ้นวัน","ไม่สามารถเข้าส่งได้ เกิดข้อผิดพลาด (เลื่อนวันที่ส่ง)","16302","เสาร์","B2C","สาขากรุงเทพกรีฑา","694 หมู่บ้านสินธร ซ.7 ถ.แฮปปี้แลนด์ แขวงคลองจั่น เขตบางกะปิ จ.กรุงเทพฯ 10240","13.781926666666667,100.63880166666668",13.781926666666667,100.63880166666668,"บางกะปิ","รอน้ำลด","","ยังส่งไม่ได้",true,"สถาพร นนท์เข็มพรหม","26/09/2026","ผู้ทำรายการ:สถาพร นนท์เข็มพรหม;โอนงานมาจากวันที่:26/09/2026"
909,"276690","THU MIN","2026-09-29T09:48:00+07:00","ปกติ","ไม่สามารถเข้าส่งได้ น้ำท่วมสูงในพื้นที่","16304","อังคาร","B2C","สาขากรุงเทพกรีฑา","THE IRIS CONDO, BUILDING D, FLOOR 4, ROOM 75, SRINAGARINDRA RD,  PHATTHANAKAN, SUAN LUANG, BANGKOK 10250","13.743796666666666,100.64415666666667",13.743796666666666,100.64415666666667,"","รอน้ำลด","","ยังส่งไม่ได้",false,"","",""
910,"277203","ชัยพนธ์ ชวาลวณิชชัย","2026-09-29T12:03:00+07:00","ปกติ","ไม่สามารถเข้าส่งได้ น้ำท่วมสูงในพื้นที่","16201","อังคาร","B2C","สาขากรุงเทพกรีฑา","55/46 PRIVATE NIRVANA EAST ซ.โยธินพัฒนา 11 แยก 7 ถ.ประดิษฐ์มนูธรรม แขวงคลองจั่น เขตบางกะปิ จ.กรุงเทพฯ 10240","13.807471666666666,100.62646666666666",13.807471666666666,100.62646666666666,"บางกะปิ","รอน้ำลด","","ยังส่งไม่ได้",false,"","",""
911,"277253","AUNG KHIN","2026-09-29T12:01:00+07:00","โอนงานสิ้นวัน","ไม่สามารถเข้าส่งได้ น้ำท่วมสูงในพื้นที่","16204","เสาร์","B2C","สาขากรุงเทพกรีฑา","NIRUN CONDOMINIUM BUILDING E FLOOR 4 ROOM 1055 LAT PHRAO 101 SOI 36 KHLONG CHAN BANG KAPI BANGKOK 10240","13.783693333333334,100.63349000000001",13.783693333333334,100.63349000000001,"","รอน้ำลด","","ยังส่งไม่ได้",true,"วุฒิชัย จีปน","26/09/2026","ผู้ทำรายการ:วุฒิชัย จีปน;โอนงานมาจากวันที่:26/09/2026"
912,"277489","เอ็มเคเอ็น คอลเลคชั่น จำกัด (สำนักงานใหญ่)","2026-09-29T08:23:00+07:00","ปกติ","ไม่สามารถเข้าส่งได้ น้ำท่วมสูงในพื้นที่","16301","อังคาร","B2B","สาขากรุงเทพกรีฑา","48/263 ซ.รามคำแหง 104 ถ.รามคำแหง แขวงสะพานสูง เขตสะพานสูง จ.กรุงเทพฯ 10240","13.774413333333333,100.67224999999999",13.774413333333333,100.67224999999999,"สะพานสูง","รอน้ำลด","","ยังส่งไม่ได้",false,"","",""
913,"277840","THANT","2026-09-29T09:47:00+07:00","ปกติ","ไม่สามารถเข้าส่งได้ น้ำท่วมสูงในพื้นที่","16304","อังคาร","B2C","สาขากรุงเทพกรีฑา","THE IRIS CONDOMINIUM BUILDING A FLOOR 2 ROOM 501/37 SRINAGARINDRA ROAD SUAN LUANG SUAN LUANG BANGKOK 10250","13.744173333333332,100.64408999999999",13.744173333333332,100.64408999999999,"","รอน้ำลด","","ยังส่งไม่ได้",false,"","",""
914,"278828","ZARNI LWIN AUNG","2026-09-29T09:47:00+07:00","ปกติ","ไม่สามารถเข้าส่งได้ น้ำท่วมสูงในพื้นที่","16304","อังคาร","B2C","สาขากรุงเทพกรีฑา","501/39 THE IRIS RAMA 9, BUILDING A, FLOOR 3, ROOM 39, SRINAGARINDRA ROAD, SRINAGARINDRA ROAD SUAN LUANG, SUAN LUANG, BANGKOK, 10250","13.744533333333333,100.64355500000002",13.744533333333333,100.64355500000002,"","รอน้ำลด","","ยังส่งไม่ได้",false,"","",""
915,"279017","ทีที แปซิฟิก เอนเนอร์จี จำกัด","2026-09-29T08:26:00+07:00","ปกติ","ไม่สามารถเข้าส่งได้ น้ำท่วมสูงในพื้นที่","16301","อังคาร","B2B","สาขากรุงเทพกรีฑา","48/158 ซ.รามคำแหง 104  แขวงสะพานสูง เขตสะพานสูง จ.กรุงเทพฯ 10240","13.774921666666668,100.67198666666667",13.774921666666668,100.67198666666667,"สะพานสูง","รอน้ำลด","","ยังส่งไม่ได้",false,"","",""
916,"279072","KAUNG SITHU  TUN","2026-09-29T09:47:00+07:00","ปกติ","ไม่สามารถเข้าส่งได้ น้ำท่วมสูงในพื้นที่","16304","อังคาร","B2C","สาขากรุงเทพกรีฑา","THE IRIS CONDO BUILDING D FLOOR 5 ROOM 507/78 SRINAGARINDRA RD SUAN LUANG SUAN LUANG BANGKOK 10250","13.744023333333333,100.64341",13.744023333333333,100.64341,"","รอน้ำลด","","ยังส่งไม่ได้",false,"","",""
917,"279471","PYAE","2026-09-29T18:05:00+07:00","เสริมน้ำ นอกรอบ","ไม่สามารถเข้าส่งได้ น้ำท่วมสูงในพื้นที่","16205","เสาร์","B2C","สาขากรุงเทพกรีฑา","18/1 SKP MANSION 1 Soi RAM 50 22/1 RAMKANHEANG 50 HUA MAK BANG KAPI BANGKOK 10240","13.761013333333334,100.64266333333335",13.761013333333334,100.64266333333335,"","รอน้ำลด","","ยังส่งไม่ได้",false,"","",""
918,"279530","ภัทราวดี คำสุวรรณ","2026-09-29T12:17:00+07:00","ปกติ","ไม่สามารถเข้าส่งได้ เกิดข้อผิดพลาด (เลื่อนวันที่ส่ง)","16204","เสาร์","B2C","สาขากรุงเทพกรีฑา","1240/1036 คอนโดนิรันดร์ซิตี้ ลาดพร้าว 101 ตึก E ถ.ลาดพร้าว 101 แยก 36  แขวงคลองจั่น เขตบางกะปิ จ.กรุงเทพฯ 10240","13.783548333333332,100.63324333333334",13.783548333333332,100.63324333333334,"บางกะปิ","รอน้ำลด","","ยังส่งไม่ได้",false,"","",""
919,"279588","DANICA","2026-09-29T08:25:00+07:00","ปกติ","ไม่สามารถเข้าส่งได้ น้ำท่วมสูงในพื้นที่","16301","อังคาร","B2C","สาขากรุงเทพกรีฑา","47/29 CHUAN CHUEN VILLAGE, SOI 3 RAMKAMHENG 102, SAPHAN SUNG, SAPHAN SUNG, BANGKOK, 10240","13.774346666666668,100.67157666666665",13.774346666666668,100.67157666666665,"","รอน้ำลด","","ยังส่งไม่ได้",false,"","",""
920,"280070","WINT THAWDAR","2026-09-29T09:46:00+07:00","ปกติ","ไม่สามารถเข้าส่งได้ น้ำท่วมสูงในพื้นที่","16304","อังคาร","B2C","สาขากรุงเทพกรีฑา","THE IRIS CONDO, BUILDING F, ROOM NUMBER 511/70, SRINAGARINDRA RD,  PHATTHANAKAN, SUAN LUANG, BANGKOK 10250","13.74426,100.64362166666666",13.74426,100.64362166666666,"","รอน้ำลด","","ยังส่งไม่ได้",false,"","",""
921,"280189","KRISTAL","2026-09-29T12:26:00+07:00","เสริมน้ำ นอกรอบ","ไม่สามารถเข้าส่งได้ น้ำท่วมสูงในพื้นที่","16306","อังคาร","B2C","สาขากรุงเทพกรีฑา","50/216 PERFECT PLACE 2 RAMKAMHAENG 174 MIN BURI MIN BURI BANGKOK 10510","13.785844999999998,100.72026333333334",13.785844999999998,100.72026333333334,"","รอน้ำลด","","ยังส่งไม่ได้",false,"","",""
922,"280605","อารดา จิรกวิน","2026-09-29T12:16:00+07:00","โอนงานสิ้นวัน","ไม่สามารถเข้าส่งได้ น้ำท่วมสูงในพื้นที่","16204","เสาร์","B2C","สาขากรุงเทพกรีฑา","1240/155 นิรันดร์คอนโด ตึก A ชั้น 8 ลาดพร้าว 101 แยก 36 แขวงคลองจั่น เขตบางกะปิ จ.กรุงเทพฯ 10240","13.784161666666668,100.63251833333334",13.784161666666668,100.63251833333334,"บางกะปิ","รอน้ำลด","","ยังส่งไม่ได้",true,"จิรวัฒน์ สัยนิถี","28/09/2026","ผู้ทำรายการ:จิรวัฒน์ สัยนิถี;โอนงานมาจากวันที่:28/09/2026"
923,"280626","รัชนี แซ่จัง","2026-09-29T12:49:00+07:00","ปกติ","ไม่สามารถเข้าส่งได้ น้ำท่วมสูงในพื้นที่","16305","เสาร์","B2C","สาขากรุงเทพกรีฑา","6/124 หมู่บ้านบางกอก บูเลอวาร์ด พระราม 9-ศรีนครินทร์ ถ.กรุงเทพกรีฑา แขวงทับช้าง เขตสะพานสูง กรุงเทพฯ 10250","13.740321666666667,100.67389",13.740321666666667,100.67389,"สะพานสูง","รอน้ำลด","","ยังส่งไม่ได้",false,"","",""
924,"280796","เน็กซเตอร์ ลีฟวิ่ง จำกัด","2026-09-29T12:16:00+07:00","ปกติ","ไม่สามารถเข้าส่งได้ น้ำท่วมสูงในพื้นที่","16201","อังคาร","B2B","สาขากรุงเทพกรีฑา","งาน Showroom at CDC (เลียบด่วนรามอินทรา) ชั้น 3 SCG HOME experience สาขาเลียบทางด่วนเอกมัย-รามอินทรา (CDC)  1444 ซ.ลาดพร้าว 87 แขวงคลองจั่น เขตบางกะปิ จ.กรุงเทพฯ 10240","13.802975,100.61758499999999",13.802975,100.61758499999999,"บางกะปิ","รอน้ำลด","","ยังส่งไม่ได้",false,"","",""
925,"280999","XIAOJING MA","2026-09-29T12:25:00+07:00","ตามน้ำ","ไม่สามารถเข้าส่งได้ น้ำท่วมสูงในพื้นที่","16306","อังคาร","B2C","สาขากรุงเทพกรีฑา","50/70 PERFECT PLACE 2 RAMKHAMHAENG 174, - MIN BURI, MIN BURI, BANGKOK, 10510","13.7873344,100.7228028",13.7873344,100.7228028,"","รอน้ำลด","","ยังส่งไม่ได้",false,"","",""
926,"282378","MOE MOE OO","2026-09-29T19:36:00+07:00","โอนงานสิ้นวัน","ไม่สามารถเข้าส่งได้ น้ำท่วมสูงในพื้นที่","16308","เสาร์","B2C","สาขากรุงเทพกรีฑา","1/38 GRAND BANGKOK BOULEVARD EAST RAMA 9 KRUNGTHEP KREETHA RD THAP CHANG SAPHAN SUNG BANGKOK 10250","13.756029999999999,100.70089666666667",13.756029999999999,100.70089666666667,"","รอน้ำลด","","ยังส่งไม่ได้",true,"วุฒิชัย จีปน","26/09/2026","ผู้ทำรายการ:วุฒิชัย จีปน;โอนงานมาจากวันที่:26/09/2026"
927,"282415","MAY THIN SOE","2026-09-29T14:02:00+07:00","ตามน้ำ","ไม่สามารถเข้าส่งได้ น้ำท่วมสูงในพื้นที่","16308","เสาร์","B2C","สาขากรุงเทพกรีฑา","335 THE FOURWINGS RESIDENCE BUILDING A FLOOR 22 ROOM 2210A SRINAGARINDA RD. HUA MAK BANG KAPI BANGKOK 10240","13.754056666666667,100.64780166666667",13.754056666666667,100.64780166666667,"","รอน้ำลด","","ยังส่งไม่ได้",false,"","",""
928,"282596","แบลค อาย จำกัด","2026-09-29T09:51:00+07:00","ปกติ","ไม่สามารถเข้าส่งได้ เกิดข้อผิดพลาด (เลื่อนวันที่ส่ง)","16302","อังคาร","B2B","สาขากรุงเทพกรีฑา","52/261 หมู่บ้านกฤษณา ซ.กรุงเทพกรีฑา 15 ถ.กรุงเทพ-กรีฑา  แขวงสะพานสูง เขตสะพานสูง กรุงเทพฯ 10250","13.747053333333334,100.66765333333333",13.747053333333334,100.66765333333333,"สะพานสูง","รอน้ำลด","","ยังส่งไม่ได้",false,"","",""
929,"282643","COLUM JOHN","2026-09-29T08:15:00+07:00","ปกติ","ไม่สามารถเข้าส่งได้ น้ำท่วมสูงในพื้นที่","16301","อังคาร","B2C","สาขากรุงเทพกรีฑา","6, EXCLUSIVE 39, SOI RAMKHAMHAENG 108, RAMKHAMHAENG ROAD SAPAN SUNG SAPHAN SUNG BANGKOK 10240","13.776340000000001,100.672655",13.776340000000001,100.672655,"","รอน้ำลด","","ยังส่งไม่ได้",false,"","",""
930,"282689","สลิค ออโต้ จำกัด","2026-09-29T09:46:00+07:00","ปกติ","ไม่สามารถเข้าส่งได้ น้ำท่วมสูงในพื้นที่","16304","อังคาร","B2B","สาขากรุงเทพกรีฑา","เลขที่ 99/5 ถ.มอเตอร์เวย์ แขวงทับช้าง เขตสะพานสูง กรุงเทพฯ 10250","13.737293333333332,100.67141500000001",13.737293333333332,100.67141500000001,"สะพานสูง","รอน้ำลด","","ยังส่งไม่ได้",false,"","",""
931,"282972","KRISH SEKAR","2026-09-29T14:03:00+07:00","โอนงานสิ้นวัน","ไม่สามารถเข้าส่งได้ น้ำท่วมสูงในพื้นที่","16308","เสาร์","B2C","สาขากรุงเทพกรีฑา","THE FOUR WINGS RESIDENCE 19TH FLOOR UNIT 1905B  HUA MAK BANG KAPI BANGKOK 10240","13.754166666666666,100.64767666666667",13.754166666666666,100.64767666666667,"","รอน้ำลด","","ยังส่งไม่ได้",true,"วุฒิชัย จีปน","26/09/2026","ผู้ทำรายการ:วุฒิชัย จีปน;โอนงานมาจากวันที่:26/09/2026"
932,"283081","PYAE PHYO MYAT","2026-09-29T12:18:00+07:00","ปกติ","ไม่สามารถเข้าส่งได้ น้ำท่วมสูงในพื้นที่","16204","เสาร์","B2C","สาขากรุงเทพกรีฑา","NIRUN CONDO, RM#1240/1800,  FL#3,   BUILDING H, SOI 36 LADPRAO 101   KHLONG CHAN, BANG KAPI, BANGKOK, 10240","13.783465000000001,100.63322166666667",13.783465000000001,100.63322166666667,"","รอน้ำลด","","ยังส่งไม่ได้",false,"","",""
933,"28385/1","โปรเฟล็กซ์ อินดัสเตรียล จำกัด","2026-09-29T12:19:00+07:00","ปกติ","ไม่สามารถเข้าส่งได้ น้ำท่วมสูงในพื้นที่","16201","อังคาร","B2B","สาขากรุงเทพกรีฑา","1448 คริสตัล ดีไซน์ เซ็นเตอร์ อาคาร F ชั้น 2 ห้อง 201, 204, 205, 206, 209 ซ.ลาดพร้าว 87 (จันทราสุข) แขวงคลองจั่น เขตบางกะปิ กรุงเทพมหานคร 10240","13.804716666666666,100.61898166666667",13.804716666666666,100.61898166666667,"บางกะปิ","รอน้ำลด","","ยังส่งไม่ได้",false,"","",""
934,"284359","ศตวรรษ","2026-09-29T10:35:00+07:00","โอนงานสิ้นวัน","ไม่สามารถเข้าส่งได้ น้ำท่วมสูงในพื้นที่","16305","เสาร์","B2C","สาขากรุงเทพกรีฑา","69/56  หมู่บ้านนาราสิริ กรุงเทพกรีฑา ซ.ประชาร่วมใจ  แขวงหัวหมาก เขตบางกะปิ จ.กรุงเทพฯ 10240","13.756548333333335,100.66258166666667",13.756548333333335,100.66258166666667,"บางกะปิ","รอน้ำลด","","ยังส่งไม่ได้",true,"ฤทธิศักดิ์ สระเงินสิงห์","28/09/2026","ผู้ทำรายการ:ฤทธิศักดิ์ สระเงินสิงห์;โอนงานมาจากวันที่:28/09/2026"
935,"284368","ชนิดา  เวชวินิจ","2026-09-29T12:44:00+07:00","ปกติ","ไม่สามารถเข้าส่งได้ น้ำท่วมสูงในพื้นที่","16305","อังคาร","B2C","สาขากรุงเทพกรีฑา"," 31/39 หมู่บ้านกฤษณาไพรเวท ซอยกรุงเทพกรีฑา 15 แขวงสะพานสูง เขตสะพานสูง จ.กรุงเทพฯ 10240","13.745781666666668,100.66959833333334",13.745781666666668,100.66959833333334,"สะพานสูง","รอน้ำลด","","ยังส่งไม่ได้",false,"","",""
936,"284528","ABHISHEK SHAH","2026-09-29T14:02:00+07:00","โอนงานสิ้นวัน","ไม่สามารถเข้าส่งได้ น้ำท่วมสูงในพื้นที่","16308","เสาร์","B2C","สาขากรุงเทพกรีฑา","335, ROOM: 1802A, THE FOURWINGS RESIDENCE, SRINAGARINDRA RD,  HUA MAK, BANG KAPI, BANGKOK, 10240","13.754066666666665,100.647495",13.754066666666665,100.647495,"","รอน้ำลด","","ยังส่งไม่ได้",true,"วุฒิชัย จีปน","26/09/2026","ผู้ทำรายการ:วุฒิชัย จีปน;โอนงานมาจากวันที่:26/09/2026"
937,"285007","MYAT PAN PHYU","2026-09-29T09:44:00+07:00","ปกติ","ไม่สามารถเข้าส่งได้ น้ำท่วมสูงในพื้นที่","16304","อังคาร","B2C","สาขากรุงเทพกรีฑา","THE IRIS CONDO RAMA 9, 507/29 BUILDING D PHATTHANAKAN,SUANLAUNG,BANGKOK 10250","13.743644999999999,100.64409666666667",13.743644999999999,100.64409666666667,"","รอน้ำลด","","ยังส่งไม่ได้",false,"","",""
938,"285188","นิรุจ กล้วยทอง","2026-09-29T10:35:00+07:00","โอนงานสิ้นวัน","ไม่สามารถเข้าส่งได้ เกิดข้อผิดพลาด (เลื่อนวันที่ส่ง)","16305","เสาร์","B2C","สาขากรุงเทพกรีฑา","69/64 หมู่บ้านนาราสิริ ซ.ประชาร่วมใจ  แขวงหัวหมาก เขตบางกะปิ จ.กรุงเทพฯ 10240","13.756756666666668,100.663155",13.756756666666668,100.663155,"บางกะปิ","รอน้ำลด","","ยังส่งไม่ได้",true,"สถาพร นนท์เข็มพรหม","26/09/2026","ผู้ทำรายการ:สถาพร นนท์เข็มพรหม;โอนงานมาจากวันที่:26/09/2026"
939,"285213","HEIN THU ZAW","2026-09-29T09:44:00+07:00","ปกติ","ไม่สามารถเข้าส่งได้ น้ำท่วมสูงในพื้นที่","16304","อังคาร","B2C","สาขากรุงเทพกรีฑา","THE IRIS CONDO BUILDING A, FLOOR 3, ROOM 501/46 SUAN LUANG SUAN LUANG BANGKOK 10250","13.744655,100.64368166666667",13.744655,100.64368166666667,"","รอน้ำลด","","ยังส่งไม่ได้",false,"","",""
940,"285403","โอลด์ ลีส แบงค็อก จำกัด","2026-09-29T12:48:00+07:00","ปกติ","ไม่สามารถเข้าส่งได้ น้ำท่วมสูงในพื้นที่","16305","อังคาร","B2B","สาขากรุงเทพกรีฑา","52/29 ซ.กรุงเทพกรีฑา 15 แขวงสะพานสูง เขตสะพานสูง จ.กรุงเทพฯ 10240","13.745583333333332,100.66886500000001",13.745583333333332,100.66886500000001,"สะพานสูง","รอน้ำลด","","ยังส่งไม่ได้",false,"","",""
941,"285853","LIN XIAO HONG","2026-09-29T10:33:00+07:00","โอนงานสิ้นวัน","ไม่สามารถเข้าส่งได้ น้ำท่วมสูงในพื้นที่","16305","เสาร์","B2C","สาขากรุงเทพกรีฑา","69/31 NARASIRI KRUNGTHEPKREETHASOI PRACHA RUAMCHAI  HUA MAK, BANG KAPI, BANGKOK, 10240","13.756649999999999,100.66460666666666",13.756649999999999,100.66460666666666,"","รอน้ำลด","","ยังส่งไม่ได้",true,"วุฒิชัย จีปน","26/09/2026","ผู้ทำรายการ:วุฒิชัย จีปน;โอนงานมาจากวันที่:26/09/2026"
942,"286364","รัชพล","2026-09-29T08:21:00+07:00","ปกติ","ไม่สามารถเข้าส่งได้ น้ำท่วมสูงในพื้นที่","16302","เสาร์","B2C","สาขากรุงเทพกรีฑา","868 หมู่บ้านสินธร  ซ.2  แขวงคลองจั่น เขตบางกะปิ จ.กรุงเทพฯ 10240","13.781361666666665,100.64049333333332",13.781361666666665,100.64049333333332,"บางกะปิ","รอน้ำลด","","ยังส่งไม่ได้",false,"","",""
943,"286438","ฉลองศักดิ์ แซ่หลิว","2026-09-29T12:08:00+07:00","ปกติ","ไม่สามารถเข้าส่งได้ น้ำท่วมสูงในพื้นที่","16306","อังคาร","B2C","สาขากรุงเทพกรีฑา","171/12 หมู่บ้านศุภาลัยพาร์ควิลล์ รามคำแหง 174 แขวงมีนบุรี เขตมีนบุรี จ.กรุงเทพฯ 10510","13.790501666666668,100.71933666666668",13.790501666666668,100.71933666666668,"มีนบุรี","รอน้ำลด","","ยังส่งไม่ได้",false,"","",""
944,"28704/1","อีซี่ กอล์ฟ จำกัด","2026-09-29T12:45:00+07:00","ปกติ","ไม่สามารถเข้าส่งได้ น้ำท่วมสูงในพื้นที่","16204","อังคาร","B2B","สาขากรุงเทพกรีฑา","109 ซ.โพธิ์แก้ว 3 แยก 27  แขวงคลองจั่น เขตบางกะปิ จ.กรุงเทพฯ 10240","13.808525000000001,100.63396333333334",13.808525000000001,100.63396333333334,"บางกะปิ","รอน้ำลด","","ยังส่งไม่ได้",false,"","",""
945,"288500","ขจรศักดิ์","2026-09-29T12:49:00+07:00","ปกติ","ไม่สามารถเข้าส่งได้ น้ำท่วมสูงในพื้นที่","16204","เสาร์","B2C","สาขากรุงเทพกรีฑา","61/5 หมู่บ้านทิพย์ ซอยลาดพร้าว101แยก46 แขวงคลองจั่น เขตบางกะปิ จ.กรุงเทพฯ 10240","13.794920000000001,100.63307333333333",13.794920000000001,100.63307333333333,"บางกะปิ","รอน้ำลด","","ยังส่งไม่ได้",false,"","",""
946,"288857","EI YAMONE PHOO","2026-09-29T09:57:00+07:00","เสริมน้ำ ตรงรอบ","ไม่สามารถเข้าส่งได้ น้ำท่วมสูงในพื้นที่","16304","อังคาร","B2C","สาขากรุงเทพกรีฑา","THE IRIS CONDO, BUILDING F, ROOM 511/7, RD. SRINAGARINDRA SUAN LUANG, SUAN LUANG, BANGKOK, 10250","13.743191666666666,100.64565166666668",13.743191666666666,100.64565166666668,"","รอน้ำลด","","ยังส่งไม่ได้",false,"","",""
947,"289106","นภัสรณ์ สร้อยสิงห์","2026-09-29T14:51:00+07:00","เสริมน้ำ นอกรอบ","ไม่สามารถเข้าส่งได้ น้ำท่วมสูงในพื้นที่","16303","อังคาร","B2C","สาขากรุงเทพกรีฑา","36, ซ.สุเหร่าหัวหมากน้อย แยก 1, ถ.รามคำแหง แขวงหัวหมาก เขตบางกะปิ จ.กรุงเทพฯ 10240","13.75785,100.65718666666668",13.75785,100.65718666666668,"บางกะปิ","รอน้ำลด","","ยังส่งไม่ได้",false,"","",""
948,"289117","THAW TAR TUN THANT","2026-09-29T12:05:00+07:00","โอนงานสิ้นวัน","ไม่สามารถเข้าส่งได้ เกิดข้อผิดพลาด (เลื่อนวันที่ส่ง)","16204","เสาร์","B2C","สาขากรุงเทพกรีฑา","1240 NIRUN CONDO LAT PHRAO 101, ROOM 1397, FLOOR 7, BUILDING F, LAT PHRAO 101 SOI 36,  KHLONG CHAN, BANG KAPI, BANGKOK 10240","13.783728333333332,100.63282833333332",13.783728333333332,100.63282833333332,"","รอน้ำลด","","ยังส่งไม่ได้",true,"สถาพร นนท์เข็มพรหม","26/09/2026","ผู้ทำรายการ:สถาพร นนท์เข็มพรหม;โอนงานมาจากวันที่:26/09/2026"
949,"289761","พันธ์ธนมาศ  พรหมเรนทร์","2026-09-29T12:13:00+07:00","ปกติ","ไม่สามารถเข้าส่งได้ น้ำท่วมสูงในพื้นที่","16306","อังคาร","B2C","สาขากรุงเทพกรีฑา","เลขที่ 50/229 หมู่บ้านเพอร์เฟคเพลส 2 รามคำแหง 174 ถ.รามคำแหง  แขวงมีนบุรี  เขตมีนบุรี กรุงเทพฯ 10510","13.785471666666668,100.71872666666668",13.785471666666668,100.71872666666668,"มีนบุรี","รอน้ำลด","","ยังส่งไม่ได้",false,"","",""
950,"289783","กมลพร ธีรนิธิมงคลกุล","2026-09-29T12:43:00+07:00","ปกติ","ไม่สามารถเข้าส่งได้ น้ำท่วมสูงในพื้นที่","16204","อังคาร","B2C","สาขากรุงเทพกรีฑา","50/54 ไพรเวท เนอวานา ธรู เอกมัย-รามอินทรา ซ.โพธิแก้ว 3 แยก 17 แขวงคลองจั่น เขตบางกะปิ จ.กรุงเทพฯ 10240","13.808510000000002,100.62959333333335",13.808510000000002,100.62959333333335,"บางกะปิ","รอน้ำลด","","ยังส่งไม่ได้",false,"","",""
951,"29025","สุมาลี อาภัสสรนนท์","2026-09-29T12:07:00+07:00","โอนงานสิ้นวัน","ไม่สามารถเข้าส่งได้ น้ำท่วมสูงในพื้นที่","16204","เสาร์","B2C","สาขากรุงเทพกรีฑา","1 ซ.ลาดพร้าว 103 แขวงคลองจั่น เขตบางกะปิ กรุงเทพฯ 10240","13.7737221,100.6331635",13.7737221,100.6331635,"บางกะปิ","รอน้ำลด","","ยังส่งไม่ได้",true,"วุฒิชัย จีปน","26/09/2026","ผู้ทำรายการ:วุฒิชัย จีปน;โอนงานมาจากวันที่:26/09/2026"
952,"290910","กิตติมา บุนนาค","2026-09-29T08:20:00+07:00","ตามน้ำ","ไม่สามารถเข้าส่งได้ น้ำท่วมสูงในพื้นที่","16302","เสาร์","B2C","สาขากรุงเทพกรีฑา","เลขที่ 1167 ซ.26 หมู่บ้านสินธร ถ.แฮปปี้แลนด์ แขวงคลองจั่น เขตบางกะปิ จ.กรุงเทพฯ 10240","13.785495166666665,100.63913296666666",13.785495166666665,100.63913296666666,"บางกะปิ","รอน้ำลด","","ยังส่งไม่ได้",false,"","",""
953,"291108","ทิพวรรณ","2026-09-29T09:40:00+07:00","ปกติ","ไม่สามารถเข้าส่งได้ น้ำท่วมสูงในพื้นที่","16304","อังคาร","B2C","สาขากรุงเทพกรีฑา","507/64 คอนโดดิ ไอริส พระราม 9 - ศรีนครินทร์ อาคาร ดี ถ.ศรีนครินทร์  แขวงสวนหลวง เขตสวนหลวง จ.กรุงเทพฯ 10250","13.743775000000001,100.64419000000001",13.743775000000001,100.64419000000001,"สวนหลวง","รอน้ำลด","","ยังส่งไม่ได้",false,"","",""
954,"292308","เพอร์เฟค การบัญชี 1 จำกัด","2026-09-29T12:11:00+07:00","ปกติ","ไม่สามารถเข้าส่งได้ น้ำท่วมสูงในพื้นที่","16306","อังคาร","B2B","สาขากรุงเทพกรีฑา","50/97 เพอร์เฟค เพลส 2 ซ.รามคำแหง 174 ถ.รามคำแหง แขวงมีนบุรี เขตมีนบุรี จ.กรุงเทพฯ 10510","13.787665,100.72198666666667",13.787665,100.72198666666667,"มีนบุรี","รอน้ำลด","","ยังส่งไม่ได้",false,"","",""
955,"292962","ชอว์ โกลบอล เอนเนอร์จี จำกัด","2026-09-29T09:51:00+07:00","ปกติ","ไม่สามารถเข้าส่งได้ น้ำท่วมสูงในพื้นที่","16302","อังคาร","B2B","สาขากรุงเทพกรีฑา","52/51 ซอยกรุงเทพกรีฑา 13/1 ถนนกรุงเทพกรีฑา แขวงทับช้าง เขตสะพานสูง กรุงเทพมหานคร 10250","13.747095000000002,100.66829333333332",13.747095000000002,100.66829333333332,"สะพานสูง","รอน้ำลด","","ยังส่งไม่ได้",false,"","",""
956,"293039","ผไทพรรณ ขันตยาภรณ์","2026-09-29T08:27:00+07:00","ปกติ","ไม่สามารถเข้าส่งได้ น้ำท่วมสูงในพื้นที่","16301","อังคาร","B2C","สาขากรุงเทพกรีฑา","บ้านเลขที่ 51/147 หมู่บ้าน ร่มสุขวิลล่า 2 ซอยรามคำเหง  96  แขวงสะพานสูง เขตสะพานสูง จ.กรุงเทพฯ 10240","13.768318333333331,100.67098666666668",13.768318333333331,100.67098666666668,"สะพานสูง","รอน้ำลด","","ยังส่งไม่ได้",false,"","",""
957,"293213","สง่า จงเพิ่มดำรงชัย","2026-09-29T12:46:00+07:00","ปกติ","ไม่สามารถเข้าส่งได้ น้ำท่วมสูงในพื้นที่","16204","อังคาร","B2C","สาขากรุงเทพกรีฑา","1/68 หมู่บ้านสิทธารมย์ รีเจนท์ ซอยโพธิ์แก้ว 3 แยก 18 แขวงคลองจั่น เขตบางกะปิ จ.กรุงเทพฯ 10240","13.807398333333333,100.63532",13.807398333333333,100.63532,"บางกะปิ","รอน้ำลด","","ยังส่งไม่ได้",false,"","",""
958,"293367","บรรหาร","2026-09-29T12:08:00+07:00","ปกติ","ไม่สามารถเข้าส่งได้ เกิดข้อผิดพลาด (เลื่อนวันที่ส่ง)","16306","อังคาร","B2C","สาขากรุงเทพกรีฑา","171/201 หมู่บ้านศุภาลัย พาร์ควิลล์ รามคำแหง 174  ซ.1 ซ.รามคำแหง 174 แขวงมีนบุรี เขตมีนบุรี จ.กรุงเทพฯ 10510","13.79173,100.71989333333335",13.79173,100.71989333333335,"มีนบุรี","รอน้ำลด","","ยังส่งไม่ได้",false,"","",""
959,"293625","THI HTOO NAING","2026-09-29T09:42:00+07:00","ปกติ","ไม่สามารถเข้าส่งได้ น้ำท่วมสูงในพื้นที่","16304","อังคาร","B2C","สาขากรุงเทพกรีฑา","503/43, THE IRIS CONDO RAMA 9, BUILDING B FLOOR 3 SRINAGARINDRA ROAD SUAN LUANG, SUAN LUANG, BANGKOK, 10250","13.7443336,100.6436471",13.7443336,100.6436471,"","รอน้ำลด","","ยังส่งไม่ได้",false,"","",""
960,"293763","สุพัชชา","2026-09-29T12:06:00+07:00","เสริมน้ำ ตรงรอบ","ไม่สามารถเข้าส่งได้ น้ำท่วมสูงในพื้นที่","16306","อังคาร","B2C","สาขากรุงเทพกรีฑา","18/68 นิรันดร์อเวนิว ซ.รามคำแหง 174 แขวงมีนบุรี เขตมีนบุรี จ.กรุงเทพฯ 10510","13.793775000000002,100.72089166666667",13.793775000000002,100.72089166666667,"มีนบุรี","รอน้ำลด","","ยังส่งไม่ได้",false,"","",""
961,"293843","SAI HLYAN PHYOE","2026-09-29T12:05:00+07:00","โอนงานสิ้นวัน","ไม่สามารถเข้าส่งได้ น้ำท่วมสูงในพื้นที่","16204","เสาร์","B2C","สาขากรุงเทพกรีฑา","NIRUN CONDO LAD PHRAO 101, BUILDING E, FLOOR 6, ROOM 1240/1120, SOI LAT PHRAO 101 SOI 36 KHLONG CHAN BANG KAPI BANGKOK 10240","13.783645000000002,100.633255",13.783645000000002,100.633255,"","รอน้ำลด","","ยังส่งไม่ได้",true,"วุฒิชัย จีปน","26/09/2026","ผู้ทำรายการ:วุฒิชัย จีปน;โอนงานมาจากวันที่:26/09/2026"
962,"294156","กรรณิการ์  อัสมารา","2026-09-29T14:00:00+07:00","ตามน้ำ","ไม่สามารถเข้าส่งได้ น้ำท่วมสูงในพื้นที่","16308","เสาร์","B2C","สาขากรุงเทพกรีฑา","335/349 ห้อง 2105B โฟวิงเรสสิเด้นท์ คอนโนมิเนียม ชั้น 21 ถ.ศรีนครินทร์ แขวงหัวหมาก เขตบางกะปิ จ.กรุงเทพฯ 10240","13.75452,100.6471323",13.75452,100.6471323,"บางกะปิ","รอน้ำลด","","ยังส่งไม่ได้",false,"","",""
963,"294226","YE YINT NAUNG","2026-09-29T12:06:00+07:00","โอนงานสิ้นวัน","ไม่สามารถเข้าส่งได้ น้ำท่วมสูงในพื้นที่","16204","เสาร์","B2C","สาขากรุงเทพกรีฑา","LAT PHRAO 101 SOI 36, NIRUN CONDO LAT PHRAO 101, BUILDING E, FLOOR 2, ROOM 990, SOI 36, RD. LAT PHRAO 101 KHLONG CHAN, BANG KAPI, BANGKOK, 10240","13.783736666666668,100.63323833333334",13.783736666666668,100.63323833333334,"","รอน้ำลด","","ยังส่งไม่ได้",true,"สถาพร นนท์เข็มพรหม","26/09/2026","ผู้ทำรายการ:สถาพร นนท์เข็มพรหม;โอนงานมาจากวันที่:26/09/2026"
964,"294560","ธิวาพร สุจริต","2026-09-29T11:58:00+07:00","ตามน้ำ","ไม่สามารถเข้าส่งได้ น้ำท่วมสูงในพื้นที่","16204","เสาร์","B2C","สาขากรุงเทพกรีฑา","25/461 นิรันดร์คอนโด อาคาร ซี ชั้น 1 ร้านกาแฟเจ๊แหม่มกาแฟสด 36 ซ.ลาดพร้าว 101 แยก 36 แขวงคลองจั่น เขตบางกะปิ กรุงเทพฯ 10240","13.783908333333333,100.63334833333332",13.783908333333333,100.63334833333332,"บางกะปิ","รอน้ำลด","","ยังส่งไม่ได้",false,"","",""
965,"294908","พิชญธนินทร์ เลิศสมพงษ์","2026-09-29T12:49:00+07:00","ปกติ","ไม่สามารถเข้าส่งได้ น้ำท่วมสูงในพื้นที่","16305","เสาร์","B2C","สาขากรุงเทพกรีฑา","6/146 บางกอก บูเลอวาร์ด พระราม 9-ศรีนครินทร์ ถ.กรุงเทพกรีฑา แขวงทับช้าง เขตสะพานสูง กรุงเทพฯ 10250","13.739733333333334,100.67435833333333",13.739733333333334,100.67435833333333,"สะพานสูง","รอน้ำลด","","ยังส่งไม่ได้",false,"","",""
966,"294956","เคซี พริ้น จำกัด","2026-09-29T12:06:00+07:00","โอนงานสิ้นวัน","ไม่สามารถเข้าส่งได้ น้ำท่วมสูงในพื้นที่","16204","เสาร์","B2C","สาขากรุงเทพกรีฑา","เลขที่ 48 ซอยลาดพร้าว 101 ซอย 48 แยก 1 แขวงคลองจั่น เขตบางกะปิ จ.กรุงเทพฯ 10240","13.796723333333334,100.63679833333332",13.796723333333334,100.63679833333332,"บางกะปิ","รอน้ำลด","","ยังส่งไม่ได้",true,"วุฒิชัย จีปน","26/09/2026","ผู้ทำรายการ:วุฒิชัย จีปน;โอนงานมาจากวันที่:26/09/2026"
967,"295104","THAW THUREIN SOE","2026-09-29T18:05:00+07:00","เสริมน้ำ นอกรอบ","ไม่สามารถเข้าส่งได้ น้ำท่วมสูงในพื้นที่","16205","เสาร์","B2C","สาขากรุงเทพกรีฑา","ARNUSORN COURT 6, ROOM 6515, FLOOR 5, RAMKHAMHAENG SOI 52,  HUA MAK, BANG KAPI, BANGKOK, 10240","13.759648333333333,100.64328666666667",13.759648333333333,100.64328666666667,"","รอน้ำลด","","ยังส่งไม่ได้",false,"","",""
968,"29613","ธำรงค์ประวัติ เชิดเกียรติคุณ","2026-09-29T12:10:00+07:00","ปกติ","ไม่สามารถเข้าส่งได้ เกิดข้อผิดพลาด (เลื่อนวันที่ส่ง)","16201","อังคาร","B2C","สาขากรุงเทพกรีฑา","3757 หมู่บ้านลาดพร้าว โครงการ 1 (ซ.5/1) ถ.โยธินพัฒนา แขวงคลองจั่น เขตบางกะปิ กรุงเทพฯ 10240","13.8049245,100.6282773",13.8049245,100.6282773,"บางกะปิ","รอน้ำลด","","ยังส่งไม่ได้",false,"","",""
969,"296174","ภาณุพล","2026-09-29T08:14:00+07:00","โอนงานสิ้นวัน","ไม่สามารถเข้าส่งได้ น้ำท่วมสูงในพื้นที่","16302","เสาร์","B2C","สาขากรุงเทพกรีฑา","1151, หมู่บ้านสินธร, ซ.24, ถ.แฮปปี้แลนด์ แขวงคลองจั่น เขตบางกะปิ จ.กรุงเทพฯ 10240","13.785273333333334,100.63969833333334",13.785273333333334,100.63969833333334,"บางกะปิ","รอน้ำลด","","ยังส่งไม่ได้",true,"ฤทธิศักดิ์ สระเงินสิงห์","28/09/2026","ผู้ทำรายการ:ฤทธิศักดิ์ สระเงินสิงห์;โอนงานมาจากวันที่:28/09/2026"
970,"296473","ศุภชัย คำโฮง","2026-09-29T10:37:00+07:00","โอนงานสิ้นวัน","ไม่สามารถเข้าส่งได้ น้ำท่วมสูงในพื้นที่","16305","เสาร์","B2C","สาขากรุงเทพกรีฑา","69/69 นาราสิริ กรุงเทพกรีฑ 15 ซ.ประชาร่วมใจ แขวงหัวหมาก เขตบางกะปิ จ.กรุงเทพฯ 10240","13.757343333333331,100.662075",13.757343333333331,100.662075,"บางกะปิ","รอน้ำลด","","ยังส่งไม่ได้",true,"วีรวัฒน์ อุดมทรัพย์","28/09/2026","ผู้ทำรายการ:วีรวัฒน์ อุดมทรัพย์;โอนงานมาจากวันที่:28/09/2026"
971,"296669","นารินทร์ พรสวรรค์คีรี","2026-09-29T10:34:00+07:00","โอนงานสิ้นวัน","ไม่สามารถเข้าส่งได้ น้ำท่วมสูงในพื้นที่","16305","เสาร์","B2C","สาขากรุงเทพกรีฑา","69/45 นาราสิริ กรุงเทพกรีฑา 69 ซ. ประชาร่วมใจ  แขวงหัวหมาก เขตบางกะปิ จ.กรุงเทพฯ 10240","13.755963333333334,100.665055",13.755963333333334,100.665055,"บางกะปิ","รอน้ำลด","","ยังส่งไม่ได้",true,"วุฒิชัย จีปน","26/09/2026","ผู้ทำรายการ:วุฒิชัย จีปน;โอนงานมาจากวันที่:26/09/2026"
972,"297398","กรรณิญามาศ","2026-09-29T14:20:00+07:00","ปกติ","ไม่สามารถเข้าส่งได้ น้ำท่วมสูงในพื้นที่","16303","อังคาร","B2C","สาขากรุงเทพกรีฑา","เลขที่ 9 ซ.รามคำแหง78 แยก2 แขวงหัวหมาก เขตบางกะปิ จ.กรุงเทพฯ 10240","13.771094999999999,100.66465500000001",13.771094999999999,100.66465500000001,"บางกะปิ","รอน้ำลด","","ยังส่งไม่ได้",false,"","",""
973,"297978","อัญวีณ์","2026-09-29T12:46:00+07:00","ปกติ","ไม่สามารถเข้าส่งได้ น้ำท่วมสูงในพื้นที่","16204","อังคาร","B2C","สาขากรุงเทพกรีฑา","2/13 หมู่บ้านไพรเวททาวน์ ซ.โพธิ์แก้ว 3 แยก 19 แขวงคลองจั่น เขตบางกะปิ จ.กรุงเทพฯ 10240","13.807881666666667,100.63154166666666",13.807881666666667,100.63154166666666,"บางกะปิ","รอน้ำลด","","ยังส่งไม่ได้",false,"","",""
974,"298171","กัญญาภัค","2026-09-29T17:21:00+07:00","โอนงานสิ้นวัน","ไม่สามารถเข้าส่งได้ น้ำท่วมสูงในพื้นที่","16303","เสาร์","B2C","สาขากรุงเทพกรีฑา","ร้านก๋วยเตี๋ยวแชมป์ (ติดกับเซเว่น) ซ.กรุงเทพกรีฑา แยก 7 แขวงหัวหมาก เขตบางกะปิ จ.กรุงเทพฯ 10240","13.749011666666668,100.65667333333334",13.749011666666668,100.65667333333334,"บางกะปิ","รอน้ำลด","","ยังส่งไม่ได้",true,"ฤทธิศักดิ์ สระเงินสิงห์","28/09/2026","ผู้ทำรายการ:ฤทธิศักดิ์ สระเงินสิงห์;โอนงานมาจากวันที่:28/09/2026"
975,"299254","วชิราวุธ คำบอน","2026-09-29T08:15:00+07:00","ปกติ","ไม่สามารถเข้าส่งได้ น้ำท่วมสูงในพื้นที่","16301","อังคาร","B2C","สาขากรุงเทพกรีฑา","เลขที่26, ซ.รามคำแหง 94/1 แขวงสะพานสูง เขตสะพานสูง จ.กรุงเทพฯ 10240","13.772795,100.66896666666668",13.772795,100.66896666666668,"สะพานสูง","รอน้ำลด","","ยังส่งไม่ได้",false,"","",""
976,"299407","ไพลิน สุขเกษม","2026-09-29T08:14:00+07:00","เสริมน้ำ นอกรอบ","ไม่สามารถเข้าส่งได้ น้ำท่วมสูงในพื้นที่","16301","อังคาร","B2C","สาขากรุงเทพกรีฑา","37/65, ฐิติพร1, ซ.รามคำแหง 98, ถ.รามคำแหง แขวงสะพานสูง เขตสะพานสูง จ.กรุงเทพฯ 10240","13.772304999999998,100.67002166666667",13.772304999999998,100.67002166666667,"สะพานสูง","รอน้ำลด","","ยังส่งไม่ได้",false,"","",""
977,"299577","HTET HTET","2026-09-29T09:56:00+07:00","เสริมน้ำ ตรงรอบ","ไม่สามารถเข้าส่งได้ น้ำท่วมสูงในพื้นที่","16304","อังคาร","B2C","สาขากรุงเทพกรีฑา","THE MANSION FLOOR 3 ROOM 303 SOI SRINAKARIN 15 SUAN LUANG, SUAN LUANG, BANGKOK, 10250","13.742085000000001,100.64539500000001",13.742085000000001,100.64539500000001,"","รอน้ำลด","","ยังส่งไม่ได้",false,"","",""
978,"299665","NANDA THU","2026-09-29T12:06:00+07:00","โอนงานสิ้นวัน","ไม่สามารถเข้าส่งได้ เกิดข้อผิดพลาด (เลื่อนวันที่ส่ง)","16204","เสาร์","B2C","สาขากรุงเทพกรีฑา","NIRUN CONDO, BUILDING C, FLOOR 5, ROOM 583 SOI 36 LAD PHRAO 101 KHLONG CHAN, BANG KAPI, BANGKOK, 10240","13.783961666666668,100.63328000000001",13.783961666666668,100.63328000000001,"","รอน้ำลด","","ยังส่งไม่ได้",true,"สถาพร นนท์เข็มพรหม","26/09/2026","ผู้ทำรายการ:สถาพร นนท์เข็มพรหม;โอนงานมาจากวันที่:26/09/2026"
979,"299859","โมนา ทับเปลี่ยน","2026-09-29T09:55:00+07:00","เสริมน้ำ ตรงรอบ","ไม่สามารถเข้าส่งได้ น้ำท่วมสูงในพื้นที่","16304","อังคาร","B2C","สาขากรุงเทพกรีฑา","27 ซ.ศรีนครินทร์7 ถ.ศรีนครินทร์ แขวงหัวหมาก เขตบางกะปิ จ.กรุงเทพฯ 10240","13.746968333333333,100.64699999999999",13.746968333333333,100.64699999999999,"บางกะปิ","รอน้ำลด","","ยังส่งไม่ได้",false,"","",""
980,"29987","สมองอิ่ม จำกัด","2026-09-29T08:26:00+07:00","ปกติ","ไม่สามารถเข้าส่งได้ น้ำท่วมสูงในพื้นที่","16301","อังคาร","B2B","สาขากรุงเทพกรีฑา","51/126 หมู่บ้านร่วมสุข 2 ถ.รามคำแหง แขวงสะพานสูง เขตสะพานสูง กรุงเทพฯ 10240","13.76920519,100.67089734",13.76920519,100.67089734,"สะพานสูง","รอน้ำลด","","ยังส่งไม่ได้",false,"","",""
981,"300450","หลิง","2026-09-29T16:26:00+07:00","โอนงานสิ้นวัน","ไม่สามารถเข้าส่งได้ น้ำท่วมสูงในพื้นที่","16307","จันทร์","B2C","สาขากรุงเทพกรีฑา","1/7 พันดาวกรุงเทพฯกรีฑาทาวน์โฮมซอยกรุงเทพกรีฑา 19  แขวงทับช้าง เขตสะพานสูง กรุงเทพฯ 10250 ","13.743821666666667,100.6731",13.743821666666667,100.6731,"สะพานสูง","รอน้ำลด","","ยังส่งไม่ได้",true,"วุฒิชัย จีปน","26/09/2026","ผู้ทำรายการ:วุฒิชัย จีปน;โอนงานมาจากวันที่:26/09/2026"
982,"300453","AUNG LIN HTET","2026-09-29T18:05:00+07:00","เสริมน้ำ นอกรอบ","ไม่สามารถเข้าส่งได้ น้ำท่วมสูงในพื้นที่","16205","เสาร์","B2C","สาขากรุงเทพกรีฑา","2328 SINSETTHEE RESIDENT TOWN FLOOR 9, ROOM 2002, SOI RAMKHAMHAENG 52/2, HUA MAK BANG KAPI BANGKOK 10240","13.7565577,100.644506",13.7565577,100.644506,"","รอน้ำลด","","ยังส่งไม่ได้",false,"","",""
983,"32990","นิธยา พุฒตาล","2026-09-29T12:06:00+07:00","ปกติ","ไม่สามารถเข้าส่งได้ น้ำท่วมสูงในพื้นที่","16201","อังคาร","B2C","สาขากรุงเทพกรีฑา","88/46 หมู่บ้านไพรเวท เนอวาน่า ซ.โยธินพัฒนา11 ถ.ประดิษฐ์มนูธรรม แขวงคลองจั่น เขตบางกะปิ กรุงเทพฯ 10240","13.8043229,100.6235249",13.8043229,100.6235249,"บางกะปิ","รอน้ำลด","","ยังส่งไม่ได้",false,"","",""
984,"33176/3","สตาร์มาร์คแมนูแฟคเชอร์ริ่ง จำกัด (สำนักงานใหญ่)","2026-09-29T12:15:00+07:00","ปกติ","ไม่สามารถเข้าส่งได้ น้ำท่วมสูงในพื้นที่","16201","อังคาร","B2B","สาขากรุงเทพกรีฑา","1448/2 ศูนย์การค้าCDC คริสตั้ลดีไซน์เซ็นเตอร์ ตึกเอสทูกรุ๊ป ถ.ประดิษฐ์มนูธรรม แขวงคลองจั่น เขตบางกะปิ กรุงเทพฯ 10240","13.8032,100.61897499999999",13.8032,100.61897499999999,"บางกะปิ","รอน้ำลด","","ยังส่งไม่ได้",false,"","",""
985,"33368","ถนอมศรี ฟองอรุณรุ่ง","2026-09-29T12:07:00+07:00","ปกติ","ไม่สามารถเข้าส่งได้ น้ำท่วมสูงในพื้นที่","16201","อังคาร","B2C","สาขากรุงเทพกรีฑา","3601 ม.ลาดพร้าว 1 แขวงคลองจั่น เขตบางกะปิ กรุงเทพฯ 10240","13.805723333333333,100.62582166666668",13.805723333333333,100.62582166666668,"บางกะปิ","รอน้ำลด","","ยังส่งไม่ได้",false,"","",""
986,"34030","ทรงศักดิ์ พูลผล","2026-09-29T08:17:00+07:00","ตามน้ำ","ไม่สามารถเข้าส่งได้ น้ำท่วมสูงในพื้นที่","16302","เสาร์","B2C","สาขากรุงเทพกรีฑา","225 หมู่บ้านสินธร ซ.25 ถ.แฮปปี้แลนด์ แขวงคลองจั่น เขตบางกะปิ กรุงเทพฯ 10240","13.785103333333332,100.63813999999999",13.785103333333332,100.63813999999999,"บางกะปิ","รอน้ำลด","","ยังส่งไม่ได้",false,"","",""
987,"34401","เรวัต รติกานต์","2026-09-29T14:22:00+07:00","โอนงานสิ้นวัน","ไม่สามารถเข้าส่งได้ น้ำท่วมสูงในพื้นที่","16203","เสาร์","B2C","สาขากรุงเทพกรีฑา","68 ซ.รามคำแหง 26/2 (หมู่บ้านเดชา) แขวงหัวหมาก เขตบางกะปิ กรุงเทพฯ 10240","13.754834999999998,100.63233833333334",13.754834999999998,100.63233833333334,"บางกะปิ","รอน้ำลด","","ยังส่งไม่ได้",true,"จิรวัฒน์ สัยนิถี","28/09/2026","ผู้ทำรายการ:จิรวัฒน์ สัยนิถี;โอนงานมาจากวันที่:28/09/2026"
988,"36468","นันทกาญจน์ รัตนฐิตินันต์","2026-09-29T08:15:00+07:00","โอนงานสิ้นวัน","ไม่สามารถเข้าส่งได้ เกิดข้อผิดพลาด (เลื่อนวันที่ส่ง)","16302","เสาร์","B2C","สาขากรุงเทพกรีฑา","271 ซ.นวมินทร์ 11 ถ.นวมินทร์ แขวงคลองจั่น เขตบางกะปิ กรุงเทพฯ 10240","13.7743695,100.64532922",13.7743695,100.64532922,"บางกะปิ","รอน้ำลด","","ยังส่งไม่ได้",true,"สถาพร นนท์เข็มพรหม","26/09/2026","ผู้ทำรายการ:สถาพร นนท์เข็มพรหม;โอนงานมาจากวันที่:26/09/2026"
989,"37591","ฟิวเจอร์ อโกรแอนด์ เฮลท์ตี้ แคร์ จำกัด","2026-09-29T08:24:00+07:00","ปกติ","ไม่สามารถเข้าส่งได้ น้ำท่วมสูงในพื้นที่","16301","อังคาร","B2B","สาขากรุงเทพกรีฑา","48/216-218 หมู่ 1 ซ.รามคำแหง104 ถ.รามคำแหง  แขวงสะพานสูง เขตสะพานสูง จ.กรุงเทพฯ 10240","13.7725549,100.6735828",13.7725549,100.6735828,"สะพานสูง","รอน้ำลด","","ยังส่งไม่ได้",false,"","",""
990,"40936","เจ เอส มารีไทม์ จำกัด","2026-09-29T14:01:00+07:00","โอนงานสิ้นวัน","ไม่สามารถเข้าส่งได้ น้ำท่วมสูงในพื้นที่","16308","เสาร์","B2B","สาขากรุงเทพกรีฑา","335/3 อาคารเดอะโฟร์วิงส์ เรสซิเดนซ์ ชั้น 1 ถ.ศรีนครินทร์ แขวงหัวหมาก เขตบางกะปิ กรุงเทพมหานคร 10240","13.753888333333334,100.64775833333333",13.753888333333334,100.64775833333333,"บางกะปิ","รอน้ำลด","","ยังส่งไม่ได้",true,"วีรวัฒน์ อุดมทรัพย์","28/09/2026","ผู้ทำรายการ:วีรวัฒน์ อุดมทรัพย์;โอนงานมาจากวันที่:28/09/2026"
991,"40937","ทรู แวลูเอชั่น จำกัด","2026-09-29T12:46:00+07:00","ปกติ","ไม่สามารถเข้าส่งได้ น้ำท่วมสูงในพื้นที่","16305","อังคาร","B2B","สาขากรุงเทพกรีฑา","เลขที่ 52/106-107 ซ.กรุงเทพกรีฑา 15 ถ.กรุงเทพกรีฑา  แขวงทับช้าง เขตสะพานสูง กรุงเทพฯ 10250","13.74643053,100.66904311",13.74643053,100.66904311,"สะพานสูง","รอน้ำลด","","ยังส่งไม่ได้",false,"","",""
992,"41651","ธนชา จำกัด","2026-09-29T12:48:00+07:00","ปกติ","ไม่สามารถเข้าส่งได้ น้ำท่วมสูงในพื้นที่","16305","อังคาร","B2B","สาขากรุงเทพกรีฑา","52/62 หมู่บ้านกฤษณา ซ.กรุงเทพกรีฑา 15 ถ.กรุงเทพ-กรีฑา แขวงสะพานสูง เขตสะพานสูง กรุงเทพฯ 10250","13.7464095,100.6685539",13.7464095,100.6685539,"สะพานสูง","รอน้ำลด","","ยังส่งไม่ได้",false,"","",""
993,"43037","สำนักงานพัฒนาธุรกิจ พี บี เอส จำกัด","2026-09-29T12:07:00+07:00","ปกติ","ไม่สามารถเข้าส่งได้ น้ำท่วมสูงในพื้นที่","16306","อังคาร","B2B","สาขากรุงเทพกรีฑา","98/13-14 หมู่บ้าน ดิ อิเธอโน่ ซ.รามคําแหง 174 ถ.รามคําแหง แขวงมีนบุรี เขตมีนบุรี จ.กรุงเทพฯ 10510","13.793433333333333,100.72000833333335",13.793433333333333,100.72000833333335,"มีนบุรี","รอน้ำลด","","ยังส่งไม่ได้",false,"","",""
994,"44321","ปรารถนา เหลืองวิชัยสกุล","2026-09-29T12:09:00+07:00","โอนงานสิ้นวัน","ไม่สามารถเข้าส่งได้ น้ำท่วมสูงในพื้นที่","16204","เสาร์","B2C","สาขากรุงเทพกรีฑา","90/103 หมู่บ้านทาวน์พลัส ซ.โพธิ์แก้ว แยกลาดพร้าว 101 แขวงคลองจั่น เขตบางกะปิ กรุงเทพฯ 10240","13.797711666666665,100.63481166666666",13.797711666666665,100.63481166666666,"บางกะปิ","รอน้ำลด","","ยังส่งไม่ได้",true,"ฤทธิศักดิ์ สระเงินสิงห์","28/09/2026","ผู้ทำรายการ:ฤทธิศักดิ์ สระเงินสิงห์;โอนงานมาจากวันที่:28/09/2026"
995,"44344","เอสพีเอฟ อินเตอร์เทรด จำกัด","2026-09-29T14:23:00+07:00","โอนงานสิ้นวัน","ไม่สามารถเข้าส่งได้ น้ำท่วมสูงในพื้นที่","16203","เสาร์","B2B","สาขากรุงเทพกรีฑา","+2104/143(185) หมู่บ้านเดชา ถ.รามคำแหง 26/2 แขวงหัวหมาก เขตบางกะปิ กรุงเทพฯ 10240","13.7557542,100.6323063",13.7557542,100.6323063,"บางกะปิ","รอน้ำลด","","ยังส่งไม่ได้",true,"วีรวัฒน์ อุดมทรัพย์","28/09/2026","ผู้ทำรายการ:วีรวัฒน์ อุดมทรัพย์;โอนงานมาจากวันที่:28/09/2026"
996,"44490/1","วรรณสินี","2026-09-29T12:10:00+07:00","ปกติ","ไม่สามารถเข้าส่งได้ น้ำท่วมสูงในพื้นที่","16306","อังคาร","B2C","สาขากรุงเทพกรีฑา","50/93 หมู่บ้านเพอร์เฟคเพลส2 ซอย5/2 ถนนรามคำแหง174 แขวงมีนบุรี เขตมีนบุรี กรุงเทพฯ 10510","13.787189999999999,100.72139166666666",13.787189999999999,100.72139166666666,"มีนบุรี","รอน้ำลด","","ยังส่งไม่ได้",false,"","",""
997,"44525","วิวัฒน์ สุขกมลสันติพร","2026-09-29T12:10:00+07:00","ปกติ","ไม่สามารถเข้าส่งได้ น้ำท่วมสูงในพื้นที่","16201","อังคาร","B2C","สาขากรุงเทพกรีฑา","3745 หมู่บ้านบ้านลาดพร้าว (ซ.5/2) ซ.โยธินพัฒนา 11 แยก 7 ถ.ประดิษฐ์มนูธรรม แขวงคลองจั่น เขตบางกะปิ กรุงเทพฯ 10240","13.8058611,100.6279489",13.8058611,100.6279489,"บางกะปิ","รอน้ำลด","","ยังส่งไม่ได้",false,"","",""
998,"45577","วิเชียร เมฆสวัสดิ์","2026-09-29T09:42:00+07:00","ปกติ","ไม่สามารถเข้าส่งได้ เกิดข้อผิดพลาด (เลื่อนวันที่ส่ง)","16304","อังคาร","B2C","สาขากรุงเทพกรีฑา","84 ซ.รินรดา ถ.ศรีนครินทร์ แขวงสวนหลวง เขตสวนหลวง กรุงเทพฯ 10250","13.742014188975817,100.64563419542323",13.742014188975817,100.64563419542323,"สวนหลวง","รอน้ำลด","","ยังส่งไม่ได้",false,"","",""
999,"45694/1","Gary Colin","2026-09-29T09:14:00+07:00","ปกติ","ไม่สามารถเข้าส่งได้ น้ำท่วมสูงในพื้นที่","16308","เสาร์","B2C","สาขากรุงเทพกรีฑา","9/63 หมู่บ้านเค.ซี. เนเชอรัลซิตี้ รามคำแหง ถ.กาญจนาภิเษก  แขวงราษฎร์พัฒนา เขตสะพานสูง กรุงเทพมหานคร 10240 ","13.77514948,100.69334383",13.77514948,100.69334383,"สะพานสูง","รอน้ำลด","","ยังส่งไม่ได้",false,"","",""
1000,"47124/1","วิพุธพันธ์ วิสิฐสิริ","2026-09-29T12:45:00+07:00","ปกติ","ไม่สามารถเข้าส่งได้ น้ำท่วมสูงในพื้นที่","16305","อังคาร","B2C","สาขากรุงเทพกรีฑา","31/26 หมู่บ้าน กฤษณา ไพรเวท  ถ.กรุงเทพกรีฑา แขวงสะพานสูง เขตสะพานสูง จ.กรุงเทพฯ 10240","13.745839999999998,100.66942333333333",13.745839999999998,100.66942333333333,"สะพานสูง","รอน้ำลด","","ยังส่งไม่ได้",false,"","",""
1001,"47743","มนฤดี ขวัญมิ่ง","2026-09-29T12:09:00+07:00","โอนงานสิ้นวัน","ไม่สามารถเข้าส่งได้ น้ำท่วมสูงในพื้นที่","16204","เสาร์","B2C","สาขากรุงเทพกรีฑา","90/85 หมู่บ้านทาวน์พลัส ลาดพร้าว 101 ถนนโพธ์แก้ว  แขวงคลองจั่น เขตบางกะปิ กรุงเทพฯ 10240","13.796671666666668,100.63195166666668",13.796671666666668,100.63195166666668,"บางกะปิ","รอน้ำลด","","ยังส่งไม่ได้",true,"วุฒิชัย จีปน","26/09/2026","ผู้ทำรายการ:วุฒิชัย จีปน;โอนงานมาจากวันที่:26/09/2026"
1002,"48114","พรพิมล ลิ้มสมัย","2026-09-29T12:10:00+07:00","โอนงานสิ้นวัน","ไม่สามารถเข้าส่งได้ น้ำท่วมสูงในพื้นที่","16204","เสาร์","B2C","สาขากรุงเทพกรีฑา","90/107 หมู่บ้านทาวน์พลัส ถ.โพธิ์แก้ว แขวงคลองจั่น เขตบางกะปิ กรุงเทพฯ 10240","13.796753333333333,100.63251833333334",13.796753333333333,100.63251833333334,"บางกะปิ","รอน้ำลด","","ยังส่งไม่ได้",true,"จิรวัฒน์ สัยนิถี","28/09/2026","ผู้ทำรายการ:จิรวัฒน์ สัยนิถี;โอนงานมาจากวันที่:28/09/2026"
1003,"48324","วีณา เกตุจันทรา","2026-09-29T12:10:00+07:00","โอนงานสิ้นวัน","ไม่สามารถเข้าส่งได้ น้ำท่วมสูงในพื้นที่","16204","เสาร์","B2C","สาขากรุงเทพกรีฑา","90/95 หมู่บ้านทาวน์พลัส ซ.ลาดพร้าว 101 ถ.โพธิ์แก้ว แขวงคลองจั่น เขตบางกะปิ กรุงเทพฯ 10240","13.783918333333334,100.63161833333334",13.783918333333334,100.63161833333334,"บางกะปิ","รอน้ำลด","","ยังส่งไม่ได้",true,"สถาพร นนท์เข็มพรหม","26/09/2026","ผู้ทำรายการ:สถาพร นนท์เข็มพรหม;โอนงานมาจากวันที่:26/09/2026"
1004,"48994","อรุณี เอี่ยมกระสินธุ์","2026-09-29T08:15:00+07:00","โอนงานสิ้นวัน","ไม่สามารถเข้าส่งได้ น้ำท่วมสูงในพื้นที่","16302","เสาร์","B2C","สาขากรุงเทพกรีฑา","288 ซ.นวมินทร์ 11 ถ.นวมินทร์ แขวงคลองจั่น เขตบางกะปิ กรุงเทพฯ 10200","13.774421666666667,100.64537833333334",13.774421666666667,100.64537833333334,"บางกะปิ","รอน้ำลด","","ยังส่งไม่ได้",true,"ฤทธิศักดิ์ สระเงินสิงห์","28/09/2026","ผู้ทำรายการ:ฤทธิศักดิ์ สระเงินสิงห์;โอนงานมาจากวันที่:28/09/2026"
1005,"49849","MING KAI","2026-09-29T14:00:00+07:00","โอนงานสิ้นวัน","ไม่สามารถเข้าส่งได้ น้ำท่วมสูงในพื้นที่","16308","เสาร์","B2C","สาขากรุงเทพกรีฑา","335/274 THE FOURWINGS RESIDENCE FLOOR 18 ROOM 1803A SRINAKARIN RD HUA MAK BANG KAPI BANGKOK 10240","13.7538462,100.6476914",13.7538462,100.6476914,"","รอน้ำลด","","ยังส่งไม่ได้",true,"วีรวัฒน์ อุดมทรัพย์","28/09/2026","ผู้ทำรายการ:วีรวัฒน์ อุดมทรัพย์;โอนงานมาจากวันที่:28/09/2026"
1006,"51000","นิธิ วณิคพันธุ์","2026-09-29T12:11:00+07:00","ปกติ","ไม่สามารถเข้าส่งได้ น้ำท่วมสูงในพื้นที่","16201","อังคาร","B2C","สาขากรุงเทพกรีฑา","3987 หมู่บ้านลาดพร้าวโครงการ1 ซ.โยธินพัฒนา ถ.ประดิษฐ์มนูธรรม แขวงวังทองหลาง เขตวังทองหลาง กรุงเทพฯ 10240","13.8051198,100.6272679",13.8051198,100.6272679,"วังทองหลาง","รอน้ำลด","","ยังส่งไม่ได้",false,"","",""
1007,"51397","ไพรเวท เนอวานา จำกัด","2026-09-29T12:07:00+07:00","ปกติ","ไม่สามารถเข้าส่งได้ น้ำท่วมสูงในพื้นที่","16201","อังคาร","B2B","สาขากรุงเทพกรีฑา","8 ซ.โยธินพัฒนา 11 แยก 7  แขวงคลองจั่น เขตบางกะปิ จ.กรุงเทพฯ 10240","13.8048944,100.621095",13.8048944,100.621095,"บางกะปิ","รอน้ำลด","","ยังส่งไม่ได้",false,"","",""
1008,"51449","ทัศลักษณ์ แก้วไทรเกิด","2026-09-29T12:05:00+07:00","ปกติ","ไม่สามารถเข้าส่งได้ เกิดข้อผิดพลาด (เลื่อนวันที่ส่ง)","16201","อังคาร","B2C","สาขากรุงเทพกรีฑา","88/31 ม.ไพรเวทเนอ วานา เรสสิเดนซ์ ซ.โยธินพัฒนา11แยก7 ถ.โยธินพัฒนา แขวงคลองจั่น เขตบางกะปิ กรุงเทพฯ 10240","13.80468606,100.62419835",13.80468606,100.62419835,"บางกะปิ","รอน้ำลด","","ยังส่งไม่ได้",false,"","",""
1009,"52119","ไพลิน สิทธิราชา","2026-09-29T09:15:00+07:00","ปกติ","ไม่สามารถเข้าส่งได้ น้ำท่วมสูงในพื้นที่","16308","เสาร์","B2C","สาขากรุงเทพกรีฑา","9/159 หมู่บ้านเนเชอรัลซิตี้ เลกาซี ถ.กาญจนาภิเษก  แขวงราษฎร์พัฒนา เขตสะพานสูง จ.กรุงเทพฯ 10240","13.7745926,100.6918476",13.7745926,100.6918476,"สะพานสูง","รอน้ำลด","","ยังส่งไม่ได้",false,"","",""
1010,"54592","TERESITA BUNYAKARTE","2026-09-29T14:34:00+07:00","โอนงานสิ้นวัน","ไม่สามารถเข้าส่งได้ น้ำท่วมสูงในพื้นที่","16203","เสาร์","B2C","สาขากรุงเทพกรีฑา","198 RAMKAMHAENG SOI 26/1, RAMKAMHAENG RD., HUAMARK, BANGKAPI, BANGKOK 10240","13.7545808,100.6319383",13.7545808,100.6319383,"","รอน้ำลด","","ยังส่งไม่ได้",true,"วีรวัฒน์ อุดมทรัพย์","28/09/2026","ผู้ทำรายการ:วีรวัฒน์ อุดมทรัพย์;โอนงานมาจากวันที่:28/09/2026"
1011,"55295","วราภรณ์ มณีเนตร","2026-09-29T12:10:00+07:00","ปกติ","ไม่สามารถเข้าส่งได้ น้ำท่วมสูงในพื้นที่","16306","อังคาร","B2C","สาขากรุงเทพกรีฑา","50/109 หมู่บ้านเพอร์เฟค เฟส เฟส 2 ซ.รามคำแหง 174 ถ.รามคำแหง แขวงมีนบุรี เขตมีนบุรี จ.กรุงเทพฯ 10510","13.787491816187055,100.72164218616261",13.787491816187055,100.72164218616261,"มีนบุรี","รอน้ำลด","","ยังส่งไม่ได้",false,"","",""
1012,"55658","หมู่บ้านจัดสรรบ้านลาดพร้าว","2026-09-29T11:52:00+07:00","เสริมน้ำ ตรงรอบ","ไม่สามารถเข้าส่งได้ น้ำท่วมสูงในพื้นที่","16201","อังคาร","B2B","สาขากรุงเทพกรีฑา","4029 ซ.โยธินพัฒนา 11 แยก 7 ถ.โยธินพัฒนา แขวงคลองจั่น เขตบางกะปิ กรุงเทพฯ 10240","13.805185672827065,100.62598356977105",13.805185672827065,100.62598356977105,"บางกะปิ","รอน้ำลด","","ยังส่งไม่ได้",false,"","",""
1013,"57086","เคมกรุ๊ป จำกัด","2026-09-29T08:16:00+07:00","ปกติ","ไม่สามารถเข้าส่งได้ น้ำท่วมสูงในพื้นที่","16301","อังคาร","B2B","สาขากรุงเทพกรีฑา","48/173 หมู่ 1 โครงการเซ็นเตอร์เพลส ซ.รามคำแหง 104 ถ.รามคำแหง แขวงสะพานสูง เขตสะพานสูง กรุงเทพฯ 10240","13.774468302726746,100.67226173356175",13.774468302726746,100.67226173356175,"สะพานสูง","รอน้ำลด","","ยังส่งไม่ได้",false,"","",""
1014,"57507","ขวัญยืน เลิศเกษตรกรรม","2026-09-29T08:24:00+07:00","โอนงานสิ้นวัน","ไม่สามารถเข้าส่งได้ น้ำท่วมสูงในพื้นที่","16302","เสาร์","B2C","สาขากรุงเทพกรีฑา","283/269 บางกะปิคอนโดทาวน์ อาคารเอเก่า ชั้น 7 ซ.ลาดพร้าว 121 แขวงคลองจั่น เขตบางกะปิ กรุงเทพฯ 10240","13.773695000000002,100.643875",13.773695000000002,100.643875,"บางกะปิ","รอน้ำลด","","ยังส่งไม่ได้",true,"ฤทธิศักดิ์ สระเงินสิงห์","28/09/2026","ผู้ทำรายการ:ฤทธิศักดิ์ สระเงินสิงห์;โอนงานมาจากวันที่:28/09/2026"
1015,"59275","รัมภา ถาวรวันชัย","2026-09-29T10:43:00+07:00","โอนงานสิ้นวัน","ไม่สามารถเข้าส่งได้ น้ำท่วมสูงในพื้นที่","16306","เสาร์","B2C","สาขากรุงเทพกรีฑา","4/325 หมู่บ้านโชคชัยปัญจทรัพย์ ถ.รามคำแหง 184 แขวงมีนบุรี เขตมีนบุรี กรุงเทพฯ 10510","13.7832848,100.726888",13.7832848,100.726888,"มีนบุรี","รอน้ำลด","","ยังส่งไม่ได้",true,"วีรวัฒน์ อุดมทรัพย์","28/09/2026","ผู้ทำรายการ:วีรวัฒน์ อุดมทรัพย์;โอนงานมาจากวันที่:28/09/2026"
1016,"60526","ยุทธภูมิ ศิลาจันทร์","2026-09-29T11:53:00+07:00","ปกติ","ไม่สามารถเข้าส่งได้ น้ำท่วมสูงในพื้นที่","16201","อังคาร","B2C","สาขากรุงเทพกรีฑา","19/19 หมู่บ้านทาวน์พลัสเอ็กซ์ ซ.โยธินพัฒนา 11 ถ.ประดิษฐ์มนูธรรม แขวงคลองจั่น เขตบางกะปิ กรุงเทพฯ 10240","13.8056614,100.6228355",13.8056614,100.6228355,"บางกะปิ","รอน้ำลด","","ยังส่งไม่ได้",false,"","",""
1017,"63328/2","องอาจ ธรรมนิทา","2026-09-29T12:02:00+07:00","ปกติ","ไม่สามารถเข้าส่งได้ น้ำท่วมสูงในพื้นที่","16201","อังคาร","B2C","สาขากรุงเทพกรีฑา","19/28 หมู่บ้านทาวน์เอ็กพลัส ซ.โยธินพัฒนา 11 แยก 7  ถ.ประดิษฐ์มนูธรรม แขวงคลองจั่น เขตบางกะปิ จ.กรุงเทพฯ 10240","13.8061048,100.6227787",13.8061048,100.6227787,"บางกะปิ","รอน้ำลด","","ยังส่งไม่ได้",false,"","",""
1018,"65463","เอ-ทรีท จำกัด","2026-09-29T12:16:00+07:00","โอนงานสิ้นวัน","ไม่สามารถเข้าส่งได้ เกิดข้อผิดพลาด (เลื่อนวันที่ส่ง)","16204","ศุกร์","B2B","สาขากรุงเทพกรีฑา","1/78 หมู่บ้านแฮปปี้แลนด์ แกรนด์วิลล์ ซ.ลาดพร้าว 101 (ซ.53) ถ.ลาดพร้าว แขวงคลองจั่น เขตบางกะปิ กรุงเทพฯ 10240","13.801248333333335,100.62667000000002",13.801248333333335,100.62667000000002,"บางกะปิ","รอน้ำลด","","ยังส่งไม่ได้",true,"สถาพร นนท์เข็มพรหม","26/09/2026","ผู้ทำรายการ:สถาพร นนท์เข็มพรหม;โอนงานมาจากวันที่:26/09/2026"
1019,"67105","ประเสริฐ ฤทธิ์พิริยะกิจ","2026-09-29T08:27:00+07:00","ปกติ","ไม่สามารถเข้าส่งได้ น้ำท่วมสูงในพื้นที่","16301","อังคาร","B2C","สาขากรุงเทพกรีฑา","51/102 หมู่บ้าน ร่มสุขวิลล่า 2 ซ.รามคำแหง 96 ถ.สุขาภิบาล 3 แขวงสะพานสูง เขตสะพานสูง จ.กรุงเทพฯ 10240","13.7679202,100.6714364",13.7679202,100.6714364,"สะพานสูง","รอน้ำลด","","ยังส่งไม่ได้",false,"","",""
1020,"67220","นิพาพร สุขเกษม","2026-09-29T09:14:00+07:00","โอนงานสิ้นวัน","ไม่สามารถเข้าส่งได้ น้ำท่วมสูงในพื้นที่","16308","เสาร์","B2C","สาขากรุงเทพกรีฑา","9/76 หมู่บ้านเค ซี เนเชอรัลซิตี้ ถ.กาญจนาภิเษก  แขวงสะพานสูง เขตสะพานสูง จ.กรุงเทพฯ 10240 ","13.77501214,100.69471171",13.77501214,100.69471171,"สะพานสูง","รอน้ำลด","","ยังส่งไม่ได้",true,"วีรวัฒน์ อุดมทรัพย์","28/09/2026","ผู้ทำรายการ:วีรวัฒน์ อุดมทรัพย์;โอนงานมาจากวันที่:28/09/2026"
1021,"67933","อุมาภรณ์ สงนาวา","2026-09-29T15:37:00+07:00","ปกติ","ไม่สามารถเข้าส่งได้ น้ำท่วมสูงในพื้นที่","16308","อังคาร","B2C","สาขากรุงเทพกรีฑา","100/311 หมู่บ้านสิรินเทพ 9 ม.7 ซ.ราษฎร์พัฒนา ถ.สุขาภิบาล 3 แขวงสะพานสูง เขตสะพานสูง กรุงเทพฯ 10240","13.772988151911994,100.70374316047541",13.772988151911994,100.70374316047541,"สะพานสูง","รอน้ำลด","","ยังส่งไม่ได้",false,"","",""
1022,"68692","ซิมมอนส์ เครื่องนอน และ เฟอร์นิเจอร์ (ไทยแลนด์) จำกัด","2026-09-29T12:17:00+07:00","ปกติ","ไม่สามารถเข้าส่งได้ น้ำท่วมสูงในพื้นที่","16201","อังคาร","B2B","สาขากรุงเทพกรีฑา","1448 โครงการคริสตัล ดีไซน์ เซ็นเตอร์ อาคารเอฟ ห้อง 113 ชั้น 1 ซ.ลาดพร้าว 87 (จันทราสุข) ถ.ประดิษฐ์มนูธรรม แขวงคลองจั่น เขตบางกะปิ จ.กรุงเทพฯ 10240","13.80451,100.6187551",13.80451,100.6187551,"บางกะปิ","รอน้ำลด","","ยังส่งไม่ได้",false,"","",""
1023,"68796","สำนักงานประกันสังคมกรุงเทพมหานครพื้นที่ 9","2026-09-29T08:25:00+07:00","ปกติ","ไม่สามารถเข้าส่งได้ น้ำท่วมสูงในพื้นที่","16302","อังคาร, ศุกร์","B2B","สาขากรุงเทพกรีฑา","3191,38 ศูนย์การค้าพันธุ์ทิพย์ พลาซ่า บางกะปิ ชั้น 5  ซ.ลาดพร้าว 127 ถ.ลาดพร้าว แขวงคลองจั่น เขตบางกะปิ กรุงเทพมหานคร 10240","13.76736735,100.64644681",13.76736735,100.64644681,"บางกะปิ","รอน้ำลด","","ยังส่งไม่ได้",false,"","",""
1024,"69126/1","ยงยุทธ","2026-09-29T11:53:00+07:00","ปกติ","ไม่สามารถเข้าส่งได้ น้ำท่วมสูงในพื้นที่","16201","อังคาร","B2C","สาขากรุงเทพกรีฑา","19/23 ม.ทาวพลัสเอ็กซ์ลาดพร้าว ซ.โยธินพัฒนา11 แยก7 ถ.ประดิษฐ์มนูธรรม แขวงคลองจั่น เขตบางกะปิ จ.กรุงเทพฯ 10240","13.806016666666668,100.62289333333335",13.806016666666668,100.62289333333335,"บางกะปิ","รอน้ำลด","","ยังส่งไม่ได้",false,"","",""
1025,"75665","มณีวรรณ บุญนาโพธิ์","2026-09-29T10:43:00+07:00","โอนงานสิ้นวัน","ไม่สามารถเข้าส่งได้ น้ำท่วมสูงในพื้นที่","16306","เสาร์","B2C","สาขากรุงเทพกรีฑา","3/534 หมู่บ้านโชคชัยปัญจทรัพย์ ซ.รามคำแหง 184 ถ.รามคำแหง  แขวงมีนบุรี เขตมีนบุรี จ.กรุงเทพฯ 10510","13.786595,100.73296166666665",13.786595,100.73296166666665,"มีนบุรี","รอน้ำลด","","ยังส่งไม่ได้",true,"วีรวัฒน์ อุดมทรัพย์","28/09/2026","ผู้ทำรายการ:วีรวัฒน์ อุดมทรัพย์;โอนงานมาจากวันที่:28/09/2026"
1026,"76840","อรพรรณ อัศวศรีโยธิน","2026-09-29T12:06:00+07:00","ปกติ","ไม่สามารถเข้าส่งได้ น้ำท่วมสูงในพื้นที่","16201","อังคาร","B2C","สาขากรุงเทพกรีฑา","88/8 หมู่บ้านไพรเวท เนอวานา เรสสิเดนซ์ ถ.ประดิษฐ์มนูธรรม แขวงคลองจั่น เขตบางกะปิ กรุงเทพฯ 10240","13.8050516,100.6230453",13.8050516,100.6230453,"บางกะปิ","รอน้ำลด","","ยังส่งไม่ได้",false,"","",""
1027,"79182/1","เมดิทอป จำกัด","2026-09-29T11:52:00+07:00","เสริมน้ำ ตรงรอบ","ไม่สามารถเข้าส่งได้ น้ำท่วมสูงในพื้นที่","16201","อังคาร","B2B","สาขากรุงเทพกรีฑา","334 ซ.โยธินพัฒนา 11 แยก 9  แขวงคลองจั่น เขตบางกะปิ กรุงเทพ 10240","13.804178333333335,100.62197999999998",13.804178333333335,100.62197999999998,"บางกะปิ","รอน้ำลด","","ยังส่งไม่ได้",false,"","",""
1028,"79612","อรอุษา พิทักษ์ภราดร","2026-09-29T08:25:00+07:00","โอนงานสิ้นวัน","ไม่สามารถเข้าส่งได้ เกิดข้อผิดพลาด (เลื่อนวันที่ส่ง)","16302","เสาร์","B2C","สาขากรุงเทพกรีฑา","380 หมู่บ้านแฮปปี้แลนด์ (เก่า) ซ.4 ถ.สุขาภิบาล 1 แขวงคลองจั่น เขตบางกะปิ กทม.10240","13.783683333333332,100.64400666666667",13.783683333333332,100.64400666666667,"บางกะปิ","รอน้ำลด","","ยังส่งไม่ได้",true,"สถาพร นนท์เข็มพรหม","26/09/2026","ผู้ทำรายการ:สถาพร นนท์เข็มพรหม;โอนงานมาจากวันที่:26/09/2026"
1029,"80004/1","ไชน่า หมิงหัว กรุ๊ป จำกัด","2026-09-29T14:04:00+07:00","ปกติ","ไม่สามารถเข้าส่งได้ น้ำท่วมสูงในพื้นที่","16308","อังคาร","B2B","สาขากรุงเทพกรีฑา","98/38 หมู่บ้านเปี่ยมภิรมย์ ซ.มิสทีน ถ.ราชพัฒนา 15 แขวงสะพานสูง เขตสะพานสูง กรุงเทพฯ 10240","13.766893839005787,100.70555696909113",13.766893839005787,100.70555696909113,"สะพานสูง","รอน้ำลด","","ยังส่งไม่ได้",false,"","",""
1030,"80336","MIRKO VULETA","2026-09-29T09:55:00+07:00","ตามน้ำ","ไม่สามารถเข้าส่งได้ น้ำท่วมสูงในพื้นที่","16304","อังคาร","B2C","สาขากรุงเทพกรีฑา","5 ELITE RESIDENCE R#14/21 3-4FL. SRINAKARIN RD,. HUAMARK, BANG KAPI, BANGKOK 10240","13.747925156698816,100.64619598825679",13.747925156698816,100.64619598825679,"","รอน้ำลด","","ยังส่งไม่ได้",false,"","",""
1031,"80666/2","โกลบอล เมช จำกัด","2026-09-29T12:12:00+07:00","ปกติ","ไม่สามารถเข้าส่งได้ น้ำท่วมสูงในพื้นที่","16201","อังคาร","B2B","สาขากรุงเทพกรีฑา","3941 หมู่บ้านลาดพร้าว ซ.โยธินพัฒนา 11 แยก 7 แขวงคลองจั่น เขตบางกะปิ จ.กรุงเทพฯ 10240","13.8043614,100.6252427",13.8043614,100.6252427,"บางกะปิ","รอน้ำลด","","ยังส่งไม่ได้",false,"","",""
1032,"82192","ยงยุทธ คงรักช้าง","2026-09-29T12:45:00+07:00","ปกติ","ไม่สามารถเข้าส่งได้ น้ำท่วมสูงในพื้นที่","16204","อังคาร","B2C","สาขากรุงเทพกรีฑา","12/1 ซอยโพธิ์แก้ว 3 แยก 19 แขวงคลองจั่น เขตบางกะปิ กรุงเทพฯ 10240","13.80999,100.63113833333334",13.80999,100.63113833333334,"บางกะปิ","รอน้ำลด","","ยังส่งไม่ได้",false,"","",""
1033,"82192/1","อภิรดี รัตนวิภาพงศ์","2026-09-29T12:45:00+07:00","ปกติ","ไม่สามารถเข้าส่งได้ น้ำท่วมสูงในพื้นที่","16204","อังคาร","B2C","สาขากรุงเทพกรีฑา","12/1 ซอยโพธิ์แก้ว 3 แยก 19 แขวงคลองจั่น เขตบางกะปิ กรุงเทพฯ 10240","13.809916460886598,100.63090860843658",13.809916460886598,100.63090860843658,"บางกะปิ","รอน้ำลด","","ยังส่งไม่ได้",false,"","",""
1034,"82890","ธนศิริดีเซล จำกัด","2026-09-29T09:43:00+07:00","ปกติ","ไม่สามารถเข้าส่งได้ น้ำท่วมสูงในพื้นที่","16304","อังคาร","B2B","สาขากรุงเทพกรีฑา","425 ถ.ศรีนครินทร์ แขวงสวนหลวง เขตสวนหลวง กรุงเทพฯ 10250","13.743583333333333,100.64354999999999",13.743583333333333,100.64354999999999,"สวนหลวง","รอน้ำลด","","ยังส่งไม่ได้",false,"","",""
1035,"83880","ดวงพร แซ่ฉิน","2026-09-29T12:11:00+07:00","ปกติ","ไม่สามารถเข้าส่งได้ น้ำท่วมสูงในพื้นที่","16306","อังคาร","B2C","สาขากรุงเทพกรีฑา","50/122 หมู่บ้านเพอร์เฟคเพลส 2 ซ.รามคำแหง 174 ถ.รามคำแหง แขวงมีนบุรี เขตมีนบุรี จ.กรุงเทพฯ 10510","13.78785380579523,100.72164187729233",13.78785380579523,100.72164187729233,"มีนบุรี","รอน้ำลด","","ยังส่งไม่ได้",false,"","",""
1036,"84059","เดอร์เวย์ จำกัด","2026-09-29T12:08:00+07:00","ปกติ","ไม่สามารถเข้าส่งได้ น้ำท่วมสูงในพื้นที่","16201","อังคาร","B2B","สาขากรุงเทพกรีฑา","1254/1 หมู่บ้าน อาร์โค ซ.ลาดพร้าว 87 (จันทราสุข) แขวงคลองจั่น เขตบางกะปิ กรุงเทพฯ 10240","13.8058599,100.6199744",13.8058599,100.6199744,"บางกะปิ","รอน้ำลด","","ยังส่งไม่ได้",false,"","",""
1037,"84817","AYE AYE TUN","2026-09-29T14:02:00+07:00","โอนงานสิ้นวัน","ไม่สามารถเข้าส่งได้ น้ำท่วมสูงในพื้นที่","16308","เสาร์","B2C","สาขากรุงเทพกรีฑา","FOURWINGS RESIDENT R#1110B, 11FL., SRINAGARINDRA RD.,   HUA MAK BANG KAPI BANGKOK 10240","13.75416155,100.64770797",13.75416155,100.64770797,"","รอน้ำลด","","ยังส่งไม่ได้",true,"จิรวัฒน์ สัยนิถี","28/09/2026","ผู้ทำรายการ:จิรวัฒน์ สัยนิถี;โอนงานมาจากวันที่:28/09/2026"
1038,"88205","จารุณี มาลากาญจน์","2026-09-29T12:16:00+07:00","โอนงานสิ้นวัน","ไม่สามารถเข้าส่งได้ เกิดข้อผิดพลาด (เลื่อนวันที่ส่ง)","16204","เสาร์","B2C","สาขากรุงเทพกรีฑา","90/70 หมู่บ้านทาวน์พลัส ซ.โพธิ์แก้ว 2 ถ.ลาดพร้าว 101 แขวงคลองจั่น เขตบางกะปิ กรุงเทพฯ 10240","13.7969568,100.6328711",13.7969568,100.6328711,"บางกะปิ","รอน้ำลด","","ยังส่งไม่ได้",true,"สถาพร นนท์เข็มพรหม","26/09/2026","ผู้ทำรายการ:สถาพร นนท์เข็มพรหม;โอนงานมาจากวันที่:26/09/2026"
1039,"90345","พิมพ์ดาว เหลืองวารินกุล","2026-09-29T12:10:00+07:00","ปกติ","ไม่สามารถเข้าส่งได้ น้ำท่วมสูงในพื้นที่","16201","อังคาร","B2C","สาขากรุงเทพกรีฑา","3705 หมู่บ้าน ลาดพร้าว ซ.โยธินพัฒนา 11 แยก 7 แขวงคลองจั่น เขตบางกะปิ กรุงเทพฯ 10240","13.8063848,100.6279661",13.8063848,100.6279661,"บางกะปิ","รอน้ำลด","","ยังส่งไม่ได้",false,"","",""
1040,"91313","โตมร บรรเรืองทอง","2026-09-29T08:25:00+07:00","โอนงานสิ้นวัน","ไม่สามารถเข้าส่งได้ น้ำท่วมสูงในพื้นที่","16302","เสาร์","B2C","สาขากรุงเทพกรีฑา","452 หมู่บ้านแฮปปี้แลนด์ ถ.แฮปปี้แลนด์ แขวงคลองจั่น เขตบางกะปิ กรุงเทพฯ 10240","13.78223817,100.64313176",13.78223817,100.64313176,"บางกะปิ","รอน้ำลด","","ยังส่งไม่ได้",true,"วีรวัฒน์ อุดมทรัพย์","28/09/2026","ผู้ทำรายการ:วีรวัฒน์ อุดมทรัพย์;โอนงานมาจากวันที่:28/09/2026"
1041,"92032","เทคโนคร็อป จำกัด","2026-09-29T08:15:00+07:00","ปกติ","ไม่สามารถเข้าส่งได้ น้ำท่วมสูงในพื้นที่","16301","อังคาร","B2B","สาขากรุงเทพกรีฑา","48/169 หมู่บ้านเซ็นเตอร์เพลส ถ.รามคำแหง ซ.รามคำแหง 40 แขวงสะพานสูง เขตสะพานสูง กรุงเทพฯ 10240","13.774308333333332,100.67239",13.774308333333332,100.67239,"สะพานสูง","รอน้ำลด","","ยังส่งไม่ได้",false,"","",""
1042,"93023","น้ำค้าง มหันตธนพันธุ์","2026-09-29T11:58:00+07:00","ปกติ","ไม่สามารถเข้าส่งได้ น้ำท่วมสูงในพื้นที่","16306","อังคาร","B2C","สาขากรุงเทพกรีฑา","18/23 หมู่บ้านนิรันดร์อเวนิว ซ.รามคำแหง 174 ถ.รามคำแหง แขวงมีนบุรี เขตมีนบุรี กรุงเทพฯ 10510","13.793166852791925,100.7208783625508",13.793166852791925,100.7208783625508,"มีนบุรี","รอน้ำลด","","ยังส่งไม่ได้",false,"","",""
1043,"93558","เดอะ ไวน์ เอสเตท จำกัด","2026-09-29T12:11:00+07:00","ปกติ","ไม่สามารถเข้าส่งได้ น้ำท่วมสูงในพื้นที่","16201","อังคาร","B2B","สาขากรุงเทพกรีฑา","4005 ซ.โยธินพัฒนา11 แยก7 ถ.ประดิษฐ์มนูธรรม แขวงคลองจั่น เขตบางกะปิ กรุงเทพฯ 10240","13.804896666666666,100.62543166666667",13.804896666666666,100.62543166666667,"บางกะปิ","รอน้ำลด","","ยังส่งไม่ได้",false,"","",""
1044,"93625","บุญประเสริฐ สาคร","2026-09-29T12:10:00+07:00","ปกติ","ไม่สามารถเข้าส่งได้ น้ำท่วมสูงในพื้นที่","16306","อังคาร","B2C","สาขากรุงเทพกรีฑา","50/243 หมู่บ้านเพอร์เฟคเพลส 2 ซ.รามคำแหง 174 ถ.รามคำแหง แขวงมีนบุรี เขตมีนบุรี กรุงเทพฯ 10510","13.786125742903874,100.71987993720666",13.786125742903874,100.71987993720666,"มีนบุรี","รอน้ำลด","","ยังส่งไม่ได้",false,"","",""
1045,"96816","ธนฉัตร กำธร","2026-09-29T10:31:00+07:00","โอนงานสิ้นวัน","ไม่สามารถเข้าส่งได้ น้ำท่วมสูงในพื้นที่","16305","เสาร์","B2C","สาขากรุงเทพกรีฑา"," 69/27 หมู่บ้าน นาราสิริ ซอย กรุงเทพกรีฑา 15 (ประชาร่วมใจ)  แขวงหัวหมาก เขตบางกะปิ จ.กรุงเทพฯ 10240","13.757266666666665,100.66403833333334",13.757266666666665,100.66403833333334,"บางกะปิ","รอน้ำลด","","ยังส่งไม่ได้",true,"วีรวัฒน์ อุดมทรัพย์","28/09/2026","ผู้ทำรายการ:วีรวัฒน์ อุดมทรัพย์;โอนงานมาจากวันที่:28/09/2026"
1046,"98930","วรรธน์สรร จำกัด (สำนักงานใหญ่)","2026-09-29T11:09:00+07:00","ปกติ","ไม่สามารถเข้าส่งได้ น้ำท่วมสูงในพื้นที่","16203","อังคาร","B2B","สาขากรุงเทพกรีฑา","2 ซ.รามคำแหง 83/2 ถ.รามคำแหง แขวงหัวหมาก เขตบางกะปิ กรุงเทพฯ 10240","13.7622815,100.6383849",13.7622815,100.6383849,"บางกะปิ","รอน้ำลด","","ยังส่งไม่ได้",false,"","",""
1047,"99235","ดีแล่น ฟิล์ม จำกัด (สำนักงานใหญ่)","2026-09-29T12:12:00+07:00","ปกติ","ไม่สามารถเข้าส่งได้ น้ำท่วมสูงในพื้นที่","16201","อังคาร","B2B","สาขากรุงเทพกรีฑา","1254/19 ซ.ลาดพร้าว 87 (จันทราสุข) แขวงคลองจั่น เขตบางกะปิ กทม. 10240","13.806136,100.6198927",13.806136,100.6198927,"บางกะปิ","รอน้ำลด","","ยังส่งไม่ได้",false,"","",""
1048,"99283/1","ประไพ มะลัย","2026-09-29T12:16:00+07:00","โอนงานสิ้นวัน","ไม่สามารถเข้าส่งได้ เกิดข้อผิดพลาด (เลื่อนวันที่ส่ง)","16204","เสาร์","B2C","สาขากรุงเทพกรีฑา","90/46 หมู่บ้าน ทาวน์พลัสลาดพร้าว101 ซ.2 ถ.โพธิ์แก้ว แขวงคลองจั่น เขตบางกะปิ จ.กรุงเทพฯ 10240","13.79728,100.633075",13.79728,100.633075,"บางกะปิ","รอน้ำลด","","ยังส่งไม่ได้",true,"สถาพร นนท์เข็มพรหม","26/09/2026","ผู้ทำรายการ:สถาพร นนท์เข็มพรหม;โอนงานมาจากวันที่:26/09/2026"
1049,"00114/168","โทรคมนาคมแห่งชาติ จำกัด (มหาชน)","2026-09-28T12:46:00+07:00","ปกติ","ไม่สามารถเข้าส่งได้ น้ำท่วมสูงในพื้นที่","16303","จันทร์","B2B","สาขากรุงเทพกรีฑา","ตบบน.2.1.1(2) คลองจั่น  อาคารศูนย์ติดตั้งและบำรุงรักษาที่ 2.1.1(2) ซ.รามคำแหง 76 แขวงหัวหมาก เขตบางกะปิ จ.กรุงเทพฯ 10240","13.76700101,100.66549907",13.76700101,100.66549907,"บางกะปิ","รอน้ำลด","","ยังส่งไม่ได้",false,"","",""
1050,"00333/52","ไฮเวย์ จำกัด","2026-09-28T13:11:00+07:00","เสริมน้ำ นอกรอบ","ไม่สามารถเข้าส่งได้ น้ำท่วมสูงในพื้นที่","16204","จันทร์","B2B","สาขากรุงเทพกรีฑา","125 ซ.ลาดพร้าว 101 ถ.ลาดพร้าว แขวงคลองจั่น เขตบางกะปิ จ.กรุงเทพฯ 10240","13.7933524,100.6279619",13.7933524,100.6279619,"บางกะปิ","รอน้ำลด","","ยังส่งไม่ได้",false,"","",""
1051,"00362/1","เพรซิเดนท์อินเตอร์ฟูด จำกัด","2026-09-28T10:32:00+07:00","ปกติ","ไม่สามารถเข้าส่งได้ น้ำท่วมสูงในพื้นที่","16304","จันทร์","B2B","สาขากรุงเทพกรีฑา","304 อาคารทีเอฟกรุ๊ป ชั้น 9 ถ.ศรีนครินทร์ แขวงหัวหมาก เขตบางกะปิ กรุงเทพฯ","13.75241145,100.64474856",13.75241145,100.64474856,"บางกะปิ","รอน้ำลด","","ยังส่งไม่ได้",false,"","",""
1052,"00940/216","DHL eCommerce Solutions (Thailand) Limited","2026-09-28T13:06:00+07:00","ปกติ","ไม่สามารถเข้าส่งได้ น้ำท่วมสูงในพื้นที่","16204","จันทร์","B2B","สาขากรุงเทพกรีฑา","โกดัง DHL (สีดำ) อยู่ในซ.โพธิ์ 3 แยก 6/1  แขวงคลองจั่น เขตบางกะปิ จ.กรุงเทพฯ 10240","13.802375,100.63555166666666",13.802375,100.63555166666666,"บางกะปิ","รอน้ำลด","","ยังส่งไม่ได้",false,"","",""
1053,"01011/15","ไทยฮอนด้า จำกัด (สาขาที่ 00001)","2026-09-28T12:36:00+07:00","ปกติ","ไม่สามารถเข้าส่งได้ น้ำท่วมสูงในพื้นที่","16303","จันทร์, ศุกร์","B2B","สาขากรุงเทพกรีฑา","1289 ศูนย์ฝึกอบรมด้านงานขายและเทคนิค ถ.รามคำแหง แขวงหัวหมาก เขตบางกะปิ กรุงเทพฯ 10240","13.77173611,100.6641868",13.77173611,100.6641868,"บางกะปิ","รอน้ำลด","","ยังส่งไม่ได้",false,"","",""
1054,"01722/41","มิตซูบิชิ เอลเลเวเตอร์ (ประเทศไทย) จำกัด (สำนักงานใหญ่)","2026-09-28T13:09:00+07:00","ปกติ","ไม่สามารถเข้าส่งได้ น้ำท่วมสูงในพื้นที่","16303","จันทร์","B2B","สาขากรุงเทพกรีฑา","ศูนย์บริการบางกะปิ เลขที่ 21 ซ.รามคำแหง 70 แขวงหัวหมาก เขตบางกะปิ จ.กรุงเทพฯ 10240","13.76710403,100.65844922",13.76710403,100.65844922,"บางกะปิ","รอน้ำลด","","ยังส่งไม่ได้",false,"","",""
1055,"02515/2","เทพรัตน แอสเสท จำกัด","2026-09-28T11:51:00+07:00","ปกติ","ไม่สามารถเข้าส่งได้ น้ำท่วมสูงในพื้นที่","16307","จันทร์","B2B","สาขากรุงเทพกรีฑา","59/116 หมู่บ้านโฮมเพลส ซ.8 ซ.รามคำแแหง 140 แขวงราษฏร์พัฒนา เขตสะพานสูง จ.กรุงเทพฯ 10240","13.78018036,100.69174805",13.78018036,100.69174805,"สะพานสูง","รอน้ำลด","","ยังส่งไม่ได้",false,"","",""
1056,"03237/32","อาคารสงเคราะห์ (สาขาลาดพร้าว)","2026-09-28T14:10:00+07:00","ปกติ","ไม่สามารถเข้าส่งได้ น้ำท่วมสูงในพื้นที่","16206","จันทร์","B2B","สาขากรุงเทพกรีฑา","2326 ถ.ลาดพร้าว แขวงวังทองหลาง เขตวังทองหลาง กรุงเทพฯ 10240","13.78014001,100.61961904",13.78014001,100.61961904,"วังทองหลาง","รอน้ำลด","","ยังส่งไม่ได้",false,"","",""
1057,"04202","วิภาค เวทย์วิทยวัฒนา","2026-09-28T13:42:00+07:00","ปกติ","ไม่สามารถเข้าส่งได้ น้ำท่วมสูงในพื้นที่","16307","จันทร์","B2C","สาขากรุงเทพกรีฑา","13 ซ.รามคำแหง 118 แยก 15 ถ.รามคำแหง  แขวงสะพานสูง เขตสะพานสูง กทม.10240","13.775693333333333,100.68384166666668",13.775693333333333,100.68384166666668,"สะพานสูง","รอน้ำลด","","ยังส่งไม่ได้",false,"","",""
1058,"04776/1","สงวนศรี นิโครวัฒนยิ่งยง","2026-09-28T14:32:00+07:00","ปกติ","ไม่สามารถเข้าส่งได้ เกิดข้อผิดพลาด (เลื่อนวันที่ส่ง)","16206","จันทร์","B2C","สาขากรุงเทพกรีฑา","270/21 หมู่บ้านรอยัลพาร์ควิลล์ ซ.รามคำแหง 65 (ดิษพงศ์) ถ.รามคำแหง แขวงหัวหมาก เขตบางกะปิ กรุงเทพฯ 10240","13.768295,100.62089666666667",13.768295,100.62089666666667,"บางกะปิ","รอน้ำลด","","ยังส่งไม่ได้",false,"","",""
1059,"05046/3","ไบโอโลจิค รีเชอร์เช (ประเทศไทย) จำกัด","2026-09-28T12:01:00+07:00","ปกติ","ไม่สามารถเข้าส่งได้ น้ำท่วมสูงในพื้นที่","16203","จันทร์","B2B","สาขากรุงเทพกรีฑา","73 Ramkhamhaeng Hills ชั้น 9 ห้อง F,G ถ.รามคำแหง แขวงหัวหมาก เขตบางกะปิ จ.กรุงเทพฯ 10240","13.753715,100.61059500000002",13.753715,100.61059500000002,"บางกะปิ","รอน้ำลด","","ยังส่งไม่ได้",false,"","",""
1060,"05894/108","เซ็นทรัล วัตสัน จำกัด","2026-09-28T13:24:00+07:00","ปกติ","ไม่สามารถเข้าส่งได้ น้ำท่วมสูงในพื้นที่","16301","จันทร์","B2B","สาขากรุงเทพกรีฑา","86/2 ร้านวัตสัน สาขาเพียวเพลส สัมมากร ห้องเลขที่ 105 ชั้น 1 ถ.รามคำแหง แขวงสะพานสูง เขตสะพานสูง จ.กรุงเทพฯ 10240","13.7765055,100.6732233",13.7765055,100.6732233,"สะพานสูง","รอน้ำลด","","ยังส่งไม่ได้",false,"","",""
1061,"05894/12","เซ็นทรัล วัตสัน จำกัด","2026-09-28T14:15:00+07:00","โอนงานสิ้นวัน","ไม่สามารถเข้าส่งได้ น้ำท่วมสูงในพื้นที่","16206","เสาร์","B2B","สาขากรุงเทพกรีฑา","3109 ร้านวัตสัน (258) สาขาโลตัส บางกะปิ ชั้น2 ห้องหมายเลข S-15 ถ.ลาดพร้าว แขวงคลองจั่น เขตบางกะปิ จ.กรุงเทพฯ 10240","13.768106666666664,100.643395",13.768106666666664,100.643395,"บางกะปิ","รอน้ำลด","","ยังส่งไม่ได้",true,"วุฒิชัย จีปน","26/09/2026","ผู้ทำรายการ:วุฒิชัย จีปน;โอนงานมาจากวันที่:26/09/2026"
1062,"05894/461","เซ็นทรัล วัตสัน จำกัด","2026-09-28T14:01:00+07:00","ปกติ","ไม่สามารถเข้าส่งได้ น้ำท่วมสูงในพื้นที่","16307","ศุกร์","B2B","สาขากรุงเทพกรีฑา","เนอวานา พอร์ช (3360)  เลขที่ 15 ถ.ศรีนครินทร์-ร่มเกล้า  แขวงทับช้าง เขตสะพานสูง กรุงเทพฯ 10250","13.752659999999999,100.68389833333335",13.752659999999999,100.68389833333335,"สะพานสูง","รอน้ำลด","","ยังส่งไม่ได้",false,"","",""
1063,"05894/80","เซ็นทรัล วัตสัน จำกัด","2026-09-28T14:28:00+07:00","โอนงานสิ้นวัน","ไม่สามารถเข้าส่งได้ น้ำท่วมสูงในพื้นที่","16206","เสาร์","B2B","สาขากรุงเทพกรีฑา","9 ร้านวัตสัน เอ็นมาร์คพลาซ่า AIRO1 ชั้น 1 แขวงคลองจั่น เขตบางกะปิ จ.กรุงเทพฯ 10240","13.768089999999999,100.64313333333332",13.768089999999999,100.64313333333332,"บางกะปิ","รอน้ำลด","","ยังส่งไม่ได้",true,"สถาพร นนท์เข็มพรหม","26/09/2026","ผู้ทำรายการ:สถาพร นนท์เข็มพรหม;โอนงานมาจากวันที่:26/09/2026"
1064,"06032/457","เดอะ แวลู พร็อพเพอร์ตี้ ดีเวลลอปเม้นท์ จำกัด","2026-09-28T12:45:00+07:00","ปกติ","ไม่สามารถเข้าส่งได้ น้ำท่วมสูงในพื้นที่","16204","จันทร์","B2B","สาขากรุงเทพกรีฑา","โครงการ บ้านกลางเมือง The Edition โยธินพัฒนา (7127) ซ.โพธิ์แก้ว 3 แยก 13 แขวงคลองจั่น เขตบางกะปิ จ.กรุงเทพมหานคร 10240","13.804175000000003,100.63122",13.804175000000003,100.63122,"บางกะปิ","รอน้ำลด","","ยังส่งไม่ได้",false,"","",""
1065,"06220","เออร์บานิส จำกัด","2026-09-28T12:46:00+07:00","ปกติ","ไม่สามารถเข้าส่งได้ น้ำท่วมสูงในพื้นที่","16201","จันทร์","B2B","สาขากรุงเทพกรีฑา","67/40-41 อาคารไดนาสตี้คอมเพล็กซ์ ถ.ลาดพร้าว 71 แขวงสะพานสอง เขตวังทองหลาง กรุงเทพฯ 10310","13.7918613,100.6086473",13.7918613,100.6086473,"วังทองหลาง","รอน้ำลด","","ยังส่งไม่ได้",false,"","",""
1066,"06957","มัลติแทคติกส์ จำกัด","2026-09-28T13:21:00+07:00","ปกติ","ไม่สามารถเข้าส่งได้ น้ำท่วมสูงในพื้นที่","16103","จันทร์","B2B","สาขากรุงเทพกรีฑา","188/60 ซ.ลาดพร้าว84 ถ.ลาดพร้าว แขวงวังทองหลาง เขตวังทองหลาง กทม. 10310","13.780236393213272,100.60596574097872",13.780236393213272,100.60596574097872,"วังทองหลาง","รอน้ำลด","","ยังส่งไม่ได้",false,"","",""
1067,"07019/10","ยูเนี่ยนสปินนิ่งมิลล์ จำกัด","2026-09-28T13:18:00+07:00","ปกติ","ไม่สามารถเข้าส่งได้ น้ำท่วมสูงในพื้นที่","16103","จันทร์","B2B","สาขากรุงเทพกรีฑา","142 ซ.ลาดพร้าว80(จันทิมา) ถ.ลาดพร้าว แขวงวังทองหลาง เขตวังทองหลาง กรุงเทพฯ 10310","13.779726,100.5998554",13.779726,100.5998554,"วังทองหลาง","รอน้ำลด","","ยังส่งไม่ได้",false,"","",""
1068,"07019/11","โรงงานรวมอุตสาหกรรม จำกัด","2026-09-28T13:18:00+07:00","ปกติ","ไม่สามารถเข้าส่งได้ เกิดข้อผิดพลาด (เลื่อนวันที่ส่ง)","16103","จันทร์","B2B","สาขากรุงเทพกรีฑา","142 ซ.ลาดพร้าว80(จันทิมา) ถ.ลาดพร้าว แขวงวังทองหลาง เขตวังทองหลาง กรุงเทพฯ 10310","13.7797158,100.5998383",13.7797158,100.5998383,"วังทองหลาง","รอน้ำลด","","ยังส่งไม่ได้",false,"","",""
1069,"07019/12","สหกรณ์ออมทรัพย์ จำกัด","2026-09-28T13:17:00+07:00","ปกติ","ไม่สามารถเข้าส่งได้ น้ำท่วมสูงในพื้นที่","16103","จันทร์","B2B","สาขากรุงเทพกรีฑา","142 ซ.ลาดพร้าว80(จันทิมา) ถ.ลาดพร้าว แขวงวังทองหลาง เขตวังทองหลาง กรุงเทพฯ 10310","13.77959707,100.5998823",13.77959707,100.5998823,"วังทองหลาง","รอน้ำลด","","ยังส่งไม่ได้",false,"","",""
1070,"07019/13","วีนัสเธร็ด จำกัด","2026-09-28T13:19:00+07:00","ปกติ","ไม่สามารถเข้าส่งได้ น้ำท่วมสูงในพื้นที่","16103","จันทร์","B2B","สาขากรุงเทพกรีฑา","142 ซ.ลาดพร้าว 80(จันทิมา) ถ.ลาดพร้าว แขวงวังทองหลาง เขตวังทองหลาง กรุงเทพฯ 10310","13.7797708,100.59691995",13.7797708,100.59691995,"วังทองหลาง","รอน้ำลด","","ยังส่งไม่ได้",false,"","",""
1071,"07019/14","ยูเนี่ยนแมนเนจเม้นท์ แอนด์ เซอร์วิส จำกัด","2026-09-28T13:19:00+07:00","ปกติ","ไม่สามารถเข้าส่งได้ น้ำท่วมสูงในพื้นที่","16103","จันทร์","B2B","สาขากรุงเทพกรีฑา","142 ซ.ลาดพร้าว80(จันทิมา) ถ.ลาดพร้าว แขวงวังทองหลาง เขตวังทองหลาง กรุงเทพฯ 10310","13.779825,100.59730666666668",13.779825,100.59730666666668,"วังทองหลาง","รอน้ำลด","","ยังส่งไม่ได้",false,"","",""
1072,"07019/15","พริซิชั่น เทคโนโลยี จำกัด","2026-09-28T13:20:00+07:00","ปกติ","ไม่สามารถเข้าส่งได้ น้ำท่วมสูงในพื้นที่","16103","จันทร์, พฤหัสบดี","B2B","สาขากรุงเทพกรีฑา","142 ซ.ลาดพร้าว 80 (จันทิมา) ถ.ลาดพร้าว แขวงวังทองหลาง เขตวังทองหลาง กทม.10310","13.780036666666668,100.60028166666667",13.780036666666668,100.60028166666667,"วังทองหลาง","รอน้ำลด","","ยังส่งไม่ได้",false,"","",""
1073,"07019/4","ยูเนี่ยนซิป จำกัด","2026-09-28T13:28:00+07:00","ปกติ","ไม่สามารถเข้าส่งได้ น้ำท่วมสูงในพื้นที่","16103","จันทร์","B2B","สาขากรุงเทพกรีฑา","142 ซ.ลาดพร้าว80(จันทิมา) ถ.ลาดพร้าว แขวงวังทองหลาง เขตวังทองหลาง กทม. 10310","13.7798645,100.6025125",13.7798645,100.6025125,"วังทองหลาง","รอน้ำลด","","ยังส่งไม่ได้",false,"","",""
1074,"07768/2","วุฒิพล โฮลเซลเลอร์ จำกัด","2026-09-28T13:48:00+07:00","ปกติ","ไม่สามารถเข้าส่งได้ น้ำท่วมสูงในพื้นที่","16106","จันทร์","B2B","สาขากรุงเทพกรีฑา","238 ยงศิลป์ อพาร์ทเมนท์ ซ.สบายใจ แยก 7 ถ.สุทธิสาร แขวงสามเสนนอก เขตห้วยขวาง กรุงเทพฯ 10310","13.7924345,100.5791194",13.7924345,100.5791194,"ห้วยขวาง","รอน้ำลด","","ยังส่งไม่ได้",false,"","",""
1075,"08721","วิไลวรรณ คงสนิท","2026-09-28T14:19:00+07:00","โอนงานสิ้นวัน","ไม่สามารถเข้าส่งได้ น้ำท่วมสูงในพื้นที่","16206","เสาร์","B2C","สาขากรุงเทพกรีฑา","72 ซ.ลาดพร้าว 107 ถ.ลาดพร้าว  แขวงคลองจั่น เขตบางกะปิ จ.กรุงเทพฯ 10240","13.774446433333333,100.63387319999998",13.774446433333333,100.63387319999998,"บางกะปิ","รอน้ำลด","","ยังส่งไม่ได้",true,"วีรวัฒน์ อุดมทรัพย์","28/09/2026","ผู้ทำรายการ:วีรวัฒน์ อุดมทรัพย์;โอนงานมาจากวันที่:28/09/2026"
1076,"09228","พจน์ณา อัศวเบญญา","2026-09-28T13:26:00+07:00","ปกติ","ไม่สามารถเข้าส่งได้ น้ำท่วมสูงในพื้นที่","16301","จันทร์","B2C","สาขากรุงเทพกรีฑา","245/72 หมู่บ้านสัมมากร ซ.24/1 ถ.สุขาภิบาล3 แขวงคลองกุ่ม เขตบึงกุ่ม กทม. 10240","13.76482978,100.67689856",13.76482978,100.67689856,"บึงกุ่ม","รอน้ำลด","","ยังส่งไม่ได้",false,"","",""
1077,"100563","กล่อมวรรณ์ บุญกาญจน์","2026-09-28T12:56:00+07:00","ปกติ","ไม่สามารถเข้าส่งได้ น้ำท่วมสูงในพื้นที่","16204","จันทร์","B2C","สาขากรุงเทพกรีฑา","165/2 ซ.ลาดพร้าว 101 ถ.ลาดพร้าว  แขวงคลองจั่น เขตบางกะปิ จ.กรุงเทพ 10240 ","13.7932314,100.6274369",13.7932314,100.6274369,"บางกะปิ","รอน้ำลด","","ยังส่งไม่ได้",false,"","",""
1078,"101111","พิชัย ตั้งธาราวิวัฒน์","2026-09-28T12:51:00+07:00","ปกติ","ไม่สามารถเข้าส่งได้ เกิดข้อผิดพลาด (เลื่อนวันที่ส่ง)","16201","จันทร์","B2C","สาขากรุงเทพกรีฑา","312/44 หมู่บ้านเมอริทเพลส ซอยลาดพร้าว 87 แขวงคลองเจ้าคุณสิงห์ เขตวังทองหลาง กรุงเทพฯ 10310","13.7914157,100.6231697",13.7914157,100.6231697,"วังทองหลาง","รอน้ำลด","","ยังส่งไม่ได้",false,"","",""
1079,"101613/2","พี แอนด์ พี เซอร์วิส แอนด์ ซัพพลาย จำกัด (สำนักงานใหญ่)","2026-09-28T12:50:00+07:00","ปกติ","ไม่สามารถเข้าส่งได้ น้ำท่วมสูงในพื้นที่","16306","จันทร์","B2B","สาขากรุงเทพกรีฑา","44 ซ.รามคำแหง 187 แยก 2 แขวงมีนบุรี เขตมีนบุรี จ.กรุงเทพฯ 10510","13.7989853,100.71226683",13.7989853,100.71226683,"มีนบุรี","รอน้ำลด","","ยังส่งไม่ได้",false,"","",""
1080,"102289","นิตยา แซ่ยี","2026-09-28T13:03:00+07:00","ปกติ","ไม่สามารถเข้าส่งได้ น้ำท่วมสูงในพื้นที่","16204","จันทร์","B2C","สาขากรุงเทพกรีฑา","48/28 หมู่บ้าน แสงวิภาโฮม ถ.ลาดพร้าว 101 แยก 46 แขวงคลองจั่น เขตบางกะปิ จ.กรุงเทพฯ 10240","13.793996666666665,100.63225333333334",13.793996666666665,100.63225333333334,"บางกะปิ","รอน้ำลด","","ยังส่งไม่ได้",false,"","",""
1081,"103595/3","มิสเตอร์.ดี.ไอ.วาย.(กรุงเทพ) จำกัด","2026-09-28T14:17:00+07:00","โอนงานสิ้นวัน","ไม่สามารถเข้าส่งได้ น้ำท่วมสูงในพื้นที่","16206","เสาร์","B2B","สาขากรุงเทพกรีฑา","เทสโก้โลตัสบางกะปิ (บ.มิสเตอร์.ดี.ไอ.วาย) ชั้น 2 โซนซุปเปอร์มาร์เก็ต หลังประชาสัมพันธ์ ถ.ลาดพร้าว แขวงคลองจั่น เขตบางกะปิ กรุงเทพฯ 10240","13.76827241,100.64342472",13.76827241,100.64342472,"บางกะปิ","รอน้ำลด","","ยังส่งไม่ได้",true,"วุฒิชัย จีปน","26/09/2026","ผู้ทำรายการ:วุฒิชัย จีปน;โอนงานมาจากวันที่:26/09/2026"
1082,"103655","วัชรพล เรืองแก้วมณี","2026-09-28T12:34:00+07:00","ปกติ","ไม่สามารถเข้าส่งได้ น้ำท่วมสูงในพื้นที่","16306","จันทร์","B2C","สาขากรุงเทพกรีฑา","48/104 หมู่บ้านเดอะวิลล่า ซ.รามคำแหง 174 ถ.รามคำแหง แขวงมีนบุรี เขตมีนบุรี กรุงเทพฯ 10510","13.7882606,100.7195822",13.7882606,100.7195822,"มีนบุรี","รอน้ำลด","","ยังส่งไม่ได้",false,"","",""
1083,"104538","ปัทมาวดี แสงส่อง","2026-09-28T12:38:00+07:00","โอนงานสิ้นวัน","ไม่สามารถเข้าส่งได้ น้ำท่วมสูงในพื้นที่","16201","เสาร์","B2C","สาขากรุงเทพกรีฑา","595/37 ซ.ลาดพร้าว 87 แยก 19 ถ.ลาดพร้าว แขวงวังทองหลาง เขตวังทองหลาง กรุงเทพฯ 10310","13.79807145,100.61603108",13.79807145,100.61603108,"วังทองหลาง","รอน้ำลด","","ยังส่งไม่ได้",true,"สถาพร นนท์เข็มพรหม","26/09/2026","ผู้ทำรายการ:สถาพร นนท์เข็มพรหม;โอนงานมาจากวันที่:26/09/2026"
1084,"104539","ศักดิ์ชัย เอื้อสุขสถาพร","2026-09-28T11:15:00+07:00","โอนงานสิ้นวัน","ไม่สามารถเข้าส่งได้ น้ำท่วมสูงในพื้นที่","16304","เสาร์","B2C","สาขากรุงเทพกรีฑา","12/31 หมู่บ้านเนอวานา ไอคอน พระราม 9 ซอย 1/4 ถ.กรุงเทพกรีฑา 32 แขวงสะพานสูง เขตสะพานสูง กรุงเทพฯ 10240","13.73783571,100.69049963",13.73783571,100.69049963,"สะพานสูง","รอน้ำลด","","ยังส่งไม่ได้",true,"ฤทธิศักดิ์ สระเงินสิงห์","28/09/2026","ผู้ทำรายการ:ฤทธิศักดิ์ สระเงินสิงห์;โอนงานมาจากวันที่:28/09/2026"
1085,"104674","ธีรวุฒิ มาประชา","2026-09-28T14:10:00+07:00","ปกติ","ไม่สามารถเข้าส่งได้ น้ำท่วมสูงในพื้นที่","16206","จันทร์","B2C","สาขากรุงเทพกรีฑา","525 หมู่บ้านสราญพฤกษ์ ซอยลาดพร้าว 130 ถ.ลาดพร้าว แขวงวังทองหลาง เขตวังทองหลาง กรุงเทพฯ 10310","13.767750000000001,100.62885166666668",13.767750000000001,100.62885166666668,"วังทองหลาง","รอน้ำลด","","ยังส่งไม่ได้",false,"","",""
1086,"104693","PAVLA POCH","2026-09-28T13:20:00+07:00","ตามน้ำ","ไม่สามารถเข้าส่งได้ น้ำท่วมสูงในพื้นที่","16301","จันทร์","B2C","สาขากรุงเทพกรีฑา","245/60 MOOBAAN SAMMAKORN, SOI 24 SUKHAPIBAN 3 RD KLONGKUM, BUENGKUM BANGKOK 10240","13.764451666666666,100.67756166666668",13.764451666666666,100.67756166666668,"","รอน้ำลด","","ยังส่งไม่ได้",false,"","",""
1087,"104825","ประพันธ์ศักดิ์ คณาสวัสดิ์","2026-09-28T13:14:00+07:00","ตามน้ำ","ไม่สามารถเข้าส่งได้ น้ำท่วมสูงในพื้นที่","16106","จันทร์","B2C","สาขากรุงเทพกรีฑา","161/51 คอนโด ชาโตว์อินทาวน์ 20-2 ซ.สบายใจ  แขวงสามเสนนอก เขตห้วยขวาง จ.กรุงเทพฯ 10310","13.792278333333336,100.57592333333332",13.792278333333336,100.57592333333332,"ห้วยขวาง","รอน้ำลด","","ยังส่งไม่ได้",false,"","",""
1088,"105172","ชเนตตี สุโชควรรณพงษ์","2026-09-28T14:21:00+07:00","เสริมน้ำ ตรงรอบ","ไม่สามารถเข้าส่งได้ เกิดข้อผิดพลาด (เลื่อนวันที่ส่ง)","16206","จันทร์","B2C","สาขากรุงเทพกรีฑา","529/52 หมู่บ้านอารียบุษบา ซ.ลาดพร้าว 130 ถ.ลาดพร้าว แขวงพลับพลา เขตวังทองหลาง กรุงเทพฯ 10310","13.7656312,100.6295587",13.7656312,100.6295587,"วังทองหลาง","รอน้ำลด","","ยังส่งไม่ได้",false,"","",""
1089,"105422/4","ออฟฟิศเมท (ไทย) จำกัด สาขาบางกะปิ","2026-09-28T14:17:00+07:00","โอนงานสิ้นวัน","ไม่สามารถเข้าส่งได้ น้ำท่วมสูงในพื้นที่","16206","เสาร์","B2B","สาขากรุงเทพกรีฑา","เลขที่ 3109 สาขาโลตัสบางกะปิ  สาขาที่74 ชั้น 2  ถ.ลาดพร้าว แขวงคลองจั่น เขตบางกะปิ จ.กรุงเทพฯ 10240","13.76850774,100.64350613",13.76850774,100.64350613,"บางกะปิ","รอน้ำลด","","ยังส่งไม่ได้",true,"ฤทธิศักดิ์ สระเงินสิงห์","28/09/2026","ผู้ทำรายการ:ฤทธิศักดิ์ สระเงินสิงห์;โอนงานมาจากวันที่:28/09/2026"
1090,"105651/1","เอเทลิเย ทราเวล จำกัด","2026-09-28T13:55:00+07:00","โอนงานสิ้นวัน","ไม่สามารถเข้าส่งได้ น้ำท่วมสูงในพื้นที่","16103","เสาร์","B2B","สาขากรุงเทพกรีฑา","663/68 รุ่งเรืองคอนโด ชั้น 6  อาคาร A ซอยลาดพร้าว 80 แยก 22 แขวงวังทองหลาง เขตวังทองหลาง จ.กรุงเทพฯ 10310","13.781028333333332,100.59363",13.781028333333332,100.59363,"วังทองหลาง","รอน้ำลด","","ยังส่งไม่ได้",true,"วีรวัฒน์ อุดมทรัพย์","28/09/2026","ผู้ทำรายการ:วีรวัฒน์ อุดมทรัพย์;โอนงานมาจากวันที่:28/09/2026"
1091,"105674","แฮนส์ เมเนจเมนท์ จำกัด","2026-09-28T14:02:00+07:00","ปกติ","ไม่สามารถเข้าส่งได้ น้ำท่วมสูงในพื้นที่","16307","จันทร์, พุธ, ศุกร์","B2B","สาขากรุงเทพกรีฑา"," BRIGHTON COLLECGE BANGKOK เลขที่ 8/8 ซ.ประชาร่วมใจ  (ซ.15แยก 4) ถ.กรุงเทพกรีฑา แขวงสะพานสูง เขตสะพานสูง กรุงเทพฯ 10240","13.75474,100.67197166666668",13.75474,100.67197166666668,"สะพานสูง","รอน้ำลด","","ยังส่งไม่ได้",false,"","",""
1092,"10575/25","สนธยา","2026-09-28T14:14:00+07:00","ปกติ","ไม่สามารถเข้าส่งได้ น้ำท่วมสูงในพื้นที่","16206","จันทร์","B2C","สาขากรุงเทพกรีฑา","525/81 หมู่บ้านสราญพฤกษ์ ซ.ลาดพร้าว 126 แขวงพลับพลา เขตวังทองหลาง จ.กรุงเทพฯ 10310","13.76730533,100.62849172",13.76730533,100.62849172,"วังทองหลาง","รอน้ำลด","","ยังส่งไม่ได้",false,"","",""
1093,"105827","สิรี มนธาตุผลิน","2026-09-28T14:32:00+07:00","ปกติ","ไม่สามารถเข้าส่งได้ น้ำท่วมสูงในพื้นที่","16206","จันทร์","B2C","สาขากรุงเทพกรีฑา","270/45 หมู่บ้านรอยัลปาร์ควิลล์ ถ.รามคำแหง 65 แขวงวังทองหลาง เขตวังทองหลาง กรุงเทพฯ 10310","13.76535193,100.62133569",13.76535193,100.62133569,"วังทองหลาง","รอน้ำลด","","ยังส่งไม่ได้",false,"","",""
1094,"105965","SAWSAI NAWNGHKIO","2026-09-28T12:41:00+07:00","เสริมน้ำ ตรงรอบ","ไม่สามารถเข้าส่งได้ น้ำท่วมสูงในพื้นที่","16205","จันทร์","B2C","สาขากรุงเทพกรีฑา","146/44 MOOBAAN COLLEGE TOWN, SOI RAMKHAMHAENG 24 HUAMAK, BANGKAPI, BANGKOK 10240","13.7503291,100.6288121",13.7503291,100.6288121,"","รอน้ำลด","","ยังส่งไม่ได้",false,"","",""
1095,"105993","โนวีเมด จำกัด","2026-09-28T13:08:00+07:00","ปกติ","ไม่สามารถเข้าส่งได้ น้ำท่วมสูงในพื้นที่","16204","จันทร์","B2B","สาขากรุงเทพกรีฑา","7 อาคารสมาพันธ์ ประตู 2 (ตึกซ้ายมือหลังสุด) ซ.โพธิ์แก้ว 4 แขวงคลองจั่น เขตบางกะปิ จ.กรุงเทพฯ 10240","13.799313333333336,100.63365666666665",13.799313333333336,100.63365666666665,"บางกะปิ","รอน้ำลด","","ยังส่งไม่ได้",false,"","",""
1096,"107415","นันทโชติ สมานวงศ์","2026-09-28T12:34:00+07:00","ปกติ","ไม่สามารถเข้าส่งได้ น้ำท่วมสูงในพื้นที่","16306","จันทร์","B2C","สาขากรุงเทพกรีฑา","48/169 หมู่บ้านเดอะวิลล่า ซ.รามคำแหง 174 ถ.รามคำแหง แขวงมีนบุรี เขตมีนบุรี กรุงเทพฯ 10510","13.788083333333335,100.71856833333335",13.788083333333335,100.71856833333335,"มีนบุรี","รอน้ำลด","","ยังส่งไม่ได้",false,"","",""
1097,"107705/2","เพชรลดา","2026-09-28T13:55:00+07:00","โอนงานสิ้นวัน","ไม่สามารถเข้าส่งได้ น้ำท่วมสูงในพื้นที่","16103","เสาร์","B2C","สาขากรุงเทพกรีฑา","98/328, หมู่บ้าน บ้านกลางเมือง, ถ.พระราม 9-ลาดพร้าว แขวงพลับพลา เขตวังทองหลาง จ.กรุงเทพฯ 10310","13.762203333333332,100.61071333333332",13.762203333333332,100.61071333333332,"วังทองหลาง","รอน้ำลด","","ยังส่งไม่ได้",true,"จิรวัฒน์ สัยนิถี","28/09/2026","ผู้ทำรายการ:จิรวัฒน์ สัยนิถี;โอนงานมาจากวันที่:28/09/2026"
1098,"107740","วิท อินเตอร์ เทรด จำกัด","2026-09-28T13:26:00+07:00","ปกติ","ไม่สามารถเข้าส่งได้ เกิดข้อผิดพลาด (เลื่อนวันที่ส่ง)","16301","จันทร์","B2B","สาขากรุงเทพกรีฑา","115 ถ.รามคำแหง ซอย 133 แขวงสะพานสูง เขตสะพานสูง จ.กรุงเทพฯ 10240","13.743971666666669,100.67311666666667",13.743971666666669,100.67311666666667,"สะพานสูง","รอน้ำลด","","ยังส่งไม่ได้",false,"","",""
1099,"107968/51","สยามออโต้แบคส์ จำกัด","2026-09-28T13:09:00+07:00","ปกติ","ไม่สามารถเข้าส่งได้ น้ำท่วมสูงในพื้นที่","16204","จันทร์","B2B","สาขากรุงเทพกรีฑา","21 ซ. โพธิ์แก้ว แยก 5 แขวงคลองจั่น เขตบางกะปิ จ.กรุงเทพฯ 10240","13.79805,100.63130166666666",13.79805,100.63130166666666,"บางกะปิ","รอน้ำลด","","ยังส่งไม่ได้",false,"","",""
1100,"108465","จิมสกรุ๊ป จำกัด","2026-09-28T11:51:00+07:00","ปกติ","ไม่สามารถเข้าส่งได้ น้ำท่วมสูงในพื้นที่","16203","จันทร์","B2B","สาขากรุงเทพกรีฑา","เลขที่ 2 ซ.เลิศนิมิตร ถ.รามคำแหง แขวงหัวหมาก เขตบางกะปิ กรุงเทพฯ 10240","13.761571666666669,100.64073333333333",13.761571666666669,100.64073333333333,"บางกะปิ","รอน้ำลด","","ยังส่งไม่ได้",false,"","",""
1101,"109092","อรุณรัตน์ กิตติวัฒนาชัย","2026-09-28T13:30:00+07:00","โอนงานสิ้นวัน","ไม่สามารถเข้าส่งได้ น้ำท่วมสูงในพื้นที่","16106","เสาร์","B2C","สาขากรุงเทพกรีฑา","12 ซ.วัฒนานิเวศน์ 6 ถ.สุทธิสารวินิจฉัย แขวงสามเสนนอก เขตห้วยขวาง กรุงเทพฯ 10320","13.7940591,100.5832576",13.7940591,100.5832576,"ห้วยขวาง","รอน้ำลด","","ยังส่งไม่ได้",true,"วุฒิชัย จีปน","26/09/2026","ผู้ทำรายการ:วุฒิชัย จีปน;โอนงานมาจากวันที่:26/09/2026"
1102,"110577","เด็นโค เอ็นจิเนียริ่ง จำกัด","2026-09-28T13:46:00+07:00","ปกติ","ไม่สามารถเข้าส่งได้ น้ำท่วมสูงในพื้นที่","16106","จันทร์","B2B","สาขากรุงเทพกรีฑา","ห้องเลขที่ 301 ชั้น 3 เลขที่ 48/5-6 ซอยรุ่งเรือง ถ.รัชดาภิเษก แขวงสามเสนนอก เขตห้วยขวาง กรุงเทพฯ 10310","13.791838333333333,100.57567499999999",13.791838333333333,100.57567499999999,"ห้วยขวาง","รอน้ำลด","","ยังส่งไม่ได้",false,"","",""
1103,"11119","ทัศนีย์ รอดบุญพา","2026-09-28T13:22:00+07:00","โอนงานสิ้นวัน","ไม่สามารถเข้าส่งได้ น้ำท่วมสูงในพื้นที่","16106","เสาร์","B2C","สาขากรุงเทพกรีฑา","16 ถนนลาดพร้าว 64 แยก 12 แขวงวังทองหลาง เขตบางกะปิ กทม.10240","13.7868701,100.5984944",13.7868701,100.5984944,"บางกะปิ","รอน้ำลด","","ยังส่งไม่ได้",true,"สถาพร นนท์เข็มพรหม","26/09/2026","ผู้ทำรายการ:สถาพร นนท์เข็มพรหม;โอนงานมาจากวันที่:26/09/2026"
1104,"111443","MAKHIN SU","2026-09-28T13:12:00+07:00","ปกติ","ไม่สามารถเข้าส่งได้ น้ำท่วมสูงในพื้นที่","16205","จันทร์","B2C","สาขากรุงเทพกรีฑา","146/40 ABAC TOWNHOUSE, RAMKHAMHAENG 24/34 RD., HUAMAK, BANGKAPI, BANGKOK 10240","13.7502962,100.6288065",13.7502962,100.6288065,"","รอน้ำลด","","ยังส่งไม่ได้",false,"","",""
1105,"111899","วีระพล เลิศรัตนชัย","2026-09-28T11:51:00+07:00","ปกติ","ไม่สามารถเข้าส่งได้ น้ำท่วมสูงในพื้นที่","16307","จันทร์","B2C","สาขากรุงเทพกรีฑา","59/394 ม.โฮสเพลส ซ.รามคำแหง 140 ถ.รามคำแหง แขวงสะพานสูง เขตสะพานสูง กรุงเทพฯ 10240","13.7779132,100.6925877",13.7779132,100.6925877,"สะพานสูง","รอน้ำลด","","ยังส่งไม่ได้",false,"","",""
1106,"111939","ไทยพาณิชย์ จำกัด (มหาชน) สาขาถนนรามคำแหง (สัมมากร)","2026-09-28T13:22:00+07:00","ปกติ","ไม่สามารถเข้าส่งได้ น้ำท่วมสูงในพื้นที่","16301","จันทร์","B2B","สาขากรุงเทพกรีฑา","259 หมู่ 3 ถนนรามคำแหง OC;0136 แขวงสะพานสูง เขตสะพานสูง กรุงเทพฯ 10240 ","13.776501666666665,100.67317999999999",13.776501666666665,100.67317999999999,"สะพานสูง","รอน้ำลด","","ยังส่งไม่ได้",false,"","",""
1107,"11215","สุธิดา อัศวเบญญา","2026-09-28T13:25:00+07:00","ปกติ","ไม่สามารถเข้าส่งได้ น้ำท่วมสูงในพื้นที่","16301","จันทร์","B2C","สาขากรุงเทพกรีฑา","245/58 หมู่บ้านสัมมากร ซ.24 ถ.สุขาภิบาล3 แขวงคลองกุ่ม เขตบึงกุ่ม กรุงเทพฯ 10240","13.764549,100.6780103",13.764549,100.6780103,"บึงกุ่ม","รอน้ำลด","","ยังส่งไม่ได้",false,"","",""
1108,"11224","แปลน แอสโซซิเอทส์ จำกัด","2026-09-28T12:38:00+07:00","ปกติ","ไม่สามารถเข้าส่งได้ เกิดข้อผิดพลาด (เลื่อนวันที่ส่ง)","16201","จันทร์","B2B","สาขากรุงเทพกรีฑา","691 ซ.ลาดพร้าว 73 ถ.ประดิษฐ์มนูธรรม แขวงสะพานสอง เขตวังทองหลาง กรุงเทพฯ 10310","13.789666666666669,100.60898",13.789666666666669,100.60898,"วังทองหลาง","รอน้ำลด","","ยังส่งไม่ได้",false,"","",""
1109,"113243","นันทิดา จักษุอินทร์","2026-09-28T12:42:00+07:00","ปกติ","ไม่สามารถเข้าส่งได้ น้ำท่วมสูงในพื้นที่","16303","จันทร์","B2C","สาขากรุงเทพกรีฑา","79/62 หมู่บ้านภัทรา ซอย 6/1 (หลังสุดท้ายขวามือ) ซ.รามคำแหง 76 เขตบางกะปิ แขวงหัวหมาก กรุงเทพฯ 10240","13.765427396544277,100.66397400109697",13.765427396544277,100.66397400109697,"บางกะปิ","รอน้ำลด","","ยังส่งไม่ได้",false,"","",""
1110,"113374","พีรนุช จำเนียรพรม","2026-09-28T14:10:00+07:00","ปกติ","ไม่สามารถเข้าส่งได้ น้ำท่วมสูงในพื้นที่","16206","จันทร์","B2C","สาขากรุงเทพกรีฑา","185/177 ม.เดอะคอนเนค อัพ3 ซ.ลาดพร้าว 126 ถ.ลาดพร้าว พลับพลา วังทองหลาง กรุงเทพฯ 10310","13.769674515473106,100.62813749905393",13.769674515473106,100.62813749905393,"","รอน้ำลด","","ยังส่งไม่ได้",false,"","",""
1111,"113462","เน็กส์ เอ็นจิเนียริ่ง ดีไซน์ จำกัด (สำนักงานใหญ่)","2026-09-28T13:45:00+07:00","ปกติ","ไม่สามารถเข้าส่งได้ น้ำท่วมสูงในพื้นที่","16106","จันทร์","B2B","สาขากรุงเทพกรีฑา","140 ซ.รุ่งเรือง ถ.รัชดา 20  แขวงสามเสนนอก เขตห้วยขวาง กรุงเทพฯ 10310","13.793313333333334,100.57608666666665",13.793313333333334,100.57608666666665,"ห้วยขวาง","รอน้ำลด","","ยังส่งไม่ได้",false,"","",""
1112,"113543","พัชรณัชช์ รักชาติ","2026-09-28T12:52:00+07:00","ปกติ","ไม่สามารถเข้าส่งได้ น้ำท่วมสูงในพื้นที่","16201","จันทร์","B2C","สาขากรุงเทพกรีฑา","580/45 หมู่บ้านกลางเมืองลาดพร้าว 87 ซ.ลาดพร้าว 87 ถ.ลาดพร้าว แขวงคลองเจ้าคุณสิงห์ เขตวังทองหลาง กรุงเทพฯ 10310","13.7932338,100.6230947",13.7932338,100.6230947,"วังทองหลาง","รอน้ำลด","","ยังส่งไม่ได้",false,"","",""
1113,"113864","เอ็นเอสที การบัญชี จำกัด (สำนักงานใหญ่)","2026-09-28T12:54:00+07:00","ปกติ","ไม่สามารถเข้าส่งได้ น้ำท่วมสูงในพื้นที่","16303","จันทร์","B2B","สาขากรุงเทพกรีฑา","66,68 ซ.รามคำแหง 60 (สวนสน) ถ.รามคำแหง แขวงหัวหมาก เขตบางกะปิ กรุงเทพฯ 10240","13.760805000000001,100.64988",13.760805000000001,100.64988,"บางกะปิ","รอน้ำลด","","ยังส่งไม่ได้",false,"","",""
1114,"114325","เจษฎา สังคเลิศ","2026-09-28T16:57:00+07:00","โอนงานสิ้นวัน","ไม่สามารถเข้าส่งได้ น้ำท่วมสูงในพื้นที่","16107","เสาร์","B2C","สาขากรุงเทพกรีฑา","587/99 ตึกไอ 3 ชั้น 6 อาคารซิตี้โฮม คอนโดมิเนียม ซ.ประชาสันติ(รัชดา ซ.10) แขวงห้วยขวาง เขตห้วยขวาง กทม.10310","13.770435,100.57547500000001",13.770435,100.57547500000001,"ห้วยขวาง","รอน้ำลด","","ยังส่งไม่ได้",true,"ฤทธิศักดิ์ สระเงินสิงห์","28/09/2026","ผู้ทำรายการ:ฤทธิศักดิ์ สระเงินสิงห์;โอนงานมาจากวันที่:28/09/2026"
1115,"114547/2","ธนาคาร เพื่อการเกษตรและสหกรณ์การเกษตร สาขาลาดพร้าว 101","2026-09-28T12:55:00+07:00","ปกติ","ไม่สามารถเข้าส่งได้ น้ำท่วมสูงในพื้นที่","16204","จันทร์","B2B","สาขากรุงเทพกรีฑา","ธนาคารเพื่อการเกษตรและสหกรณ์การเกษตร   83 ซ.ลาดพร้าว 101 ใกล้แยก 39 แขวงคลองจั่น เขตบางกะปิ จ.กรุงเทพฯ 10240","13.7925095,100.6280713",13.7925095,100.6280713,"บางกะปิ","รอน้ำลด","","ยังส่งไม่ได้",false,"","",""
1116,"114774","จิรารัตน์ ลอยเลิศ","2026-09-28T13:11:00+07:00","เสริมน้ำ นอกรอบ","ไม่สามารถเข้าส่งได้ น้ำท่วมสูงในพื้นที่","16204","จันทร์","B2C","สาขากรุงเทพกรีฑา","แอนนาคอนโดมิเนียม 1/36 ชั้น 5 ซ.โพธิ์แก้ว 3 แยก 3 ถ.นวมินทร์ แขวงคลองจั่น เขตบางกะปิ กรุงเทพฯ 10240","13.79988,100.633",13.79988,100.633,"บางกะปิ","รอน้ำลด","","ยังส่งไม่ได้",false,"","",""
1117,"11485/3","พรชัย กรานเลิศ","2026-09-28T11:15:00+07:00","โอนงานสิ้นวัน","ไม่สามารถเข้าส่งได้ น้ำท่วมสูงในพื้นที่","16304","เสาร์","B2C","สาขากรุงเทพกรีฑา","เลขที่ 8 ซ.กรุงเทพกรีฑา 18 ถ.กรุงเทพกรีฑา แขวงสะพานสูง เขตสะพานสูง กรุงเทพฯ 10240","13.739574631606093,100.6759259332364",13.739574631606093,100.6759259332364,"สะพานสูง","รอน้ำลด","","ยังส่งไม่ได้",true,"จิรวัฒน์ สัยนิถี","28/09/2026","ผู้ทำรายการ:จิรวัฒน์ สัยนิถี;โอนงานมาจากวันที่:28/09/2026"
1118,"115840","สุดา หนูแก้ว","2026-09-28T11:15:00+07:00","โอนงานสิ้นวัน","ไม่สามารถเข้าส่งได้ เกิดข้อผิดพลาด (เลื่อนวันที่ส่ง)","16304","เสาร์","B2C","สาขากรุงเทพกรีฑา","99/543 หมู่บ้านนักกีฬาแหลมทอง ซ.8ก ถ.กรุงเทพกรีฑา แขวงสะพานสูง เขตสะพานสูง กรงุเทพฯ 10250","13.74464,100.69217333333333",13.74464,100.69217333333333,"สะพานสูง","รอน้ำลด","","ยังส่งไม่ได้",true,"สถาพร นนท์เข็มพรหม","26/09/2026","ผู้ทำรายการ:สถาพร นนท์เข็มพรหม;โอนงานมาจากวันที่:26/09/2026"
1119,"115985","เค ดี ดี อินเตอร์เนชั่นแนล จำกัด","2026-09-28T14:14:00+07:00","โอนงานสิ้นวัน","ไม่สามารถเข้าส่งได้ น้ำท่วมสูงในพื้นที่","16206","เสาร์","B2B","สาขากรุงเทพกรีฑา","1/1 อาคาร ศูนย์การค้าแฮปปี้แลนด์ ห้อง H3B0100 ชั้น3 ซ.แฮปปี้แลนด์ เซ็นเตอร์ 1 ถ.ลาดพร้าว แขวงคลองจั่น เขตบางกะปิ กรุงเทพฯ 10240","13.76928,100.64252833333333",13.76928,100.64252833333333,"บางกะปิ","รอน้ำลด","","ยังส่งไม่ได้",true,"ฤทธิศักดิ์ สระเงินสิงห์","28/09/2026","ผู้ทำรายการ:ฤทธิศักดิ์ สระเงินสิงห์;โอนงานมาจากวันที่:28/09/2026"
1120,"116494","สุรัตน์ เลขะชัยวรกุล","2026-09-28T13:14:00+07:00","ปกติ","ไม่สามารถเข้าส่งได้ น้ำท่วมสูงในพื้นที่","16303","จันทร์","B2C","สาขากรุงเทพกรีฑา","301/581หมู่บ้านกิตตินิเวศน์ ซ. 6 ซ.รามคำแหง 68 แขวงหัวหมาก เขตบางกะปิ กรุงเทพฯ 10240","13.7620463,100.6655979",13.7620463,100.6655979,"บางกะปิ","รอน้ำลด","","ยังส่งไม่ได้",false,"","",""
1121,"116707","ชีวาทัย จำกัด (มหาชน)","2026-09-28T12:44:00+07:00","ปกติ","ไม่สามารถเข้าส่งได้ น้ำท่วมสูงในพื้นที่","16201","จันทร์","B2B","สาขากรุงเทพกรีฑา","967 ซ.ลาดพร้าว 71  แขวงสะพานสอง เขตวังทองหลาง กรุงเทพมหานคร 10310 ","13.795765,100.6003716",13.795765,100.6003716,"วังทองหลาง","รอน้ำลด","","ยังส่งไม่ได้",false,"","",""
1122,"11694","เอ็คโทซี เคมิคัลส์ จำกัด","2026-09-28T12:53:00+07:00","ปกติ","ไม่สามารถเข้าส่งได้ น้ำท่วมสูงในพื้นที่","16201","จันทร์","B2B","สาขากรุงเทพกรีฑา","386/2 ซ.ลาดพร้าว 87 ถ.ลาดพร้าว แขวงคลองเจ้าคุณสิงห์ เขตวังทองหลาง กรุงเทพฯ 10310","13.7944697,100.6193756",13.7944697,100.6193756,"วังทองหลาง","รอน้ำลด","","ยังส่งไม่ได้",false,"","",""
1123,"117376","พจนีย์ กุลชล","2026-09-28T19:26:00+07:00","โอนงานสิ้นวัน","ไม่สามารถเข้าส่งได้ น้ำท่วมสูงในพื้นที่","16105","เสาร์","B2C","สาขากรุงเทพกรีฑา","76 ซ.วัฒนานิเวศน์ 4 (นาจาด) ถ.สุทธิสาร แขวงสามเสนนอก เขตห้วยขวาง กรุงเทพฯ 10310","13.79632465,100.58101252",13.79632465,100.58101252,"ห้วยขวาง","รอน้ำลด","","ยังส่งไม่ได้",true,"สถาพร นนท์เข็มพรหม","26/09/2026","ผู้ทำรายการ:สถาพร นนท์เข็มพรหม;โอนงานมาจากวันที่:26/09/2026"
1124,"117485","มยุรี แสงหู่","2026-09-28T13:56:00+07:00","โอนงานสิ้นวัน","ไม่สามารถเข้าส่งได้ น้ำท่วมสูงในพื้นที่","16103","เสาร์","B2C","สาขากรุงเทพกรีฑา","633/40 ซ.ลาดพร้าว 80 แยก 22 ถ.ลาดพร้าว  แขวงวังทองหลาง เขตวังทองหลาง จ.กรุงเทพฯ 10310","13.781191666666667,100.59413666666666",13.781191666666667,100.59413666666666,"วังทองหลาง","รอน้ำลด","","ยังส่งไม่ได้",true,"ฤทธิศักดิ์ สระเงินสิงห์","28/09/2026","ผู้ทำรายการ:ฤทธิศักดิ์ สระเงินสิงห์;โอนงานมาจากวันที่:28/09/2026"
1125,"117820","จัดหางาน นาซ่าลาดพร้าว48 จำกัด","2026-09-28T13:47:00+07:00","ปกติ","ไม่สามารถเข้าส่งได้ น้ำท่วมสูงในพื้นที่","16106","จันทร์, พฤหัสบดี","B2B","สาขากรุงเทพกรีฑา","เลขที่ 1098 ชั้นที่ 1 ถ.ลาดพร้าว  แขวงสามเสนนอก เขตห้วยขวาง กรุงเทพฯ 10310","13.798123333333335,100.587955",13.798123333333335,100.587955,"ห้วยขวาง","รอน้ำลด","","ยังส่งไม่ได้",false,"","",""
1126,"118161","ธีรชัย การบัญชีและกฎหมาย จำกัด","2026-09-28T12:51:00+07:00","ปกติ","ไม่สามารถเข้าส่งได้ น้ำท่วมสูงในพื้นที่","16201","จันทร์","B2B","สาขากรุงเทพกรีฑา","หมู่บ้านเมอริทเพลส เลขที่ 316/76 ซอยลาดพร้าว 87 แขวงเจ้าคุณสิงห์ เขตวังทองหลาง กรุงเทพ 10310","13.791079460531158,100.62295162973219",13.791079460531158,100.62295162973219,"วังทองหลาง","รอน้ำลด","","ยังส่งไม่ได้",false,"","",""
1127,"118186","สมาร์ท ดรีม ฮอลิเดย์ จำกัด","2026-09-28T12:46:00+07:00","ปกติ","ไม่สามารถเข้าส่งได้ น้ำท่วมสูงในพื้นที่","16306","จันทร์","B2B","สาขากรุงเทพกรีฑา","3 พีแอนด์พี เรสซิเด้นซ์ ชั้น 8 ห้อง 809,810 ซ.รามคำแหง 164 แยก 4 แขวงมีนบุรี เขตมีนบุรี จ.กรุงเทพฯ 10510","13.794626666666666,100.70952333333335",13.794626666666666,100.70952333333335,"มีนบุรี","รอน้ำลด","","ยังส่งไม่ได้",false,"","",""
1128,"118624","โอนีส ดีไซน์ จำกัด","2026-09-28T12:36:00+07:00","โอนงานสิ้นวัน","ไม่สามารถเข้าส่งได้ เกิดข้อผิดพลาด (เลื่อนวันที่ส่ง)","16201","เสาร์","B2B","สาขากรุงเทพกรีฑา","361 ซ.ลาดพร้าว 87 (จันทราสุข) แขวงคลองเจ้าคุณสิงห์ เขตวังทองหลาง กรุงเทพ 10310","13.792493333333335,100.61557499999999",13.792493333333335,100.61557499999999,"วังทองหลาง","รอน้ำลด","","ยังส่งไม่ได้",true,"สถาพร นนท์เข็มพรหม","26/09/2026","ผู้ทำรายการ:สถาพร นนท์เข็มพรหม;โอนงานมาจากวันที่:26/09/2026"
1129,"118720/30","เมืองไทย แคปปิตอล จำกัด (มหาชน)","2026-09-28T08:30:00+07:00","ปกติ","ไม่สามารถเข้าส่งได้ น้ำท่วมสูงในพื้นที่","16104","จันทร์","B2B","สาขากรุงเทพกรีฑา","102 ซ.รามคำแหง 21(นวศรี) แขวงหัวหมาก เขตบางกะปิ กรุงเทพฯ 10240","13.7553393,100.6101396",13.7553393,100.6101396,"บางกะปิ","รอน้ำลด","","ยังส่งไม่ได้",false,"","",""
1130,"118720/56","เมืองไทย แคปปิตอล จำกัด (มหาชน)","2026-09-28T19:48:00+07:00","เสริมน้ำ ตรงรอบ","ไม่สามารถเข้าส่งได้ น้ำท่วมสูงในพื้นที่","16105","จันทร์","B2B","สาขากรุงเทพกรีฑา","148/2 อาคาร เมืองไทย แคปปิตอล ถ.ซอย 20 มิถุนา 11 แขวงสามเสนนอก เขตห้วยขวาง จ.กรุงเทพฯ 10310","13.784735000000001,100.58308166666666",13.784735000000001,100.58308166666666,"ห้วยขวาง","รอน้ำลด","","ยังส่งไม่ได้",false,"","",""
1131,"118720/91","เมืองไทย แคปปิตอล จำกัด (มหาชน)","2026-09-28T11:50:00+07:00","ปกติ","ไม่สามารถเข้าส่งได้ น้ำท่วมสูงในพื้นที่","16203","จันทร์","B2B","สาขากรุงเทพกรีฑา","463 รามคำแหง ซ.รามคำแหง 53 ถ.รามคำแหง แขวงหัวหมาก เขตบางกะปิ จ.กรุงเทพฯ 10240","13.759938333333332,100.62036833333335",13.759938333333332,100.62036833333335,"บางกะปิ","รอน้ำลด","","ยังส่งไม่ได้",false,"","",""
1132,"118720/99","เมืองไทย แคปปิตอล จำกัด (มหาชน)","2026-09-28T10:26:00+07:00","ปกติ","ไม่สามารถเข้าส่งได้ น้ำท่วมสูงในพื้นที่","16304","จันทร์","B2B","สาขากรุงเทพกรีฑา","31-33 บริษัท เมืองไทย แคปปิตอล จำกัด (มหาชน) สาขาย่อยกรุงเทพกรีฑา แขวงหัวหมาก เขตบางกะปิ กรุงเทพฯ 10240","13.750190000000002,100.64899833333332",13.750190000000002,100.64899833333332,"บางกะปิ","รอน้ำลด","","ยังส่งไม่ได้",false,"","",""
1133,"119236","สยาม ทรูธ สอบบัญชี จำกัด","2026-09-28T13:45:00+07:00","ปกติ","ไม่สามารถเข้าส่งได้ น้ำท่วมสูงในพื้นที่","16106","จันทร์","B2B","สาขากรุงเทพกรีฑา","338 อาคารโครงการปรีชาคอมเพล็กซ์ อาคาร A ชั้น 8 แขวงสามเสนนอก เขตห้วยขวาง กรุงเทพฯ 10310","13.7914984,100.5749054",13.7914984,100.5749054,"ห้วยขวาง","รอน้ำลด","","ยังส่งไม่ได้",false,"","",""
1134,"119775/13","ลลิล พร็อพเพอร์ตี้ จำกัด (มหาชน)","2026-09-28T10:30:00+07:00","ปกติ","ไม่สามารถเข้าส่งได้ น้ำท่วมสูงในพื้นที่","16304","จันทร์","B2B","สาขากรุงเทพกรีฑา","222/2 ถนน ศรีนครินทร์  แขวงหัวหมาก เขตบางกะปิ จ.กรุงเทพฯ 10240","13.75351691,100.6453137",13.75351691,100.6453137,"บางกะปิ","รอน้ำลด","","ยังส่งไม่ได้",false,"","",""
1135,"120056","แฮนด์ดีล จำกัด","2026-09-28T14:11:00+07:00","ปกติ","ไม่สามารถเข้าส่งได้ น้ำท่วมสูงในพื้นที่","16206","จันทร์","B2B","สาขากรุงเทพกรีฑา","182 ซ.ลาดพร้าว 122 (มหาดไทย 1) แขวงพลับพลา เขตวังทองหลาง กรุงเทพฯ 10310","13.77112561,100.62239486",13.77112561,100.62239486,"วังทองหลาง","รอน้ำลด","","ยังส่งไม่ได้",false,"","",""
1136,"120355","นิพนธ์ เจนพิชิตกุลชัย","2026-09-28T12:52:00+07:00","ปกติ","ไม่สามารถเข้าส่งได้ น้ำท่วมสูงในพื้นที่","16201","จันทร์","B2C","สาขากรุงเทพกรีฑา","580/21 หมู่บ้านกลางเมือง ลาดพร้าว87 ซ.ลาดพร้าว 87 ถ.ลาดพร้าว แขวงคลองเจ้าคุณสิงห์ เขตวังทองหลาง กรุงเทพฯ 10310","13.792885,100.6232877",13.792885,100.6232877,"วังทองหลาง","รอน้ำลด","","ยังส่งไม่ได้",false,"","",""
1137,"120505","สุวรรณา พุ่มคำ","2026-09-28T12:35:00+07:00","ปกติ","ไม่สามารถเข้าส่งได้ น้ำท่วมสูงในพื้นที่","16306","จันทร์","B2C","สาขากรุงเทพกรีฑา","48/275 หมู่บ้านเดอะวิลล่า ซ.รามคำแหง 174 แขวงมีนบุรี เขตมีนบุรี กรุงเทพฯ 10510","13.788753333333334,100.71838833333335",13.788753333333334,100.71838833333335,"มีนบุรี","รอน้ำลด","","ยังส่งไม่ได้",false,"","",""
1138,"120636","เจียนหลง แซ่เจิ่ง","2026-09-28T14:11:00+07:00","ปกติ","ไม่สามารถเข้าส่งได้ เกิดข้อผิดพลาด (เลื่อนวันที่ส่ง)","16206","จันทร์","B2C","สาขากรุงเทพกรีฑา","180/2 ซ.ลาดพร้าว 130 แยก 2/3 ถ.ลาดพร้าว  แขวงคลองจั่น เขตบางกะปิ จ.กรุงเทพฯ 10240","13.767945000000001,100.63013833333335",13.767945000000001,100.63013833333335,"บางกะปิ","รอน้ำลด","","ยังส่งไม่ได้",false,"","",""
1139,"120958","สุรชาติ พงศาธร","2026-09-28T13:03:00+07:00","ปกติ","ไม่สามารถเข้าส่งได้ น้ำท่วมสูงในพื้นที่","16204","จันทร์","B2C","สาขากรุงเทพกรีฑา","11/75 หมู่บ้านเมซอง 168 ลาดพร้าว 101 ถ.ลาดพร้าว แขวงคลองจั่น เขตบางกะปิ จ.กรุงเทพฯ 10240","13.800798333333335,100.629635",13.800798333333335,100.629635,"บางกะปิ","รอน้ำลด","","ยังส่งไม่ได้",false,"","",""
1140,"121209","อี ซี จี คอร์ปอเรชั่น จำกัด","2026-09-28T12:47:00+07:00","ปกติ","ไม่สามารถเข้าส่งได้ น้ำท่วมสูงในพื้นที่","16204","จันทร์","B2B","สาขากรุงเทพกรีฑา","14 อาคารอีซีจี ชั้น 1 ซ.โพธิ์แก้ว 3 แยก13 ถ.นวมินทร์ แขวงคลองจั่น เขตบางกะปิ กรุงเทพฯ 10240","13.8044001,100.6299298",13.8044001,100.6299298,"บางกะปิ","รอน้ำลด","","ยังส่งไม่ได้",false,"","",""
1141,"121683","เทคซอฟต์ โฮลดิ้ง จำกัด (สำนักงานใหญ่)","2026-09-28T13:47:00+07:00","ปกติ","ไม่สามารถเข้าส่งได้ น้ำท่วมสูงในพื้นที่","16106","จันทร์","B2B","สาขากรุงเทพกรีฑา","","",,,"","รอน้ำลด","","ยังส่งไม่ได้",false,"","",""
1142,"121926","บีทีเอส เลเบล จำกัด (สำนักงานใหญ่)","2026-09-28T14:11:00+07:00","ปกติ","ไม่สามารถเข้าส่งได้ น้ำท่วมสูงในพื้นที่","16206","จันทร์","B2B","สาขากรุงเทพกรีฑา","302 ซ.ลาดพร้าว 130 ถ.ลาดพร้าว แขวงคลองจั่น เขตบางกะปิ กรุงเทพฯ 10240","13.7699935,100.631427",13.7699935,100.631427,"บางกะปิ","รอน้ำลด","","ยังส่งไม่ได้",false,"","",""
1143,"122123","ลาดพร้าวการ์เด้นท์","2026-09-28T14:14:00+07:00","โอนงานสิ้นวัน","ไม่สามารถเข้าส่งได้ น้ำท่วมสูงในพื้นที่","16206","เสาร์","B2B","สาขากรุงเทพกรีฑา","222/1 คอนโดลาดพร้าวการ์เด้นท์ (นิติบุคคล) ถ.แฮปปี้แลนด์2 แขวงคลองจั่น เขตบางกะปิ กรุงเทพ 10240","13.775995,100.64228999999999",13.775995,100.64228999999999,"บางกะปิ","รอน้ำลด","","ยังส่งไม่ได้",true,"สถาพร นนท์เข็มพรหม","26/09/2026","ผู้ทำรายการ:สถาพร นนท์เข็มพรหม;โอนงานมาจากวันที่:26/09/2026"
1144,"122324","เนติพัฒน์ อินเตอร์เนชั่นแนล จำกัด","2026-09-28T12:37:00+07:00","โอนงานสิ้นวัน","ไม่สามารถเข้าส่งได้ น้ำท่วมสูงในพื้นที่","16201","เสาร์","B2B","สาขากรุงเทพกรีฑา","827/1 อาคาร ซีเอ็นดับเบิลยู พร็อพเพอร์ตี้ ห้อง 417 ชั้น 4 ซ.ลาดพร้าว 87 แยก 25 แขวงคลองจั่น เขตบางกะปิ กทม.10240","13.80014767,100.61880183",13.80014767,100.61880183,"บางกะปิ","รอน้ำลด","","ยังส่งไม่ได้",true,"ฤทธิศักดิ์ สระเงินสิงห์","28/09/2026","ผู้ทำรายการ:ฤทธิศักดิ์ สระเงินสิงห์;โอนงานมาจากวันที่:28/09/2026"
1145,"122945","วรรณไชย ทองเงิน","2026-09-28T11:16:00+07:00","โอนงานสิ้นวัน","ไม่สามารถเข้าส่งได้ น้ำท่วมสูงในพื้นที่","16304","เสาร์","B2C","สาขากรุงเทพกรีฑา","12/158  หมู่บ้านเนอร์วานา ซ.กรุงเทพ-กรีฑา 32 ถ.กรุงเทพ-กรีฑา แขวงสะพานสูง เขตสะพานสูง กรุงเทพฯ 10240","13.73787386,100.68983009",13.73787386,100.68983009,"สะพานสูง","รอน้ำลด","","ยังส่งไม่ได้",true,"วีรวัฒน์ อุดมทรัพย์","28/09/2026","ผู้ทำรายการ:วีรวัฒน์ อุดมทรัพย์;โอนงานมาจากวันที่:28/09/2026"
1146,"123281","นพวรรณ วรเวช","2026-09-28T12:46:00+07:00","ปกติ","ไม่สามารถเข้าส่งได้ น้ำท่วมสูงในพื้นที่","16201","จันทร์","B2C","สาขากรุงเทพกรีฑา","1007 ซ.ลาดพร้าว 71 (ซ.สังคมสงเคราะห์ 29) ถ.ลาดพร้าว แขวงสะพานสอง เขตวังทองหลาง กรุงเทพฯ 10310","13.7973909,100.5977217",13.7973909,100.5977217,"วังทองหลาง","รอน้ำลด","","ยังส่งไม่ได้",false,"","",""
1147,"123281/1","นพวรรณ","2026-09-28T12:45:00+07:00","ปกติ","ไม่สามารถเข้าส่งได้ น้ำท่วมสูงในพื้นที่","16201","จันทร์","B2C","สาขากรุงเทพกรีฑา","1013 ซ.ลาดพร้าว 71 (ซ.สังคมสงเคราะห์ 29) ถ.ลาดพร้าว แขวงสะพานสอง เขตวังทองหลาง กรุงเทพฯ 10310","13.79721971,100.59766854",13.79721971,100.59766854,"วังทองหลาง","รอน้ำลด","","ยังส่งไม่ได้",false,"","",""
1148,"123298","กนกวรรณ  พลจันทร์","2026-09-28T13:10:00+07:00","ปกติ","ไม่สามารถเข้าส่งได้ เกิดข้อผิดพลาด (เลื่อนวันที่ส่ง)","16205","จันทร์","B2C","สาขากรุงเทพกรีฑา","เลขที่ 877/43 หมู่บ้านเนอวานาบียอนด์ แขวงสวนหลวง เขตสวนหลวง กรุงเทพมหานคร 10250","13.7439357,100.6179727",13.7439357,100.6179727,"สวนหลวง","รอน้ำลด","","ยังส่งไม่ได้",false,"","",""
1149,"123324","เอฟทีเอ โลจิสติกส์ จำกัด","2026-09-28T13:23:00+07:00","ปกติ","ไม่สามารถเข้าส่งได้ น้ำท่วมสูงในพื้นที่","16103","จันทร์","B2B","สาขากรุงเทพกรีฑา","98/111 บ.กลางเมือง  ซ.รามคำแหง 39 (เทพลีลา 1) แขวงพลับพลา เขตวังทองหลาง กรุงเทพฯ 10310","13.761069999999998,100.61213833333335",13.761069999999998,100.61213833333335,"วังทองหลาง","รอน้ำลด","","ยังส่งไม่ได้",false,"","",""
1150,"123324/2","เอฟทีเอ โลจิสติกส์ จำกัด","2026-09-28T13:23:00+07:00","ปกติ","ไม่สามารถเข้าส่งได้ น้ำท่วมสูงในพื้นที่","16103","จันทร์","B2B","สาขากรุงเทพกรีฑา","98/91 หมู่บ้าน กลางเมือง ซ.รามคำแหง 39 (เทพลีลา 1) แขวงพลับพลา เขตวังทองหลาง จ.กรุงเทพฯ 10310","13.761030000000002,100.61211166666665",13.761030000000002,100.61211166666665,"วังทองหลาง","รอน้ำลด","","ยังส่งไม่ได้",false,"","",""
1151,"123414","เบญจพร หิรัญสินสุนทร","2026-09-28T14:11:00+07:00","ปกติ","ไม่สามารถเข้าส่งได้ น้ำท่วมสูงในพื้นที่","16206","จันทร์","B2C","สาขากรุงเทพกรีฑา","185/92 มบ.พฤกษาเดอะคอนเนค ซ.ลาดพร้าว 126 ถ.ลาดพร้าว แขวงพลับพลา เขตวังทองหลาง กรุงเทพฯ 10310","13.769338904531612,100.62805660747047",13.769338904531612,100.62805660747047,"วังทองหลาง","รอน้ำลด","","ยังส่งไม่ได้",false,"","",""
1152,"124070","พชร เฉลิมพงษ์","2026-09-28T14:11:00+07:00","ปกติ","ไม่สามารถเข้าส่งได้ น้ำท่วมสูงในพื้นที่","16206","จันทร์","B2C","สาขากรุงเทพกรีฑา","185/158  เดอะคอนเนค อัพ 3 ซ. 126 ถ.ลาดพร้าว แขวงพลับพลา เขตวังทองหลาง กรุงเทพ 10310","13.7698132,100.628955",13.7698132,100.628955,"วังทองหลาง","รอน้ำลด","","ยังส่งไม่ได้",false,"","",""
1153,"124575","วัชรี","2026-09-28T13:56:00+07:00","โอนงานสิ้นวัน","ไม่สามารถเข้าส่งได้ น้ำท่วมสูงในพื้นที่","16103","เสาร์","B2C","สาขากรุงเทพกรีฑา","371 หมู่บ้านพรทวีวิลล่า 2 ซ.ลาดพร้าว 80 แยก 22  แขวงวังทองหลาง เขตวังทองหลาง จ.กรุงเทพฯ 10310","13.78194819,100.59851543",13.78194819,100.59851543,"วังทองหลาง","รอน้ำลด","","ยังส่งไม่ได้",true,"สถาพร นนท์เข็มพรหม","26/09/2026","ผู้ทำรายการ:สถาพร นนท์เข็มพรหม;โอนงานมาจากวันที่:26/09/2026"
1154,"125083/248","เคอีเอ็กซ์ เอ็กซ์เพรส (ประเทศไทย) จำกัด (มหาชน)","2026-09-28T14:12:00+07:00","ปกติ","ไม่สามารถเข้าส่งได้ น้ำท่วมสูงในพื้นที่","16206","จันทร์","B2B","สาขากรุงเทพกรีฑา","KEX PPL พลับพลา เลขที่ 69/30 ซอยลาดพร้าว 114 แขวงพลับพลา เขตวังทองหลาง จ.กรุงเทพฯ 10310","13.776547416666665,100.62067741666667",13.776547416666665,100.62067741666667,"วังทองหลาง","รอน้ำลด","","ยังส่งไม่ได้",false,"","",""
1155,"125083/251","เคอีเอ็กซ์ เอ็กซ์เพรส (ประเทศไทย) จำกัด (มหาชน)","2026-09-28T12:49:00+07:00","ปกติ","ไม่สามารถเข้าส่งได้ น้ำท่วมสูงในพื้นที่","16204","จันทร์","B2B","สาขากรุงเทพกรีฑา","KEX STI 17 (ตรงเข้าซอยไปอยู่ขวามือ โกดังสีดำ ตรงข้ามโรงเรียน)  ซ.โพธิ์แก้ว 3 แยก 9 แขวงคลองจั่น เขตบางกะปิ กรุงเทพฯ 10240 ","13.801458333333334,100.633775",13.801458333333334,100.633775,"บางกะปิ","รอน้ำลด","","ยังส่งไม่ได้",false,"","",""
1156,"125083/446","เคอีเอ็กซ์ เอ็กซ์เพรส (ประเทศไทย) จำกัด (มหาชน)","2026-09-28T13:28:00+07:00","โอนงานสิ้นวัน","ไม่สามารถเข้าส่งได้ น้ำท่วมสูงในพื้นที่","16106","เสาร์","B2B","สาขากรุงเทพกรีฑา","DC HLP เลขที่ 80 ซอยลาดพร้าว 64 แยก 8  แขวงวังทองหลาง เขตวังทองหลาง จ.กรุงเทพฯ 10310","13.787668333333333,100.59674000000001",13.787668333333333,100.59674000000001,"วังทองหลาง","รอน้ำลด","","ยังส่งไม่ได้",true,"วุฒิชัย จีปน","26/09/2026","ผู้ทำรายการ:วุฒิชัย จีปน;โอนงานมาจากวันที่:26/09/2026"
1157,"125627/1","อามีนะฮ์ แจ๋ะอาลี","2026-09-28T14:23:00+07:00","เสริมน้ำ ตรงรอบ","ไม่สามารถเข้าส่งได้ น้ำท่วมสูงในพื้นที่","16206","จันทร์","B2C","สาขากรุงเทพกรีฑา","275 MINSAKHON VILLAGE SOI 19, SOI LAT PHRAO 130 YAEK 5 KHLONG CHAN, BANG KAPI, BANGKOK 10240","13.766519999999998,100.63406000000002",13.766519999999998,100.63406000000002,"","รอน้ำลด","","ยังส่งไม่ได้",false,"","",""
1158,"127032","พีพีแอนด์พี เมทัลลิค จำกัด (สาขาที่ 0001)","2026-09-28T12:50:00+07:00","ปกติ","ไม่สามารถเข้าส่งได้ เกิดข้อผิดพลาด (เลื่อนวันที่ส่ง)","16306","จันทร์","B2B","สาขากรุงเทพกรีฑา","3 (โรงงานเหล็ก ไรโนเมทรัลลิค) ซ.รามคำแหง 187/1 แขวงมีนบุรี เขตมีนบุรี กรุงเทพฯ 10240","13.79898,100.7138314",13.79898,100.7138314,"มีนบุรี","รอน้ำลด","","ยังส่งไม่ได้",false,"","",""
1159,"127042","PHORNPHROT","2026-09-28T12:47:00+07:00","ปกติ","ไม่สามารถเข้าส่งได้ น้ำท่วมสูงในพื้นที่","16201","จันทร์","B2C","สาขากรุงเทพกรีฑา","324  CJ BRIDAL WEDDING STUDIO, CHOKCHAI 4 RD., LADPRAO, LADPRAO, BANGKOK  10230","13.7980295,100.5957529",13.7980295,100.5957529,"","รอน้ำลด","","ยังส่งไม่ได้",false,"","",""
1160,"127467/1","ไพเรท ซีล จำกัด","2026-09-28T14:17:00+07:00","โอนงานสิ้นวัน","ไม่สามารถเข้าส่งได้ น้ำท่วมสูงในพื้นที่","16206","เสาร์","B2B","สาขากรุงเทพกรีฑา","98-100 (Kerry สาขาแฮปปี้แลนด์) ซอยแฮปปี้แลนด์สาย1 ถ.ลาดพร้าว  แขวงคลองจั่น เขตบางกะปิ จ.กรุงเทพฯ 10240","13.769779999999999,100.64181833333332",13.769779999999999,100.64181833333332,"บางกะปิ","รอน้ำลด","","ยังส่งไม่ได้",true,"วีรวัฒน์ อุดมทรัพย์","28/09/2026","ผู้ทำรายการ:วีรวัฒน์ อุดมทรัพย์;โอนงานมาจากวันที่:28/09/2026"
1161,"128350/1","ศุภกิจ","2026-09-28T12:53:00+07:00","ปกติ","ไม่สามารถเข้าส่งได้ น้ำท่วมสูงในพื้นที่","16201","จันทร์","B2C","สาขากรุงเทพกรีฑา","580/7 หมู่บ้านกลางเมืองลาดพร้าว 87 ซ.ลาดพร้าว 87 แยก10  แขวงคลองเจ้าคุณสิงห์ เขตวังทองหลาง จ.กรุงเทพฯ 10310","13.7926746,100.6225499",13.7926746,100.6225499,"วังทองหลาง","รอน้ำลด","","ยังส่งไม่ได้",false,"","",""
1162,"128490/1","พิภพ","2026-09-28T12:50:00+07:00","ปกติ","ไม่สามารถเข้าส่งได้ น้ำท่วมสูงในพื้นที่","16204","จันทร์","B2C","สาขากรุงเทพกรีฑา","39/34 หมู่บ้านสิริเพลส ลาดพร้าว 101  แขวงคลองจั่น เขตบางกะปิ จ.กรุงเทพฯ 10240","13.803623333333332,100.63734166666667",13.803623333333332,100.63734166666667,"บางกะปิ","รอน้ำลด","","ยังส่งไม่ได้",false,"","",""
1163,"128607","สมบัติ ทรัพย์ธนากร","2026-09-28T12:52:00+07:00","ปกติ","ไม่สามารถเข้าส่งได้ น้ำท่วมสูงในพื้นที่","16204","จันทร์","B2C","สาขากรุงเทพกรีฑา","2423/7 ซ.โพธิ์แก้ว 1 แยก 3 ถ.ลาดพร้าว 101 แขวงคลองจั่น เขตบางกะปิ จ.กรุงเทพฯ 10240","13.798705,100.62921666666668",13.798705,100.62921666666668,"บางกะปิ","รอน้ำลด","","ยังส่งไม่ได้",false,"","",""
1164,"128647","ชัญญ โลหะกิจสงคราม","2026-09-28T13:56:00+07:00","โอนงานสิ้นวัน","ไม่สามารถเข้าส่งได้ น้ำท่วมสูงในพื้นที่","16103","เสาร์","B2C","สาขากรุงเทพกรีฑา","98/321 หมู่บ้านบ้านกลางเมืองพระราม 9 - รามคำแหง ซ.10 ซ.รามคำแหง 39 (เทพลีลา 1) แขวงพลับพลา เขตวังทองหลาง กรุงเทพฯ 10310","13.76238,100.61110333333333",13.76238,100.61110333333333,"วังทองหลาง","รอน้ำลด","","ยังส่งไม่ได้",true,"ฤทธิศักดิ์ สระเงินสิงห์","28/09/2026","ผู้ทำรายการ:ฤทธิศักดิ์ สระเงินสิงห์;โอนงานมาจากวันที่:28/09/2026"
1165,"128895","วิไล","2026-09-28T12:48:00+07:00","ปกติ","ไม่สามารถเข้าส่งได้ น้ำท่วมสูงในพื้นที่","16201","จันทร์","B2C","สาขากรุงเทพกรีฑา","318/99  หมู่บ้านเมอริทเพลส ซ.ลาดพร้าว 87 แยก 10 แขวงคลองเจ้าคุณสิงห์ เขตวังทองหลาง กรุงเทพฯ 10310","13.7899014,100.6232933",13.7899014,100.6232933,"วังทองหลาง","รอน้ำลด","","ยังส่งไม่ได้",false,"","",""
1166,"129042","สถาปนิก ดีเอ็มโอ จำกัด","2026-09-28T13:27:00+07:00","ปกติ","ไม่สามารถเข้าส่งได้ น้ำท่วมสูงในพื้นที่","16103","จันทร์","B2B","สาขากรุงเทพกรีฑา","11/1 ซ.ลาดพร้าว 80 แยก 20 แขวงวังทองหลาง เขตวังทองหลาง กรุงเทพฯ 10310","13.7832689,100.6034457",13.7832689,100.6034457,"วังทองหลาง","รอน้ำลด","","ยังส่งไม่ได้",false,"","",""
1167,"129093","YEE MAY KAUNG","2026-09-28T12:39:00+07:00","เสริมน้ำ ตรงรอบ","ไม่สามารถเข้าส่งได้ น้ำท่วมสูงในพื้นที่","16205","จันทร์","B2C","สาขากรุงเทพกรีฑา","144/36 ABAC TOWNHOME SOI 24/34, RAMKHAMHAENG RD., HUA MAK, BANG KAPI, BANGKOK 10240","13.75035998,100.62916702",13.75035998,100.62916702,"","รอน้ำลด","","ยังส่งไม่ได้",false,"","",""
1168,"129301","ปาจรีย์","2026-09-28T11:16:00+07:00","โอนงานสิ้นวัน","ไม่สามารถเข้าส่งได้ เกิดข้อผิดพลาด (เลื่อนวันที่ส่ง)","16304","เสาร์","B2C","สาขากรุงเทพกรีฑา","123/75 หมู่บ้านชาลิสา ซ.นักกีฬาแหลมทอง 11 ถ.กรุงเทพกรีฑา แขวงสะพานสูง เขตสะพานสูง กรุงเทพฯ 10240","13.74851566,100.69644576",13.74851566,100.69644576,"สะพานสูง","รอน้ำลด","","ยังส่งไม่ได้",true,"สถาพร นนท์เข็มพรหม","26/09/2026","ผู้ทำรายการ:สถาพร นนท์เข็มพรหม;โอนงานมาจากวันที่:26/09/2026"
1169,"129479","อังคณา","2026-09-28T12:37:00+07:00","โอนงานสิ้นวัน","ไม่สามารถเข้าส่งได้ น้ำท่วมสูงในพื้นที่","16201","เสาร์","B2C","สาขากรุงเทพกรีฑา","341/1 ซ.ลาดพร้าว 87 แยก 7  แขวงคลองเจ้าคุณสิงห์ เขตวังทองหลาง กรุงเทพฯ 10310","13.793653333333335,100.61561166666667",13.793653333333335,100.61561166666667,"วังทองหลาง","รอน้ำลด","","ยังส่งไม่ได้",true,"ฤทธิศักดิ์ สระเงินสิงห์","28/09/2026","ผู้ทำรายการ:ฤทธิศักดิ์ สระเงินสิงห์;โอนงานมาจากวันที่:28/09/2026"
1170,"129932","ปาณิสรา","2026-09-28T12:26:00+07:00","ปกติ","ไม่สามารถเข้าส่งได้ น้ำท่วมสูงในพื้นที่","16306","จันทร์","B2C","สาขากรุงเทพกรีฑา","14/278 หมู่บ้านบัวขาว ซ.28 ถ.รามคำแหง 174 แขวงมีนบุรี เขตมีนบุรี กรุงเทพฯ 10510","13.793371666666667,100.71532333333334",13.793371666666667,100.71532333333334,"มีนบุรี","รอน้ำลด","","ยังส่งไม่ได้",false,"","",""
1171,"130017","สนั่น","2026-09-28T13:05:00+07:00","โอนงานสิ้นวัน","ไม่สามารถเข้าส่งได้ น้ำท่วมสูงในพื้นที่","16205","เสาร์","B2C","สาขากรุงเทพกรีฑา","11/136 คอนโดเดอะวันพลัสแกรนด์ หัวหมาก ตึก B ชั้น 3 ห้อง 136 ซ.หัวหมาก18 ถ.หัวหมาก  แขวงหัวหมาก เขตบางกะปิ จ.กรุงเทพฯ 10240","13.753573333333334,100.63677833333334",13.753573333333334,100.63677833333334,"บางกะปิ","รอน้ำลด","","ยังส่งไม่ได้",true,"วุฒิชัย จีปน","26/09/2026","ผู้ทำรายการ:วุฒิชัย จีปน;โอนงานมาจากวันที่:26/09/2026"
1172,"130341","อัชฌา","2026-09-28T10:28:00+07:00","ปกติ","ไม่สามารถเข้าส่งได้ น้ำท่วมสูงในพื้นที่","16304","จันทร์","B2C","สาขากรุงเทพกรีฑา","37  กรุงเทพกรีฑา ซ.3 แขวงหัวหมาก เขตบางกะปิ จ.กรุงเทพฯ 10240","13.7515957,100.6483243",13.7515957,100.6483243,"บางกะปิ","รอน้ำลด","","ยังส่งไม่ได้",false,"","",""
1173,"13061/1","พาธแล็บ (ประเทศไทย) จำกัด","2026-09-28T12:47:00+07:00","ปกติ","ไม่สามารถเข้าส่งได้ น้ำท่วมสูงในพื้นที่","16201","จันทร์","B2B","สาขากรุงเทพกรีฑา","141/10 เดอะเชลล์เตอร์ ซ.โชคชัย 4 ถ.ลาดพร้าว  แขวงสะพานสอง เขตวังทองหลาง จ.กรุงเทพฯ 10310","13.798039999999999,100.59530333333332",13.798039999999999,100.59530333333332,"วังทองหลาง","รอน้ำลด","","ยังส่งไม่ได้",false,"","",""
1174,"130881","ศราญนิษฐ์","2026-09-28T13:31:00+07:00","โอนงานสิ้นวัน","ไม่สามารถเข้าส่งได้ น้ำท่วมสูงในพื้นที่","16106","เสาร์","B2C","สาขากรุงเทพกรีฑา","579/7 โครงการบ้านกรองทอง2  ซ.ลาดพร้าว64 ถ.ลาดพร้าว แขวงวังทองหลาง เขตวังทองหลาง กรุงเทพฯ 10310","13.785380000000002,100.59583666666667",13.785380000000002,100.59583666666667,"วังทองหลาง","รอน้ำลด","","ยังส่งไม่ได้",true,"ฤทธิศักดิ์ สระเงินสิงห์","28/09/2026","ผู้ทำรายการ:ฤทธิศักดิ์ สระเงินสิงห์;โอนงานมาจากวันที่:28/09/2026"
1175,"131186","อัจฉรา","2026-09-28T13:02:00+07:00","ปกติ","ไม่สามารถเข้าส่งได้ น้ำท่วมสูงในพื้นที่","16307","จันทร์","B2C","สาขากรุงเทพกรีฑา","25 ซ.รามคำแหง 118 แยก 11 ถ.รามคำแหง แขวงสะพานสูง เขตสะพานสูง จ.กรุงเทพฯ 10240","13.777118,100.6850928",13.777118,100.6850928,"สะพานสูง","รอน้ำลด","","ยังส่งไม่ได้",false,"","",""
1176,"131262","ภาณุรังสรรค์","2026-09-28T13:31:00+07:00","โอนงานสิ้นวัน","ไม่สามารถเข้าส่งได้ น้ำท่วมสูงในพื้นที่","16106","เสาร์","B2C","สาขากรุงเทพกรีฑา","240/28 หมู่บ้าน กรองทอง 4 ซ.ลาดพร้าว 64 แขวงวังทองหลาง เขตวังทองหลาง จ.กรุงเทพฯ 10310","13.7861675,100.5930925",13.7861675,100.5930925,"วังทองหลาง","รอน้ำลด","","ยังส่งไม่ได้",true,"วุฒิชัย จีปน","26/09/2026","ผู้ทำรายการ:วุฒิชัย จีปน;โอนงานมาจากวันที่:26/09/2026"
1177,"131765","แบล็ค แคนยอน (ประเทศไทย) จำกัด","2026-09-28T12:52:00+07:00","ปกติ","ไม่สามารถเข้าส่งได้ น้ำท่วมสูงในพื้นที่","16204","จันทร์, พุธ, ศุกร์","B2B","สาขากรุงเทพกรีฑา","เลขที่ 2991/8 ถ.ลาดพร้าว แขวงคลองจั่น เขตบางกะปิ กรุงเทพมหานคร 10240","13.77443333333333,100.63227666666668",13.77443333333333,100.63227666666668,"บางกะปิ","รอน้ำลด","","ยังส่งไม่ได้",false,"","",""
1178,"132245","โฟร์ซัคเซส จำกัด","2026-09-28T12:54:00+07:00","ปกติ","ไม่สามารถเข้าส่งได้ เกิดข้อผิดพลาด (เลื่อนวันที่ส่ง)","16204","จันทร์","B2B","สาขากรุงเทพกรีฑา","4 ซ.ลาดพร้าว 101 ซอย 35 (สุดสงวน) ถ.ลาดพร้าว แขวงคลองจั่น เขตบางกะปิ กรุงเทพฯ 10240","13.7910367,100.6280148",13.7910367,100.6280148,"บางกะปิ","รอน้ำลด","","ยังส่งไม่ได้",false,"","",""
1179,"13562","เอ็น เอส ไอ บิสิเนส คอนซัลแต้นท์ จำกัด","2026-09-28T08:28:00+07:00","ปกติ","ไม่สามารถเข้าส่งได้ น้ำท่วมสูงในพื้นที่","16104","จันทร์","B2B","สาขากรุงเทพกรีฑา","75/42-43 ซ.รามคำแหง 21(นวศรี) ถ.รามคำแหง แขวงหัวหมาก เขตบางกะปิ จ.กรุงเทพฯ 10240","13.755529999999998,100.60992499999999",13.755529999999998,100.60992499999999,"บางกะปิ","รอน้ำลด","","ยังส่งไม่ได้",false,"","",""
1180,"136216","Sea-Lim Pornsin","2026-09-28T16:58:00+07:00","โอนงานสิ้นวัน","ไม่สามารถเข้าส่งได้ น้ำท่วมสูงในพื้นที่","16107","เสาร์","B2C","สาขากรุงเทพกรีฑา","569/57 City Home, Fl.7,Bld.A1 Ratchadapisek Rd,, Huai Khwang,Bangkok,10310","13.7726606,100.5760032",13.7726606,100.5760032,"","รอน้ำลด","","ยังส่งไม่ได้",true,"วีรวัฒน์ อุดมทรัพย์","28/09/2026","ผู้ทำรายการ:วีรวัฒน์ อุดมทรัพย์;โอนงานมาจากวันที่:28/09/2026"
1181,"13770","อัศวโสภณ จำกัด","2026-09-28T13:05:00+07:00","ปกติ","ไม่สามารถเข้าส่งได้ น้ำท่วมสูงในพื้นที่","16205","จันทร์","B2B","สาขากรุงเทพกรีฑา","เลขที่ 17 ซ.รามคำแหง 24 แยก 2 (ถาวรธวัช 1)  แขวงหัวหมาก เขตบางกะปิ กรุงเทพฯ 10240","13.749081666666665,100.61739666666666",13.749081666666665,100.61739666666666,"บางกะปิ","รอน้ำลด","","ยังส่งไม่ได้",false,"","",""
1182,"138723/5","ดนพ พิทยรุ่งเรือง","2026-09-28T13:12:00+07:00","เสริมน้ำ ตรงรอบ","ไม่สามารถเข้าส่งได้ น้ำท่วมสูงในพื้นที่","16204","จันทร์","B2C","สาขากรุงเทพกรีฑา","แฮปปี้ คอนโด ตึก H ชั้น 2ห้อง 797/3 ซ.ลาดพร้าว 101 แยก 19  แขวงคลองเจ้าคุณสิงห์ เขตวังทองหลาง จ.กรุงเทพฯ 10310","13.788550000000003,100.62907666666666",13.788550000000003,100.62907666666666,"วังทองหลาง","รอน้ำลด","","ยังส่งไม่ได้",false,"","",""
1183,"13961","ฉัตรชนก แรงเพ็ชร","2026-09-28T11:49:00+07:00","ปกติ","ไม่สามารถเข้าส่งได้ น้ำท่วมสูงในพื้นที่","16307","จันทร์","B2C","สาขากรุงเทพกรีฑา","59/266 หมู่บ้าน โฮมเพลส ซ.23 แขวงสะพานสูง เขตสะพานสูง จ.กรุงเทพฯ 10240","13.77571,100.69239999999999",13.77571,100.69239999999999,"สะพานสูง","รอน้ำลด","","ยังส่งไม่ได้",false,"","",""
1184,"140770/4","ริเวอร์ 21 จำกัด","2026-09-28T12:56:00+07:00","ปกติ","ไม่สามารถเข้าส่งได้ น้ำท่วมสูงในพื้นที่","16302","จันทร์","B2B","สาขากรุงเทพกรีฑา","1085/1 สำนักงานขาย โครงการเดอะลิฟวิ่น รามคำแหง ซ.รามคำแหง 97/1  ถ.รามคำแหง แขวงหัวหมาก เขตบางกะปิ จ.กรุงเทพฯ 10240","13.764085,100.64890500000001",13.764085,100.64890500000001,"บางกะปิ","รอน้ำลด","","ยังส่งไม่ได้",false,"","",""
1185,"140998","เอสซีจี เอ็กซพีเรียนซ์ จำกัด","2026-09-28T12:31:00+07:00","เสริมน้ำ นอกรอบ","ไม่สามารถเข้าส่งได้ น้ำท่วมสูงในพื้นที่","16201","ศุกร์","B2B","สาขากรุงเทพกรีฑา","1444 ซ.ลาดพร้าว 87 (จันทราสุข) แขวงคลองจั่น เขตบางกะปิ กรุงเทพฯ 10240","13.753168333333333,100.63187666666666",13.753168333333333,100.63187666666666,"บางกะปิ","รอน้ำลด","","ยังส่งไม่ได้",false,"","",""
1186,"142098/1","ประกิจ โชติจรัสอาภรณ์","2026-09-28T13:24:00+07:00","ปกติ","ไม่สามารถเข้าส่งได้ น้ำท่วมสูงในพื้นที่","16103","จันทร์","B2C","สาขากรุงเทพกรีฑา","188/44 ซ.ลาดพร้าว84 ถ.ลาดพร้าว  แขวงวังทองหลาง เขตวังทองหลาง จ.กรุงเทพฯ 10310","13.781265,100.60595333333335",13.781265,100.60595333333335,"วังทองหลาง","รอน้ำลด","","ยังส่งไม่ได้",false,"","",""
1187,"142616","นิตยา","2026-09-28T13:32:00+07:00","ปกติ","ไม่สามารถเข้าส่งได้ น้ำท่วมสูงในพื้นที่","16303","จันทร์","B2C","สาขากรุงเทพกรีฑา","79/54 บ้านภัทรา (ซอย 7) ซ.รามคำแหง 76 ถ.รามคำแหง แขวงหัวหมาก เขตบางกะปิ จ.กรุงเทพฯ 10240","13.764966666666664,100.66448666666665",13.764966666666664,100.66448666666665,"บางกะปิ","รอน้ำลด","","ยังส่งไม่ได้",false,"","",""
1188,"142649","สวนผึ้งหวาน จำกัด (สำนักงานใหญ่)","2026-09-28T13:25:00+07:00","ปกติ","ไม่สามารถเข้าส่งได้ เกิดข้อผิดพลาด (เลื่อนวันที่ส่ง)","16307","จันทร์","B2B","สาขากรุงเทพกรีฑา","7 ซอยรามคำแหง 118 แยก 42-2 ถนนรามคำแหง แขวงสะพานสูง เขตสะพานสูง จ.กรุงเทพฯ 10240","13.767208333333334,100.68520333333332",13.767208333333334,100.68520333333332,"สะพานสูง","รอน้ำลด","","ยังส่งไม่ได้",false,"","",""
1189,"143259","กัลยา","2026-09-28T11:20:00+07:00","โอนงานสิ้นวัน","ไม่สามารถเข้าส่งได้ น้ำท่วมสูงในพื้นที่","16304","เสาร์","B2C","สาขากรุงเทพกรีฑา","105/12 หมู่บ้านนักกีฬา ซ.8ก  แขวงสะพานสูง เขตสะพานสูง จ.กรุงเทพฯ 10240","13.7440734,100.694637",13.7440734,100.694637,"สะพานสูง","รอน้ำลด","","ยังส่งไม่ได้",true,"ฤทธิศักดิ์ สระเงินสิงห์","28/09/2026","ผู้ทำรายการ:ฤทธิศักดิ์ สระเงินสิงห์;โอนงานมาจากวันที่:28/09/2026"
1190,"143381","กฤษฎา","2026-09-28T13:47:00+07:00","ปกติ","ไม่สามารถเข้าส่งได้ น้ำท่วมสูงในพื้นที่","16106","จันทร์","B2C","สาขากรุงเทพกรีฑา","2/29 ซ.สบายใจ แยก7 (วัฒนานิเวศน์1/1) แขวงสามเสนนอก เขตห้วยขวาง กรุงเทพฯ 10310","13.79268949,100.57980899",13.79268949,100.57980899,"ห้วยขวาง","รอน้ำลด","","ยังส่งไม่ได้",false,"","",""
1191,"146229","พงษ์ศักดิ์","2026-09-28T13:11:00+07:00","ตามน้ำ","ไม่สามารถเข้าส่งได้ น้ำท่วมสูงในพื้นที่","16106","จันทร์","B2C","สาขากรุงเทพกรีฑา","284/14 คอนโด Garden Place อาคาร B ชั้น 3 ห้อง 307 ซ.รัชดา 20 ถ.รัชดาภิเษก แขวงสามเสนนอก เขตห้วยขวาง จ.กรุงเทพฯ 10310","13.795645000000002,100.57661666666667",13.795645000000002,100.57661666666667,"ห้วยขวาง","รอน้ำลด","","ยังส่งไม่ได้",false,"","",""
1192,"146357/1","มนทิรา","2026-09-28T13:41:00+07:00","โอนงานสิ้นวัน","ไม่สามารถเข้าส่งได้ น้ำท่วมสูงในพื้นที่","16106","เสาร์","B2C","สาขากรุงเทพกรีฑา","577 ซ.ลาดพร้าว 48 แยก 1 ถ.ลาดพร้าว แขวงสามเสนนอก เขตห้วยขวาง จ.กรุงเทพฯ 10310","13.795690000000002,100.58558999999998",13.795690000000002,100.58558999999998,"ห้วยขวาง","รอน้ำลด","","ยังส่งไม่ได้",true,"จิรวัฒน์ สัยนิถี","28/09/2026","ผู้ทำรายการ:จิรวัฒน์ สัยนิถี;โอนงานมาจากวันที่:28/09/2026"
1193,"147451","เสกสรรค์","2026-09-28T11:16:00+07:00","โอนงานสิ้นวัน","ไม่สามารถเข้าส่งได้ น้ำท่วมสูงในพื้นที่","16304","เสาร์","B2C","สาขากรุงเทพกรีฑา","12/95 เนอวานา พระราม 9 ซ.กรุงเทพกรีฑา 32 ถ.กรุงเทพกรีฑา แขวงสะพานสูง เขตสะพานสูง จ.กรุงเทพฯ 10240","13.7371218,100.6902179",13.7371218,100.6902179,"สะพานสูง","รอน้ำลด","","ยังส่งไม่ได้",true,"สถาพร นนท์เข็มพรหม","26/09/2026","ผู้ทำรายการ:สถาพร นนท์เข็มพรหม;โอนงานมาจากวันที่:26/09/2026"
1194,"147607","ชนายุทธ","2026-09-28T13:57:00+07:00","โอนงานสิ้นวัน","ไม่สามารถเข้าส่งได้ น้ำท่วมสูงในพื้นที่","16103","เสาร์","B2C","สาขากรุงเทพกรีฑา","98/307 บ้านกลางเมือง พระราม 9 - รามคำแหง ซ.รามคำแหง 39 (เทพลีลา 1)  แขวงพลับพลา เขตวังทองหลาง จ.กรุงเทพฯ 10310","13.762726666666667,100.61138333333335",13.762726666666667,100.61138333333335,"วังทองหลาง","รอน้ำลด","","ยังส่งไม่ได้",true,"ฤทธิศักดิ์ สระเงินสิงห์","28/09/2026","ผู้ทำรายการ:ฤทธิศักดิ์ สระเงินสิงห์;โอนงานมาจากวันที่:28/09/2026"
1195,"147990","เรวดี","2026-09-28T14:16:00+07:00","โอนงานสิ้นวัน","ไม่สามารถเข้าส่งได้ น้ำท่วมสูงในพื้นที่","16206","เสาร์","B2C","สาขากรุงเทพกรีฑา","88/8 ซ.ลาดพร้าว 136 ถ.ลาดพร้าว แขวงคลองจั่น เขตบางกะปิ จ.กรุงเทพฯ 10240","13.76445264,100.6374405",13.76445264,100.6374405,"บางกะปิ","รอน้ำลด","","ยังส่งไม่ได้",true,"วีรวัฒน์ อุดมทรัพย์","28/09/2026","ผู้ทำรายการ:วีรวัฒน์ อุดมทรัพย์;โอนงานมาจากวันที่:28/09/2026"
1196,"148095","จุมพล จารุสกุลมานะวงศ์","2026-09-28T13:23:00+07:00","ปกติ","ไม่สามารถเข้าส่งได้ น้ำท่วมสูงในพื้นที่","16307","จันทร์","B2C","สาขากรุงเทพกรีฑา","21 หมู่บ้านพฤกษชาติ ถ.รามคำแหง ซ.รามคำแหง 118 แยก 42-2 แขวงสะพานสูง เขตสะพานสูง กรุงเทพฯ 10240","13.767816666666667,100.68501499999999",13.767816666666667,100.68501499999999,"สะพานสูง","รอน้ำลด","","ยังส่งไม่ได้",false,"","",""
1197,"148635","ราตรี","2026-09-28T13:10:00+07:00","ปกติ","ไม่สามารถเข้าส่งได้ น้ำท่วมสูงในพื้นที่","16205","จันทร์","B2C","สาขากรุงเทพกรีฑา","877/94 หมู่บ้าน เนอวานาบียอนด์ รามคำแหง ถ.ถาวรธวัช แขวงสวนหลวง เขตสวนหลวง จ.กรุงเทพฯ 10250","13.744821666666667,100.61863999999998",13.744821666666667,100.61863999999998,"สวนหลวง","รอน้ำลด","","ยังส่งไม่ได้",false,"","",""
1198,"149067","สตาร์ไลท์ มีเดีย แอนด์ ปริ้นท์ติ้ง จำกัด","2026-09-28T13:06:00+07:00","ปกติ","ไม่สามารถเข้าส่งได้ เกิดข้อผิดพลาด (เลื่อนวันที่ส่ง)","16204","จันทร์","B2B","สาขากรุงเทพกรีฑา","16 ถ.โพธิ์แก้ว3 แยก6/1 เขตบางกะปิ กรุงเทพฯ 10240","13.802269999999998,100.63550666666667",13.802269999999998,100.63550666666667,"บางกะปิ","รอน้ำลด","","ยังส่งไม่ได้",false,"","",""
1199,"149324/1","โบรเอิร์น จำกัด","2026-09-28T13:22:00+07:00","ปกติ","ไม่สามารถเข้าส่งได้ น้ำท่วมสูงในพื้นที่","16103","จันทร์","B2B","สาขากรุงเทพกรีฑา"," 98/61 หมู่บ้าน บ้านกลางเมือง พระราม9-รามคำแหง ซ.รามคำแหง39 แขวงพลับพลา เขตวังทองหลาง จ.กรุงเทพฯ 10310","13.761000000000001,100.61316666666669",13.761000000000001,100.61316666666669,"วังทองหลาง","รอน้ำลด","","ยังส่งไม่ได้",false,"","",""
1200,"149956","MAUNG","2026-09-28T16:58:00+07:00","โอนงานสิ้นวัน","ไม่สามารถเข้าส่งได้ น้ำท่วมสูงในพื้นที่","16107","เสาร์","B2C","สาขากรุงเทพกรีฑา","583/51 CITY HOME CONDO BUILDING I1 ,F#3  RATCHADA SOI.10 (chinese restaurants)  HUAI KHWANG HUAI KHWANG BANGKOK 10310","13.770781666666668,100.575265",13.770781666666668,100.575265,"","รอน้ำลด","","ยังส่งไม่ได้",true,"วีรวัฒน์ อุดมทรัพย์","28/09/2026","ผู้ทำรายการ:วีรวัฒน์ อุดมทรัพย์;โอนงานมาจากวันที่:28/09/2026"
1201,"150930","วิมาลา","2026-09-28T13:03:00+07:00","โอนงานสิ้นวัน","ไม่สามารถเข้าส่งได้ น้ำท่วมสูงในพื้นที่","16205","เสาร์","B2C","สาขากรุงเทพกรีฑา","2410 อาร์เอส แมนชั่น ชั้น 6 ห้อง 603 ซ.รามคำแหง 52/2 ถ.รามคำแหง แขวงหัวหมาก เขตบางกะปิ จ.กรุงเทพฯ 10240","13.756620000000002,100.64413833333334",13.756620000000002,100.64413833333334,"บางกะปิ","รอน้ำลด","","ยังส่งไม่ได้",true,"วุฒิชัย จีปน","26/09/2026","ผู้ทำรายการ:วุฒิชัย จีปน;โอนงานมาจากวันที่:26/09/2026"
1202,"151043","สมิทธิ์","2026-09-28T11:16:00+07:00","โอนงานสิ้นวัน","ไม่สามารถเข้าส่งได้ น้ำท่วมสูงในพื้นที่","16304","เสาร์","B2C","สาขากรุงเทพกรีฑา","99/1701 นักกีฬาแหลมทอง ซ.นักกีฬาแหลมทอง1แยก1 ถ.กรุงเทพกรีฑา แขวงสะพานสูง เขตสะพานสูง กรุงเทพฯ 10250","13.74094447,100.69172246",13.74094447,100.69172246,"สะพานสูง","รอน้ำลด","","ยังส่งไม่ได้",true,"จิรวัฒน์ สัยนิถี","28/09/2026","ผู้ทำรายการ:จิรวัฒน์ สัยนิถี;โอนงานมาจากวันที่:28/09/2026"
1203,"151260","จันทรา","2026-09-28T13:48:00+07:00","ปกติ","ไม่สามารถเข้าส่งได้ น้ำท่วมสูงในพื้นที่","16106","จันทร์","B2C","สาขากรุงเทพกรีฑา","39/33 หมู่บ้านวัฒนานิเวศน์ ซ.4 แยก 1 ถ.สุทธสาร แขวงสามเสนนอก เขตห้วยขวาง จ.กรุงเทพฯ 10310","13.79505,100.58024666666667",13.79505,100.58024666666667,"ห้วยขวาง","รอน้ำลด","","ยังส่งไม่ได้",false,"","",""
1204,"151865","ขวัญตา","2026-09-28T13:33:00+07:00","โอนงานสิ้นวัน","ไม่สามารถเข้าส่งได้ น้ำท่วมสูงในพื้นที่","16106","เสาร์","B2C","สาขากรุงเทพกรีฑา","467 ซ.ลาดพร้าว 64 แยก 15 ถ.ลาดพร้าว แขวงวังทองหลาง เขตวังทองหลาง จ.กรุงเทพฯ 10310","13.78670378,100.60154835",13.78670378,100.60154835,"วังทองหลาง","รอน้ำลด","","ยังส่งไม่ได้",true,"ฤทธิศักดิ์ สระเงินสิงห์","28/09/2026","ผู้ทำรายการ:ฤทธิศักดิ์ สระเงินสิงห์;โอนงานมาจากวันที่:28/09/2026"
1205,"152716/9","อุรา กรุงเทพ คลินิก จำกัด","2026-09-28T14:17:00+07:00","โอนงานสิ้นวัน","ไม่สามารถเข้าส่งได้ น้ำท่วมสูงในพื้นที่","16206","เสาร์","B2B","สาขากรุงเทพกรีฑา","3466 ห้อง 4-5 ชั้น 1 ซ.ลาดพร้าว 136 ถ.ลาดพร้าว  แขวงคลองจั่น เขตบางกะปิ กรุงเทพฯ 10240","13.770570000000001,100.63637500000002",13.770570000000001,100.63637500000002,"บางกะปิ","รอน้ำลด","","ยังส่งไม่ได้",true,"วีรวัฒน์ อุดมทรัพย์","28/09/2026","ผู้ทำรายการ:วีรวัฒน์ อุดมทรัพย์;โอนงานมาจากวันที่:28/09/2026"
1206,"153226","ทวี","2026-09-28T12:49:00+07:00","ปกติ","ไม่สามารถเข้าส่งได้ น้ำท่วมสูงในพื้นที่","16201","จันทร์","B2C","สาขากรุงเทพกรีฑา","338/66 ซ.ลาดพร้าว 87  ถ.ลาดพร้าว แขวงคลองเจ้าคุณสิงห์ เขตวังทองหลาง จ.กรุงเทพฯ 10310","13.79297364,100.61991435",13.79297364,100.61991435,"วังทองหลาง","รอน้ำลด","","ยังส่งไม่ได้",false,"","",""
1207,"153873","ปุญชรัศมิ์","2026-09-28T13:13:00+07:00","ปกติ","ไม่สามารถเข้าส่งได้ น้ำท่วมสูงในพื้นที่","16303","จันทร์","B2C","สาขากรุงเทพกรีฑา","303/22 หมู่บ้านวิชั่นวิลล์ 2  ซ.รามคำแหง 68 ถ.รามคำแหง แขวงหัวหมาก เขตบางกะปิ กรุงเทพฯ 10240","13.7649918,100.6617963",13.7649918,100.6617963,"บางกะปิ","รอน้ำลด","","ยังส่งไม่ได้",false,"","",""
1208,"154897/1","นิชากร","2026-09-28T12:40:00+07:00","ปกติ","ไม่สามารถเข้าส่งได้ เกิดข้อผิดพลาด (เลื่อนวันที่ส่ง)","16201","จันทร์","B2C","สาขากรุงเทพกรีฑา","67/50 ไดนาสตี้ คอมเพล็กซ์ ห้อง 50 ชั้น 4 ซ.ลาดพร้าว 71 ถ.ลาดพร้าว แขวงสะพานสอง เขตวังทองหลาง กรุงเทพฯ 10310","13.791914999999998,100.60851833333332",13.791914999999998,100.60851833333332,"วังทองหลาง","รอน้ำลด","","ยังส่งไม่ได้",false,"","",""
1209,"155418","จุฑาวัฒน์","2026-09-28T12:09:00+07:00","โอนงานสิ้นวัน","ไม่สามารถเข้าส่งได้ น้ำท่วมสูงในพื้นที่","16203","เสาร์","B2C","สาขากรุงเทพกรีฑา","35 ซอย รามคำแหง 40  แขวงหัวหมาก เขตบางกะปิ กรุงเทพฯ 10240","13.754990000000001,100.63961166666668",13.754990000000001,100.63961166666668,"บางกะปิ","รอน้ำลด","","ยังส่งไม่ได้",true,"ฤทธิศักดิ์ สระเงินสิงห์","28/09/2026","ผู้ทำรายการ:ฤทธิศักดิ์ สระเงินสิงห์;โอนงานมาจากวันที่:28/09/2026"
1210,"156050","ปฏิยุทธ","2026-09-28T13:15:00+07:00","ปกติ","ไม่สามารถเข้าส่งได้ น้ำท่วมสูงในพื้นที่","16205","จันทร์","B2C","สาขากรุงเทพกรีฑา","128/250 (313)  ศิขริน 6  ซ. 24แยก30 ถ.รามคำแหง 24 แขวงหัวหมาก เขตบางกะปิ จ.กรุงเทพฯ 10240","13.74901204,100.62834403",13.74901204,100.62834403,"บางกะปิ","รอน้ำลด","","ยังส่งไม่ได้",false,"","",""
1211,"156218","วิริญา มานะอนันตกุล","2026-09-28T11:53:00+07:00","เสริมน้ำ ตรงรอบ","ไม่สามารถเข้าส่งได้ น้ำท่วมสูงในพื้นที่","16307","จันทร์","B2C","สาขากรุงเทพกรีฑา","59/124 หมู่บ้าน โฮมเพลส ซ.10 ถ.รามคำแหง 140 แขวงสะพานสูง เขตสะพานสูง จ.กรุงเทพฯ 10240","13.779151,100.6922291",13.779151,100.6922291,"สะพานสูง","รอน้ำลด","","ยังส่งไม่ได้",false,"","",""
1212,"15678","ออม มาส จำกัด","2026-09-28T12:51:00+07:00","ปกติ","ไม่สามารถเข้าส่งได้ น้ำท่วมสูงในพื้นที่","16306","จันทร์","B2B","สาขากรุงเทพกรีฑา","39/1(เลยวัดบางเพ็ญใต้ตรงซอยรามคำแหง187เป็นอาคารพานิช) ถนนรามคำแหง แขวงมีนบุรี เขตมีนบุรี กรุงเทพฯ 10510","13.7980654,100.71223408",13.7980654,100.71223408,"มีนบุรี","รอน้ำลด","","ยังส่งไม่ได้",false,"","",""
1213,"156870","ลินน์ บุณยะรัตเวช","2026-09-28T11:58:00+07:00","ปกติ","ไม่สามารถเข้าส่งได้ น้ำท่วมสูงในพื้นที่","16203","จันทร์","B2C","สาขากรุงเทพกรีฑา","6 ถ.รามคำแหง ซ.13 แขวงหัวหมาก เขตบางกะปิ จ.กรุงเทพฯ 10240","13.753569999999998,100.60741000000002",13.753569999999998,100.60741000000002,"บางกะปิ","รอน้ำลด","","ยังส่งไม่ได้",false,"","",""
1214,"156961","ภัทรีย์นลิน บุญงามศรีสุนทร","2026-09-28T12:42:00+07:00","ปกติ","ไม่สามารถเข้าส่งได้ น้ำท่วมสูงในพื้นที่","16201","จันทร์","B2C","สาขากรุงเทพกรีฑา","145 ซ.สังคมสงเคราะห์ 3 ถ.ลาดพร้าว 71 แขวงสะพานสอง เขตวังทองหลาง จ.กรุงเทพฯ 10310","13.7946413,100.6076579",13.7946413,100.6076579,"วังทองหลาง","รอน้ำลด","","ยังส่งไม่ได้",false,"","",""
1215,"157526","ซิมพลิซิตี้ เทคโนโลยี จำกัด","2026-09-28T13:07:00+07:00","ปกติ","ไม่สามารถเข้าส่งได้ น้ำท่วมสูงในพื้นที่","16204","จันทร์","B2B","สาขากรุงเทพกรีฑา","เลขที่ 19 ซ.โพธิ์แก้ว 3 แขวงคลองจั่น เขตบางกะปิ จ.กรุงเทพฯ 10240","13.801424999999998,100.63379666666667",13.801424999999998,100.63379666666667,"บางกะปิ","รอน้ำลด","","ยังส่งไม่ได้",false,"","",""
1216,"157975","พลัมคอนโด รามคำแหง 60 สเตชั่น","2026-09-28T12:56:00+07:00","ปกติ","ไม่สามารถเข้าส่งได้ น้ำท่วมสูงในพื้นที่","16303","จันทร์","B2B","สาขากรุงเทพกรีฑา","8 พลัมคอนโด รามคำแหง 60 สเตชั่น อาคาร C ซ.รามคำแหง 60 (สวนสน) แขวงหัวหมาก เขตบางกะปิ กรุงเทพฯ 10240","13.76001284,100.64900916",13.76001284,100.64900916,"บางกะปิ","รอน้ำลด","","ยังส่งไม่ได้",false,"","",""
1217,"158866","รณภีร์ กรุ๊ป จำกัด","2026-09-28T13:08:00+07:00","ปกติ","ไม่สามารถเข้าส่งได้ น้ำท่วมสูงในพื้นที่","16205","จันทร์","B2B","สาขากรุงเทพกรีฑา","877/2  รณภีร์คลินิก สาขาพระราม 9 โครงการเนอวานาแอทเวิร์ค พระราม 9-รามคำแหง ซ.ถาวรธวัช (39/1) ถ.พระราม 9 แขวงสวนหลวง เขตสวนหลวง จ.กรุงเทพฯ 10250","13.743889999999999,100.61650999999999",13.743889999999999,100.61650999999999,"สวนหลวง","รอน้ำลด","","ยังส่งไม่ได้",false,"","",""
1218,"158866/1","รณภีร์ กรุ๊ป จำกัด","2026-09-28T12:40:00+07:00","เสริมน้ำ ตรงรอบ","ไม่สามารถเข้าส่งได้ เกิดข้อผิดพลาด (เลื่อนวันที่ส่ง)","16205","จันทร์","B2B","สาขากรุงเทพกรีฑา","877/23  รณภีร์คลินิก สาขาพระราม 9 โครงการเนอวานาแอทเวิร์ค พระราม 9-รามคำแหง ซ.ถาวรธวัช (39/1) ถ.พระราม 9 แขวงสวนหลวง เขตสวนหลวง จ.กรุงเทพฯ 10250","13.744401666666667,100.61683166666666",13.744401666666667,100.61683166666666,"สวนหลวง","รอน้ำลด","","ยังส่งไม่ได้",false,"","",""
1219,"158988","พีแมช (ไทยแลนด์) จำกัด","2026-09-28T12:46:00+07:00","ปกติ","ไม่สามารถเข้าส่งได้ น้ำท่วมสูงในพื้นที่","16302","จันทร์","B2B","สาขากรุงเทพกรีฑา","300/94 หมู่บ้านพาทิโอ ศรีนครินทร์พระรามเก้า ถ.กรุงเทพกรีฑา แขวงหัวหมาก เขตบางกะปิ จ.กรุงเทพฯ 10240","13.742076666666666,100.65790666666665",13.742076666666666,100.65790666666665,"บางกะปิ","รอน้ำลด","","ยังส่งไม่ได้",false,"","",""
1220,"160623","อนุศรา","2026-09-28T13:28:00+07:00","เสริมน้ำ ตรงรอบ","ไม่สามารถเข้าส่งได้ น้ำท่วมสูงในพื้นที่","16303","จันทร์","B2C","สาขากรุงเทพกรีฑา","301/977 หมู่บ้าน กิตตินิเวศน์ ซ.24 แยก 2 ซ.รามคำแหง68 ถ.รามคำแหง แขวงหัวหมาก เขตบางกะปิ จ.กรุงเทพฯ 10240","13.7613444,100.6685624",13.7613444,100.6685624,"บางกะปิ","รอน้ำลด","","ยังส่งไม่ได้",false,"","",""
1221,"16071","สภาวิศวกร","2026-09-28T13:43:00+07:00","ปกติ","ไม่สามารถเข้าส่งได้ น้ำท่วมสูงในพื้นที่","16106","จันทร์, พุธ, ศุกร์","B2B","สาขากรุงเทพกรีฑา","1616/1 อาคาร สภาวิศวกร ชั้น 3 ซ.ลาดพร้าว 54 ถ.ลาดพร้าว แขวงวังทองหลาง เขตวังทองหลาง จ.กรุงเทพฯ 10310","13.795426666666666,100.59237333333334",13.795426666666666,100.59237333333334,"วังทองหลาง","รอน้ำลด","","ยังส่งไม่ได้",false,"","",""
1222,"160865","ทัศน์กมล","2026-09-28T14:20:00+07:00","เสริมน้ำ ตรงรอบ","ไม่สามารถเข้าส่งได้ น้ำท่วมสูงในพื้นที่","16206","จันทร์","B2C","สาขากรุงเทพกรีฑา","185/106 หมู่บ้าน เดอะคอนเนค 32  ซ.ลาดพร้าว 126 แขวงพลับพลา เขตวังทองหลาง จ.กรุงเทพฯ 10310","13.7693733,100.6288894",13.7693733,100.6288894,"วังทองหลาง","รอน้ำลด","","ยังส่งไม่ได้",false,"","",""
1223,"161400","บูรพาทัศน์ (1999) จำกัด สำนักงานใหญ่","2026-09-28T13:45:00+07:00","ปกติ","ไม่สามารถเข้าส่งได้ น้ำท่วมสูงในพื้นที่","16106","จันทร์","B2B","สาขากรุงเทพกรีฑา","เลขที่ 48/5-6 อาคารสเปซ 48 ชั้นที่ 2 ซ.รุ่งเรือง ถ.รัชดาภิเษก แขวงสามเสนนอก เขตห้วยขวาง จ.กรุงเทพฯ 10310","13.791846666666666,100.57565666666666",13.791846666666666,100.57565666666666,"ห้วยขวาง","รอน้ำลด","","ยังส่งไม่ได้",false,"","",""
1224,"161483","ยลดา","2026-09-28T12:37:00+07:00","ปกติ","ไม่สามารถเข้าส่งได้ น้ำท่วมสูงในพื้นที่","16306","จันทร์","B2C","สาขากรุงเทพกรีฑา"," 48/91 หมู่บ้านเดอะวิลล่า รามคําแหง-สุวรรณภูมิ ซ.รามคำแหง174  แขวงมีนบุรี เขตมีนบุรี จ.กรุงเทพฯ 10510","13.78833649,100.71981554",13.78833649,100.71981554,"มีนบุรี","รอน้ำลด","","ยังส่งไม่ได้",false,"","",""
1225,"161728","ชลิสา","2026-09-28T14:13:00+07:00","ปกติ","ไม่สามารถเข้าส่งได้ น้ำท่วมสูงในพื้นที่","16206","จันทร์","B2C","สาขากรุงเทพกรีฑา","350 /2 ซ.ลาดพร้าว 130 แยก 4/1 ใต้ ถ.ลาดพร้าว แขวงคลองจั่น เขตบางกะปิ จ.กรุงเทพฯ 10240","13.76675581,100.63204778",13.76675581,100.63204778,"บางกะปิ","รอน้ำลด","","ยังส่งไม่ได้",false,"","",""
1226,"162092","ซี เพอร์เพิส จำกัด","2026-09-28T12:41:00+07:00","เสริมน้ำ ตรงรอบ","ไม่สามารถเข้าส่งได้ น้ำท่วมสูงในพื้นที่","16205","จันทร์","B2B","สาขากรุงเทพกรีฑา","253 หมู่บ้าน ศิขริน ซ.รามคำแหง 24 แยก 30  แขวงหัวหมาก เขตบางกะปิ กรุงเทพฯ 10240","13.749906666666668,100.62798833333333",13.749906666666668,100.62798833333333,"บางกะปิ","รอน้ำลด","","ยังส่งไม่ได้",false,"","",""
1227,"162425","เอสแอลที เนทแคม จำกัด","2026-09-28T12:55:00+07:00","ปกติ","ไม่สามารถเข้าส่งได้ น้ำท่วมสูงในพื้นที่","16204","จันทร์","B2B","สาขากรุงเทพกรีฑา","4/4 ซ.ลาดพร้าว 101 แยก 39 ถ.ลาดพร้าว แขวงคลองจั่น เขตบางกะปิ จ.กรุงเทพฯ 10240","13.79208303,100.62735049",13.79208303,100.62735049,"บางกะปิ","รอน้ำลด","","ยังส่งไม่ได้",false,"","",""
1228,"163572","ฐาปะนี ยี่หลัก","2026-09-28T11:18:00+07:00","โอนงานสิ้นวัน","ไม่สามารถเข้าส่งได้ เกิดข้อผิดพลาด (เลื่อนวันที่ส่ง)","16304","เสาร์","B2C","สาขากรุงเทพกรีฑา","32 หมู่บ้านนักกีฬาแหลมทอง ซ.7 ถ.กรุงเทพกรีฑา แขวงสะพานสูง เขตสะพานสูง จ.กรุงเทพฯ 10240","13.74770091,100.69556512",13.74770091,100.69556512,"สะพานสูง","รอน้ำลด","","ยังส่งไม่ได้",true,"สถาพร นนท์เข็มพรหม","26/09/2026","ผู้ทำรายการ:สถาพร นนท์เข็มพรหม;โอนงานมาจากวันที่:26/09/2026"
1229,"163583","ธนกร","2026-09-28T11:48:00+07:00","ปกติ","ไม่สามารถเข้าส่งได้ น้ำท่วมสูงในพื้นที่","16203","จันทร์","B2C","สาขากรุงเทพกรีฑา","2005/5 ถ.รามคำแหง  แขวงหัวหมาก เขตบางกะปิ จ.กรุงเทพมหานคร 10240","13.75562763,100.61363044",13.75562763,100.61363044,"บางกะปิ","รอน้ำลด","","ยังส่งไม่ได้",false,"","",""
1230,"163637","สุดที่รัก","2026-09-28T11:18:00+07:00","โอนงานสิ้นวัน","ไม่สามารถเข้าส่งได้ น้ำท่วมสูงในพื้นที่","16304","เสาร์","B2C","สาขากรุงเทพกรีฑา","12/102 หมู่บ้านเนอวานา พระราม 9 ซ.กรุงเทพกรีฑา 32 ถ.กรุงเทพกรีฑา แขวงสะพานสูง เขตสะพานสูง กรุงเทพฯ 10250","13.7369489,100.6911328",13.7369489,100.6911328,"สะพานสูง","รอน้ำลด","","ยังส่งไม่ได้",true,"วีรวัฒน์ อุดมทรัพย์","28/09/2026","ผู้ทำรายการ:วีรวัฒน์ อุดมทรัพย์;โอนงานมาจากวันที่:28/09/2026"
1231,"163711","สุวัฒน์","2026-09-28T12:51:00+07:00","ปกติ","ไม่สามารถเข้าส่งได้ น้ำท่วมสูงในพื้นที่","16204","จันทร์","B2C","สาขากรุงเทพกรีฑา","38 ซ.โพธิ์แก้ว 1 แยก 3 แขวงคลองจั่น เขตบางกะปิ จ.กรุงเทพฯ 10240","13.79875602,100.62750348",13.79875602,100.62750348,"บางกะปิ","รอน้ำลด","","ยังส่งไม่ได้",false,"","",""
1232,"163878","ฐิติชญาน์","2026-09-28T14:15:00+07:00","โอนงานสิ้นวัน","ไม่สามารถเข้าส่งได้ น้ำท่วมสูงในพื้นที่","16206","เสาร์","B2C","สาขากรุงเทพกรีฑา","529/27 หมู่บ้านอารียา บุษบา ซ.ลาดพร้าว 130 แขวงพลับพลา เขตวังทองหลาง จ.กรุงเทพฯ 10310","13.76632891,100.62946184",13.76632891,100.62946184,"วังทองหลาง","รอน้ำลด","","ยังส่งไม่ได้",true,"จิรวัฒน์ สัยนิถี","28/09/2026","ผู้ทำรายการ:จิรวัฒน์ สัยนิถี;โอนงานมาจากวันที่:28/09/2026"
1233,"164210/1","อัญชุลี","2026-09-28T12:32:00+07:00","ปกติ","ไม่สามารถเข้าส่งได้ น้ำท่วมสูงในพื้นที่","16306","จันทร์","B2C","สาขากรุงเทพกรีฑา","88/47 ซอยรามคำ​แหง​174 แขวงมีนบุรี เขตมีนบุรี จ.กรุงเทพฯ 10510","13.7820952,100.7220466",13.7820952,100.7220466,"มีนบุรี","รอน้ำลด","","ยังส่งไม่ได้",false,"","",""
1234,"164974","เนตรนภา","2026-09-28T13:25:00+07:00","ปกติ","ไม่สามารถเข้าส่งได้ น้ำท่วมสูงในพื้นที่","16301","จันทร์","B2C","สาขากรุงเทพกรีฑา","245/53 ซ.24 หมู่บ้านสัมมากร ถ.รามคำแหง 112 แขวงสะพานสูง เขตสะพานสูง จ.กรุงเทพฯ 10240","13.764518333333335,100.677855",13.764518333333335,100.677855,"สะพานสูง","รอน้ำลด","","ยังส่งไม่ได้",false,"","",""
1235,"164999","เอกราช","2026-09-28T13:12:00+07:00","ปกติ","ไม่สามารถเข้าส่งได้ น้ำท่วมสูงในพื้นที่","16303","จันทร์","B2C","สาขากรุงเทพกรีฑา","39/12 โครงการทาวน์ 68 ซ.รามคำแหง 68 ถ.รามคำแหง แขวงหัวหมาก เขตบางกะปิ จ.กรุงเทพฯ 10240","13.76487939,100.66111302",13.76487939,100.66111302,"บางกะปิ","รอน้ำลด","","ยังส่งไม่ได้",false,"","",""
1236,"165512","ประมุข","2026-09-28T14:13:00+07:00","ปกติ","ไม่สามารถเข้าส่งได้ น้ำท่วมสูงในพื้นที่","16206","จันทร์","B2C","สาขากรุงเทพกรีฑา","185/47 โครงการเดอะคอนเนค 32  ซ.ลาดพร้าว126 แขวงพลับพลา เขตวังทองหลาง จ.กรุงเทพฯ 10310","13.76854172,100.62831519",13.76854172,100.62831519,"วังทองหลาง","รอน้ำลด","","ยังส่งไม่ได้",false,"","",""
1237,"165529","กาญจนา","2026-09-28T13:42:00+07:00","เสริมน้ำ ตรงรอบ","ไม่สามารถเข้าส่งได้ น้ำท่วมสูงในพื้นที่","16307","จันทร์","B2C","สาขากรุงเทพกรีฑา","5 สนง.เขตสะพานสูง(ฝ่ายการคลัง) ซ.รามคำแหง 118 แขวงสะพานสูง เขตสะพานสูง จ.กรุงเทพฯ 10240","13.76899,100.68623166666666",13.76899,100.68623166666666,"สะพานสูง(ฝ่ายการคลัง)","รอน้ำลด","","ยังส่งไม่ได้",false,"","",""
1238,"165860","ปภากร","2026-09-28T13:23:00+07:00","ปกติ","ไม่สามารถเข้าส่งได้ เกิดข้อผิดพลาด (เลื่อนวันที่ส่ง)","16307","จันทร์","B2C","สาขากรุงเทพกรีฑา","14 หมู่บ้าน พฤกษชาติ ซ.รามคำแหง118แยก42-2 แขวงสะพานสูง เขตสะพานสูง จ.กรุงเทพฯ 10240","13.76816702,100.68484693",13.76816702,100.68484693,"สะพานสูง","รอน้ำลด","","ยังส่งไม่ได้",false,"","",""
1239,"166240","อัญญา","2026-09-28T12:46:00+07:00","ปกติ","ไม่สามารถเข้าส่งได้ น้ำท่วมสูงในพื้นที่","16205","จันทร์","B2C","สาขากรุงเทพกรีฑา","877/57 เนอวานา บียอนด์ พระราม 9 ถ.พระราม9-รามคำแหง24 แขวงสวนหลวง เขตประเวศ จ.กรุงเทพฯ 10250","13.74386,100.61772",13.74386,100.61772,"ประเวศ","รอน้ำลด","","ยังส่งไม่ได้",false,"","",""
1240,"166283","สุภรณ์","2026-09-28T13:09:00+07:00","ปกติ","ไม่สามารถเข้าส่งได้ น้ำท่วมสูงในพื้นที่","16205","จันทร์","B2C","สาขากรุงเทพกรีฑา","877/109 เนอวานา บียอนด์ พระราม 9 ถ.พระราม9-รามคำแหง24 แขวงสวนหลวง เขตประเวศ จ.กรุงเทพฯ 10250","13.744928333333332,100.61791",13.744928333333332,100.61791,"ประเวศ","รอน้ำลด","","ยังส่งไม่ได้",false,"","",""
1241,"166285","พรรณราย","2026-09-28T13:08:00+07:00","ปกติ","ไม่สามารถเข้าส่งได้ น้ำท่วมสูงในพื้นที่","16205","จันทร์","B2C","สาขากรุงเทพกรีฑา","877/108 เนอวานา บียอนด์ พระราม 9 ถ.พระราม9-รามคำแหง24 แขวงสวนหลวง เขตสวนหลวง จ.กรุงเทพฯ 10250","13.744901666666665,100.61795",13.744901666666665,100.61795,"สวนหลวง","รอน้ำลด","","ยังส่งไม่ได้",false,"","",""
1242,"166412","วรัญญา","2026-09-28T13:09:00+07:00","ปกติ","ไม่สามารถเข้าส่งได้ น้ำท่วมสูงในพื้นที่","16205","จันทร์","B2C","สาขากรุงเทพกรีฑา","877/61 หมู่บ้านเนอวานา บียอนด์ รามคำแหง ถ.พระราม 9 แขวงสวนหลวง เขตสวนหลวง จ.กรุงเทพฯ 10250","13.743799999999998,100.61757833333334",13.743799999999998,100.61757833333334,"สวนหลวง","รอน้ำลด","","ยังส่งไม่ได้",false,"","",""
1243,"166416","ภูมิ เรืองไทย","2026-09-28T13:21:00+07:00","ปกติ","ไม่สามารถเข้าส่งได้ น้ำท่วมสูงในพื้นที่","16103","จันทร์","B2C","สาขากรุงเทพกรีฑา","188/253 หมู่บ้าน 84 แมนชั่น ถ.ประดิษฐ์มนูธรรม แขวงวังทองหลาง เขตวังทองหลาง จ.กรุงเทพฯ 10310","13.77990703,100.60568681",13.77990703,100.60568681,"วังทองหลาง","รอน้ำลด","","ยังส่งไม่ได้",false,"","",""
1244,"166472","ธีระศักดิ์","2026-09-28T11:10:00+07:00","โอนงานสิ้นวัน","ไม่สามารถเข้าส่งได้ น้ำท่วมสูงในพื้นที่","16306","เสาร์","B2C","สาขากรุงเทพกรีฑา","94/150 หมู่บ้านปัญฐิญา ซ.รามคำแหง 186/1 ถ.รามคำแหง - มีนบุรี แขวงมีนบุรี เขตมีนบุรี จ.กรุงเทพฯ 10510","13.796688333333334,100.72668",13.796688333333334,100.72668,"มีนบุรี","รอน้ำลด","","ยังส่งไม่ได้",true,"ฤทธิศักดิ์ สระเงินสิงห์","28/09/2026","ผู้ทำรายการ:ฤทธิศักดิ์ สระเงินสิงห์;โอนงานมาจากวันที่:28/09/2026"
1245,"166638","ไพทูรย์","2026-09-28T12:39:00+07:00","ปกติ","ไม่สามารถเข้าส่งได้ น้ำท่วมสูงในพื้นที่","16306","จันทร์","B2C","สาขากรุงเทพกรีฑา","48/262 หมู่บ้านเดอะวิลล่ารามแหง สุขาภิบาล 3 ซ.รามคำแหง 174   ซ.เดอะวิลล่า 11 ถ.สุขาภิบาล 3 แขวงมีนบุรี เขตมีนบุรี จ.กรุงเทพฯ 10510","13.789138333333335,100.71916666666667",13.789138333333335,100.71916666666667,"มีนบุรี","รอน้ำลด","","ยังส่งไม่ได้",false,"","",""
1246,"16670/2","นงลักษณ์ มณีรัตน์","2026-09-28T13:26:00+07:00","ปกติ","ไม่สามารถเข้าส่งได้ น้ำท่วมสูงในพื้นที่","16103","จันทร์","B2C","สาขากรุงเทพกรีฑา","58 ซ.ประดิษฐ์มนูญธรรม 7 ถ.ประดิษฐ์มนูญธรรม แขวงวังทองหลาง เขตวังทองหลาง กรุงเทพฯ 10310","13.7830679,100.6065172",13.7830679,100.6065172,"วังทองหลาง","รอน้ำลด","","ยังส่งไม่ได้",false,"","",""
1247,"166785","วราภรณ์","2026-09-28T13:10:00+07:00","ปกติ","ไม่สามารถเข้าส่งได้ น้ำท่วมสูงในพื้นที่","16205","จันทร์","B2C","สาขากรุงเทพกรีฑา","877/59 เนอวานา บียอนด์ พระราม 9 ถ.พระราม9-รามคำแหง24 แขวงสวนหลวง เขตประเวศ จ.กรุงเทพฯ 10250","13.74381785,100.6173953",13.74381785,100.6173953,"ประเวศ","รอน้ำลด","","ยังส่งไม่ได้",false,"","",""
1248,"166816/1","ทัสสพิน","2026-09-28T12:43:00+07:00","ปกติ","ไม่สามารถเข้าส่งได้ เกิดข้อผิดพลาด (เลื่อนวันที่ส่ง)","16201","จันทร์","B2C","สาขากรุงเทพกรีฑา","789 ซ.สังคมสงเคราะห์ 23  ถ. ลาดพร้าว 71 แขวงสะพานสอง เขตวังทองหลาง  จ.กรุงเทพฯ 10310","13.795376666666668,100.60089333333332",13.795376666666668,100.60089333333332,"วังทองหลาง","รอน้ำลด","","ยังส่งไม่ได้",false,"","",""
1249,"166820","จอมขวัญ","2026-09-28T11:20:00+07:00","โอนงานสิ้นวัน","ไม่สามารถเข้าส่งได้ น้ำท่วมสูงในพื้นที่","16306","เสาร์","B2C","สาขากรุงเทพกรีฑา","86/237 หมู่บ้านปรีชา  9 ซ.รามคำแหง 186 ถ.รามคำแหง แขวงมีนบุรี เขตมีนบุรี จ.กรุงเทพฯ 10510","13.799008333333331,100.72540333333333",13.799008333333331,100.72540333333333,"มีนบุรี","รอน้ำลด","","ยังส่งไม่ได้",true,"ฤทธิศักดิ์ สระเงินสิงห์","28/09/2026","ผู้ทำรายการ:ฤทธิศักดิ์ สระเงินสิงห์;โอนงานมาจากวันที่:28/09/2026"
1250,"166900","สมาธะ","2026-09-28T12:55:00+07:00","ปกติ","ไม่สามารถเข้าส่งได้ น้ำท่วมสูงในพื้นที่","16303","จันทร์","B2C","สาขากรุงเทพกรีฑา","123 ซอยรามคำแหง 60 ถนนรามคำแหง แขวงหัวหมาก เขตบางกะปิ จ.กรุงเทพฯ 10240","13.76079915,100.64986097",13.76079915,100.64986097,"บางกะปิ","รอน้ำลด","","ยังส่งไม่ได้",false,"","",""
1251,"167015/1","ผ่องศรี ลือพร้อมชัย","2026-09-28T11:49:00+07:00","ปกติ","ไม่สามารถเข้าส่งได้ น้ำท่วมสูงในพื้นที่","16203","จันทร์","B2C","สาขากรุงเทพกรีฑา","11 ซ.รามคำแหง 41/1    แขวงหัวหมาก เขตบางกะปิ จ.กรุงเทพฯ 10240","13.758383333333333,100.61648333333332",13.758383333333333,100.61648333333332,"บางกะปิ","รอน้ำลด","","ยังส่งไม่ได้",false,"","",""
1252,"167467","มาลัย","2026-09-28T13:09:00+07:00","ปกติ","ไม่สามารถเข้าส่งได้ น้ำท่วมสูงในพื้นที่","16205","จันทร์","B2C","สาขากรุงเทพกรีฑา","877/105 หมู่บ้านเนอวานา บียอนด์  รามคำแหง ถ.พระราม 9 แขวงสวนหลวง เขตสวนหลวง จ.กรุงเทพฯ 10250","13.744928333333332,100.61791",13.744928333333332,100.61791,"สวนหลวง","รอน้ำลด","","ยังส่งไม่ได้",false,"","",""
1253,"167553","สมศรี","2026-09-28T13:10:00+07:00","ปกติ","ไม่สามารถเข้าส่งได้ น้ำท่วมสูงในพื้นที่","16205","จันทร์","B2C","สาขากรุงเทพกรีฑา","877/79 หมู่บ้านเนอวานา บียอนด์ บียอนด์ พระราม 9 ถ.พระราม9-รามคำแหง24 แขวงสวนหลวง เขตสวนหลวง จ.กรุงเทพฯ 10250","13.744506666666666,100.61881666666667",13.744506666666666,100.61881666666667,"สวนหลวง","รอน้ำลด","","ยังส่งไม่ได้",false,"","",""
1254,"167789","ชลาสินธุ์","2026-09-28T12:40:00+07:00","ปกติ","ไม่สามารถเข้าส่งได้ น้ำท่วมสูงในพื้นที่","16306","จันทร์","B2C","สาขากรุงเทพกรีฑา","48/279 หมู่บ้านเดอะวิลล่า ซ.รามคำแหง174 ถ.รามคำแหง แขวงมีนบุรี เขตมีนบุรี จ.กรุงเทพฯ 10510","13.788633333333333,100.71807500000001",13.788633333333333,100.71807500000001,"มีนบุรี","รอน้ำลด","","ยังส่งไม่ได้",false,"","",""
1255,"168204","นฤมล","2026-09-28T13:38:00+07:00","โอนงานสิ้นวัน","ไม่สามารถเข้าส่งได้ น้ำท่วมสูงในพื้นที่","16106","เสาร์","B2C","สาขากรุงเทพกรีฑา","358 ซ.ลาดพร้าว 48 แยก 22 แขวงสามเสนนอก เขตห้วยขวาง จ.กรุงเทพฯ 10310","13.79487513,100.58339042",13.79487513,100.58339042,"ห้วยขวาง","รอน้ำลด","","ยังส่งไม่ได้",true,"วีรวัฒน์ อุดมทรัพย์","28/09/2026","ผู้ทำรายการ:วีรวัฒน์ อุดมทรัพย์;โอนงานมาจากวันที่:28/09/2026"
1256,"168620","โดย ไพบูลย์ เหลืองทองคำ","2026-09-28T12:33:00+07:00","ตามน้ำ","ไม่สามารถเข้าส่งได้ น้ำท่วมสูงในพื้นที่","16201","เสาร์","B2B","สาขากรุงเทพกรีฑา","575/17 ซ.ลาดพร้าว 87 แยก 13 ถ.ลาดพร้าว แขวงคลองเจ้าคุณสิงห์ เขตวังทองหลาง จ.กรุงเทพฯ 10310","13.79662536,100.61751423",13.79662536,100.61751423,"วังทองหลาง","รอน้ำลด","","ยังส่งไม่ได้",false,"","",""
1257,"169334","โฮเทล ทรัพย์ จำกัด","2026-09-28T16:59:00+07:00","โอนงานสิ้นวัน","ไม่สามารถเข้าส่งได้ น้ำท่วมสูงในพื้นที่","16107","เสาร์","B2B","สาขากรุงเทพกรีฑา","367/1 ซ.ประชาสันติ แขวงห้วยขวาง เขตห้วยขวาง จ.กรุงเทพฯ 10310","13.771235,100.57524333333335",13.771235,100.57524333333335,"ห้วยขวาง","รอน้ำลด","","ยังส่งไม่ได้",true,"จิรวัฒน์ สัยนิถี","28/09/2026","ผู้ทำรายการ:จิรวัฒน์ สัยนิถี;โอนงานมาจากวันที่:28/09/2026"
1258,"170358/1","ดวงนภา นิจจะยะ","2026-09-28T11:54:00+07:00","ปกติ","ไม่สามารถเข้าส่งได้ เกิดข้อผิดพลาด (เลื่อนวันที่ส่ง)","16203","จันทร์","B2C","สาขากรุงเทพกรีฑา","3/405 เดอะเบส พระราม 9-รามคำแหง ชั้น 18 ห้อง 3/405  แขวงหัวหมาก เขตบางกะปิ จ.กรุงเทพฯ 10240","13.74828,100.60574833333334",13.74828,100.60574833333334,"บางกะปิ","รอน้ำลด","","ยังส่งไม่ได้",false,"","",""
1259,"170882","ไทย ดีเอ็มอาร์ รีเทล จำกัด","2026-09-28T13:05:00+07:00","ปกติ","ไม่สามารถเข้าส่งได้ น้ำท่วมสูงในพื้นที่","16205","จันทร์","B2B","สาขากรุงเทพกรีฑา","1-3 ซอย2 (ถนนเสรี2) แขวงหัวหมาก เขตบางกะปิ กรุงเทพฯ 10240","13.752675,100.62238166666666",13.752675,100.62238166666666,"บางกะปิ","รอน้ำลด","","ยังส่งไม่ได้",false,"","",""
1260,"170963","ชนันทิพย์","2026-09-28T11:20:00+07:00","โอนงานสิ้นวัน","ไม่สามารถเข้าส่งได้ น้ำท่วมสูงในพื้นที่","16304","เสาร์","B2C","สาขากรุงเทพกรีฑา","88 หมู่บ้านนักกีฬาแหลมทอง ซ.5 ถ.กรุงเทพกรีฑา แขวงทับช้าง เขตสะพานสูง จ.กรุงเทพฯ 10240","13.74470121,100.69191856",13.74470121,100.69191856,"สะพานสูง","รอน้ำลด","","ยังส่งไม่ได้",true,"วีรวัฒน์ อุดมทรัพย์","28/09/2026","ผู้ทำรายการ:วีรวัฒน์ อุดมทรัพย์;โอนงานมาจากวันที่:28/09/2026"
1261,"17111","ธนคม อินเตอร์เนชั่นแนล จำกัด","2026-09-28T12:47:00+07:00","ปกติ","ไม่สามารถเข้าส่งได้ น้ำท่วมสูงในพื้นที่","16201","จันทร์","B2B","สาขากรุงเทพกรีฑา","294 ซ.ลาดพร้าว 53(โชคชัย4) ถ.ลาดพร้าว แขวงสะพานสอง เขตวังทองหลาง กรุงเทพฯ 10310","13.797531666666664,100.59559833333333",13.797531666666664,100.59559833333333,"วังทองหลาง","รอน้ำลด","","ยังส่งไม่ได้",false,"","",""
1262,"172133/1","ชลธี อินโนเวชั่น จำกัด","2026-09-28T12:48:00+07:00","ปกติ","ไม่สามารถเข้าส่งได้ น้ำท่วมสูงในพื้นที่","16306","จันทร์","B2B","สาขากรุงเทพกรีฑา","3/3 รามคำแหง 164 แยก3 (ติดกับร้านกาแฟชลธี) แขวงมีนบุรี เขตมีนบุรี จ.กรุงเทพฯ 10510","13.794680000000001,100.70956",13.794680000000001,100.70956,"มีนบุรี","รอน้ำลด","","ยังส่งไม่ได้",false,"","",""
1263,"172227","ทศพล","2026-09-28T13:54:00+07:00","ตามน้ำ","ไม่สามารถเข้าส่งได้ น้ำท่วมสูงในพื้นที่","16103","เสาร์","B2C","สาขากรุงเทพกรีฑา","663/41  จันทร์ดาราแม่นชั่น อาคาร A ชั้น 4 ห้อง 41 ซ. ลาดพร้าว80 แยก22 ถ. ลาดพร้าว แขวงวังทองหลาง เขตวังทองหลาง จ.กรุงเทพฯ 10310","13.78096501,100.59339071",13.78096501,100.59339071,"วังทองหลาง","รอน้ำลด","","ยังส่งไม่ได้",false,"","",""
1264,"173376","อัครดิษฐ์","2026-09-28T13:14:00+07:00","ปกติ","ไม่สามารถเข้าส่งได้ น้ำท่วมสูงในพื้นที่","16303","จันทร์","B2C","สาขากรุงเทพกรีฑา","301/568 หมู่บ้านกิตตินิเวศน์ ซ.รามคำแหง 68 ถ.รามคำแหง แขวงหัวหมาก เขตบางกะปิ จ.กรุงเทพฯ 10240","13.76290186,100.6658191",13.76290186,100.6658191,"บางกะปิ","รอน้ำลด","","ยังส่งไม่ได้",false,"","",""
1265,"174189","สร้อยทิพย์","2026-09-28T12:49:00+07:00","ปกติ","ไม่สามารถเข้าส่งได้ น้ำท่วมสูงในพื้นที่","16201","จันทร์","B2C","สาขากรุงเทพกรีฑา","318/4 หมู่บ้าน เมอร์ริท เพลส ซ.ลาดพร้าว 87 แยก 10  แขวงวังทองหลาง เขตวังทองหลาง จ.กรุงเทพฯ 10310 ","13.789604999999998,100.62109333333335",13.789604999999998,100.62109333333335,"วังทองหลาง","รอน้ำลด","","ยังส่งไม่ได้",false,"","",""
1266,"174503/2","วรีพร แสไพศาล","2026-09-28T13:11:00+07:00","เสริมน้ำ ตรงรอบ","ไม่สามารถเข้าส่งได้ น้ำท่วมสูงในพื้นที่","16204","จันทร์","B2C","สาขากรุงเทพกรีฑา","แอนนาเพลส ซ.ลาดพร้าว 101 แยก 25 ห้อง 103 ชั้น 1 ถ.ลาดพร้าว แขวงคลองเจ้าคุณสิงห์ เขตวังทองหลาง จ.กรุงเทพฯ 10310","13.788124999999999,100.62848666666666",13.788124999999999,100.62848666666666,"วังทองหลาง","รอน้ำลด","","ยังส่งไม่ได้",false,"","",""
1267,"175088","ชุติมา","2026-09-28T14:28:00+07:00","โอนงานสิ้นวัน","ไม่สามารถเข้าส่งได้ น้ำท่วมสูงในพื้นที่","16206","เสาร์","B2C","สาขากรุงเทพกรีฑา","335/31 อาคารลุมพินีเซ็นเตอร์ D2 ชั้น 2 ซ.ศูนย์การค้าแฮปปี้แลนด์ ถ.แฮปปี้แลนด์สาย 1 แขวงคลองจั่น เขตบางกะปิ จ.กรุงเทพฯ 10240","13.774848333333333,100.64126333333334",13.774848333333333,100.64126333333334,"บางกะปิ","รอน้ำลด","","ยังส่งไม่ได้",true,"จิรวัฒน์ สัยนิถี","28/09/2026","ผู้ทำรายการ:จิรวัฒน์ สัยนิถี;โอนงานมาจากวันที่:28/09/2026"
1268,"175803","นัทธมน","2026-09-28T12:44:00+07:00","ปกติ","ไม่สามารถเข้าส่งได้ เกิดข้อผิดพลาด (เลื่อนวันที่ส่ง)","16204","จันทร์","B2C","สาขากรุงเทพกรีฑา","3312/53 ถ.ลาดพร้าว 101 แขวงคลองจั่น เขตบางกะปิ กรุงเทพฯ 10240","13.794546666666667,100.62771166666668",13.794546666666667,100.62771166666668,"บางกะปิ","รอน้ำลด","","ยังส่งไม่ได้",false,"","",""
1269,"175899","ควิก ทรานส์ฟอร์เมชั่น จำกัด (มหาชน)","2026-09-28T11:48:00+07:00","ปกติ","ไม่สามารถเข้าส่งได้ น้ำท่วมสูงในพื้นที่","16203","จันทร์","B2B","สาขากรุงเทพกรีฑา","348 อาคารโอสถสภา อาคาร 3 ชั้น 9 ถ.รามคำแหง  แขวงหัวหมาก เขตบางกะปิ จ.กรุงเทพฯ 10240","13.759328333333334,100.63069833333333",13.759328333333334,100.63069833333333,"บางกะปิ","รอน้ำลด","","ยังส่งไม่ได้",false,"","",""
1270,"176319/2","ทีธทอล์ค จำกัด","2026-09-28T11:50:00+07:00","ปกติ","ไม่สามารถเข้าส่งได้ น้ำท่วมสูงในพื้นที่","16203","จันทร์","B2B","สาขากรุงเทพกรีฑา","2113/46-47 ซ.รามคำแหง 41/1 ถ.รามคำแหง แขวงหัวหมาก เขตบางกะปิ จ.กรุงเทพฯ 10240","13.7584051,100.6163344",13.7584051,100.6163344,"บางกะปิ","รอน้ำลด","","ยังส่งไม่ได้",false,"","",""
1271,"176366","ศิริกุล","2026-09-28T13:43:00+07:00","เสริมน้ำ ตรงรอบ","ไม่สามารถเข้าส่งได้ น้ำท่วมสูงในพื้นที่","16307","จันทร์","B2C","สาขากรุงเทพกรีฑา","31 ซ.รามคำแหง 118 แยก 42-2 ถ.รามคำแหง แขวงสะพานสูง เขตสะพานสูง จ.กรุงเทพฯ 10240","13.7689456,100.6842403",13.7689456,100.6842403,"สะพานสูง","รอน้ำลด","","ยังส่งไม่ได้",false,"","",""
1272,"176734","ณัฐชยา","2026-09-28T13:05:00+07:00","เสริมน้ำ ตรงรอบ","ไม่สามารถเข้าส่งได้ น้ำท่วมสูงในพื้นที่","16106","จันทร์","B2C","สาขากรุงเทพกรีฑา","280/33 การ์เด้นเพลส คอนโดมิเนียม อาคาร A ชั้น 9 ห้อง 902  ซ.รุ่งเรือง แขวงสามเสนนอก เขตห้วยขวาง จ.กรุงเทพฯ 10310","13.796146666666667,100.57691166666667",13.796146666666667,100.57691166666667,"ห้วยขวาง","รอน้ำลด","","ยังส่งไม่ได้",false,"","",""
1273,"176813","ขวัญไทย","2026-09-28T12:48:00+07:00","ปกติ","ไม่สามารถเข้าส่งได้ น้ำท่วมสูงในพื้นที่","16201","จันทร์","B2C","สาขากรุงเทพกรีฑา","422/21 ซ.ลาดพร้าว 87 แยก 16 แขวงคลองเจ้าคุณสิงห์ เขตวังทองหลาง จ.กรุงเทพฯ 10310","13.7958309,100.6231565",13.7958309,100.6231565,"วังทองหลาง","รอน้ำลด","","ยังส่งไม่ได้",false,"","",""
1274,"176961","FLORANTE BRIONES LIPANG","2026-09-28T13:29:00+07:00","เสริมน้ำ ตรงรอบ","ไม่สามารถเข้าส่งได้ น้ำท่วมสูงในพื้นที่","16303","จันทร์","B2C","สาขากรุงเทพกรีฑา","77 (310/155) CHAROENCHAI VILLAGE SOI 72 RAMKHAMHAENG RD  HUAMAK BANGKAPI BANGKOK 10240","13.767143333333335,100.66146166666667",13.767143333333335,100.66146166666667,"","รอน้ำลด","","ยังส่งไม่ได้",false,"","",""
1275,"176966","กิตติ","2026-09-28T11:58:00+07:00","ตามน้ำ","ไม่สามารถเข้าส่งได้ น้ำท่วมสูงในพื้นที่","16307","จันทร์","B2C","สาขากรุงเทพกรีฑา","59/183 หมู่บ้านโฮมเพลส รามคำแหง 140 (ปากซ. 21) แขวงสะพานสูง เขตสะพานสูง จ.กรุงเทพฯ 10240","13.7765164,100.6919659",13.7765164,100.6919659,"สะพานสูง","รอน้ำลด","","ยังส่งไม่ได้",false,"","",""
1276,"177099/1","ปิยะพร วงศ์ขจรโรจน์","2026-09-28T11:13:00+07:00","โอนงานสิ้นวัน","ไม่สามารถเข้าส่งได้ น้ำท่วมสูงในพื้นที่","16304","เสาร์","B2C","สาขากรุงเทพกรีฑา","123/26 หมู่บ้านชาลิสา กรุงเทพกรีฑา ซ.นักกีฬาแหลมทอง 11 ถ.กรุงเทพกรีฑา แขวงสะพานสูง เขตสะพานสูง จ.กรุงเทพฯ 10240","13.749276666666667,100.69522666666666",13.749276666666667,100.69522666666666,"สะพานสูง","รอน้ำลด","","ยังส่งไม่ได้",true,"วุฒิชัย จีปน","26/09/2026","ผู้ทำรายการ:วุฒิชัย จีปน;โอนงานมาจากวันที่:26/09/2026"
1277,"177227","โปรฟิท ไลน์ จำกัด (สำนักงานใหญ่)","2026-09-28T13:15:00+07:00","ปกติ","ไม่สามารถเข้าส่งได้ น้ำท่วมสูงในพื้นที่","16303","จันทร์","B2B","สาขากรุงเทพกรีฑา","301/683 ซ.14 หมู่บ้าน กิตตินิเวศน์ ซ.รามคำแหง68  ถ.รามคำแหง แขวงหัวหมาก เขตบางกะปิ จ.กรุงเทพฯ 10240","13.76188921,100.66681574",13.76188921,100.66681574,"บางกะปิ","รอน้ำลด","","ยังส่งไม่ได้",false,"","",""
1278,"178224","เนตรนภา","2026-09-28T12:38:00+07:00","โอนงานสิ้นวัน","ไม่สามารถเข้าส่งได้ เกิดข้อผิดพลาด (เลื่อนวันที่ส่ง)","16201","เสาร์","B2C","สาขากรุงเทพกรีฑา","575/10 ซ.ลาดพร้าว 87 แยก 13 แขวงคลองเจ้าคุณสิงห์ เขตวังทองหลาง จ.กรุงเทพฯ 10310","13.7965524,100.6179441",13.7965524,100.6179441,"วังทองหลาง","รอน้ำลด","","ยังส่งไม่ได้",true,"สถาพร นนท์เข็มพรหม","26/09/2026","ผู้ทำรายการ:สถาพร นนท์เข็มพรหม;โอนงานมาจากวันที่:26/09/2026"
1279,"178668","JOMER","2026-09-28T12:52:00+07:00","ปกติ","ไม่สามารถเข้าส่งได้ น้ำท่วมสูงในพื้นที่","16303","จันทร์","B2C","สาขากรุงเทพกรีฑา","1056/76 CASA CITY RAMKHAMHAENG  HUA MAK BANG KAPI BANGKOK 10240","13.76874908,100.66360474",13.76874908,100.66360474,"","รอน้ำลด","","ยังส่งไม่ได้",false,"","",""
1280,"178752","ยัวร์ เฮลเมท จำกัด","2026-09-28T13:09:00+07:00","ปกติ","ไม่สามารถเข้าส่งได้ น้ำท่วมสูงในพื้นที่","16204","จันทร์","B2B","สาขากรุงเทพกรีฑา","259/3-4 ถนนลาดพร้าว 101  แขวงคลองเจ้าคุณสิงห์ เขตวังทองหลาง จ.กรุงเทพฯ 10310","13.777291666666667,100.62982500000001",13.777291666666667,100.62982500000001,"วังทองหลาง","รอน้ำลด","","ยังส่งไม่ได้",false,"","",""
1281,"178810","คาเร็น","2026-09-28T11:58:00+07:00","ปกติ","ไม่สามารถเข้าส่งได้ น้ำท่วมสูงในพื้นที่","16203","จันทร์","B2C","สาขากรุงเทพกรีฑา","12 รามคำแหง ซ.13  ถ.รามคำแหง แขวงหัวหมาก เขตบางกะปิ จ.กรุงเทพฯ 10240","13.753566666666666,100.60739666666665",13.753566666666666,100.60739666666665,"บางกะปิ","รอน้ำลด","","ยังส่งไม่ได้",false,"","",""
1282,"178857","ศักดิ์สิทธิ์","2026-09-28T13:04:00+07:00","ปกติ","ไม่สามารถเข้าส่งได้ น้ำท่วมสูงในพื้นที่","16307","จันทร์","B2C","สาขากรุงเทพกรีฑา","16 หมู่บ้านพฤกษชาติ ( ซอยในหมู่บ้าน ซอย 15 แยก 17 ) ซ.รามคำแหง 118 ถ.รามคำแหง  แขวงสะพานสูง เขตสะพานสูง จ.กรุงเทพฯ 10240","13.77509,100.68527333333334",13.77509,100.68527333333334,"สะพานสูง","รอน้ำลด","","ยังส่งไม่ได้",false,"","",""
1283,"179204","มลทิชา กันตะจุฬา","2026-09-28T11:20:00+07:00","โอนงานสิ้นวัน","ไม่สามารถเข้าส่งได้ น้ำท่วมสูงในพื้นที่","16306","เสาร์","B2C","สาขากรุงเทพกรีฑา","86/478 หมู่บ้านปรีชา 9 ซ.รามคำแหง 186 ถ.สุขาภิบาล 3 มีนบุรี แขวงมีนบุรี เขตมีนบุรี จ.กรุงเทพฯ 10510","13.794383333333334,100.72701",13.794383333333334,100.72701,"มีนบุรี","รอน้ำลด","","ยังส่งไม่ได้",true,"สถาพร นนท์เข็มพรหม","26/09/2026","ผู้ทำรายการ:สถาพร นนท์เข็มพรหม;โอนงานมาจากวันที่:26/09/2026"
1284,"179436","พนิดา","2026-09-28T13:13:00+07:00","ปกติ","ไม่สามารถเข้าส่งได้ น้ำท่วมสูงในพื้นที่","16205","จันทร์","B2C","สาขากรุงเทพกรีฑา","179 หมู่บ้านคอลเลจน์ทาวน์ ซอยรามคำแหง 24 แยก 34 แขวงหัวหมาก เขตบางกะปิ จ.กรุงเทพฯ 10240","13.75032369,100.6290304",13.75032369,100.6290304,"บางกะปิ","รอน้ำลด","","ยังส่งไม่ได้",false,"","",""
1285,"179555","จิตราพร","2026-09-28T13:57:00+07:00","โอนงานสิ้นวัน","ไม่สามารถเข้าส่งได้ น้ำท่วมสูงในพื้นที่","16103","เสาร์","B2C","สาขากรุงเทพกรีฑา","633/3 ถ.ลาดพร้าว 80 แขวงวังทองหลาง เขตวังทองหลาง จ.กรุงเทพฯ 10310","13.781515000000002,100.59388666666668",13.781515000000002,100.59388666666668,"วังทองหลาง","รอน้ำลด","","ยังส่งไม่ได้",true,"วีรวัฒน์ อุดมทรัพย์","28/09/2026","ผู้ทำรายการ:วีรวัฒน์ อุดมทรัพย์;โอนงานมาจากวันที่:28/09/2026"
1286,"180061","ยุทธพงศ์ เจียมฉวี","2026-09-28T13:30:00+07:00","เสริมน้ำ ตรงรอบ","ไม่สามารถเข้าส่งได้ น้ำท่วมสูงในพื้นที่","16303","จันทร์","B2C","สาขากรุงเทพกรีฑา","","",,,"","รอน้ำลด","","ยังส่งไม่ได้",false,"","",""
1287,"180553","อุทัยบิวเดอร์ จำกัด (สำนักงานใหญ่)","2026-09-28T11:54:00+07:00","ปกติ","ไม่สามารถเข้าส่งได้ น้ำท่วมสูงในพื้นที่","16307","จันทร์","B2B","สาขากรุงเทพกรีฑา","เลขที่ 59/68 ซ. รามคำแหง 140  แขวงสะพานสูง เขตสะพานสูง จ.กรุงเทพฯ 10240","13.780079999999998,100.69062333333335",13.780079999999998,100.69062333333335,"สะพานสูง","รอน้ำลด","","ยังส่งไม่ได้",false,"","",""
1288,"18149","ธันยพร จึงมีลาภ","2026-09-28T13:15:00+07:00","ปกติ","ไม่สามารถเข้าส่งได้ เกิดข้อผิดพลาด (เลื่อนวันที่ส่ง)","16205","จันทร์","B2C","สาขากรุงเทพกรีฑา","141 หมู่บ้านศีขริน ซอย 2 ซ.รามคำแหง 24 แยก 30 แขวงหัวหมาก เขตบางกะปิ กรุงเทพฯ 10240","13.750501172617078,100.627904785797",13.750501172617078,100.627904785797,"บางกะปิ","รอน้ำลด","","ยังส่งไม่ได้",false,"","",""
1289,"181760","อากิฮิโร่","2026-09-28T14:21:00+07:00","ปกติ","ไม่สามารถเข้าส่งได้ น้ำท่วมสูงในพื้นที่","16206","จันทร์","B2C","สาขากรุงเทพกรีฑา","529/133 หมู่บ้านอารียาบุษบา ซ.ลาดพร้าว126  แขวงพลับพลา เขตวังทองหลาง จ.กรุงเทพฯ 10310","13.76517154,100.62907152",13.76517154,100.62907152,"วังทองหลาง","รอน้ำลด","","ยังส่งไม่ได้",false,"","",""
1290,"181770","สุรทิพย์","2026-09-28T14:15:00+07:00","โอนงานสิ้นวัน","ไม่สามารถเข้าส่งได้ น้ำท่วมสูงในพื้นที่","16206","เสาร์","B2C","สาขากรุงเทพกรีฑา","ห้างเอ็นมาร์คพลาซ่า ชั้น 1(ไนซ์บิวตี้) ถ.ลาดพร้าว แขวงคลองจั่น เขตบางกะปิ จ.กรุงเทพฯ 10240","13.76790731,100.64312922",13.76790731,100.64312922,"บางกะปิ","รอน้ำลด","","ยังส่งไม่ได้",true,"วีรวัฒน์ อุดมทรัพย์","28/09/2026","ผู้ทำรายการ:วีรวัฒน์ อุดมทรัพย์;โอนงานมาจากวันที่:28/09/2026"
1291,"181773","กิตติมา","2026-09-28T11:54:00+07:00","ปกติ","ไม่สามารถเข้าส่งได้ น้ำท่วมสูงในพื้นที่","16307","จันทร์","B2C","สาขากรุงเทพกรีฑา","59/165 ซ.15 หมู่บ้านโฮมเพลส ซ.รามคำแหง 140 ถ.รามคำแหง แขวงสะพานสูง เขตสะพานสูง จ.กรุงเทพฯ 10240","13.77777722,100.69088974",13.77777722,100.69088974,"สะพานสูง","รอน้ำลด","","ยังส่งไม่ได้",false,"","",""
1292,"181820","มีโย พลัส จำกัด","2026-09-28T13:02:00+07:00","ปกติ","ไม่สามารถเข้าส่งได้ น้ำท่วมสูงในพื้นที่","16307","จันทร์","B2B","สาขากรุงเทพกรีฑา","เลขที่ 1 หมู่บ้านพฤษชาติ 118 รามคำแหง แยก 8 แขวงสะพานสูง เขตสะพานสูง จ.กรุงเทพฯ 10240","13.776984999999998,100.68069666666666",13.776984999999998,100.68069666666666,"สะพานสูง","รอน้ำลด","","ยังส่งไม่ได้",false,"","",""
1293,"182433","ชุติมาส","2026-09-28T11:52:00+07:00","ปกติ","ไม่สามารถเข้าส่งได้ น้ำท่วมสูงในพื้นที่","16203","จันทร์","B2C","สาขากรุงเทพกรีฑา","2086 มหาวิทยาลัยรามคำแหง อาคารงานธุรการ กองการเจ้าหน้าที่ สำนักงานอธิการบดี  ชั้น 4 ถ.รามคำแหง แขวงหัวหมาก เขตบางกะปิ จ.กรุงเทพฯ 10240","13.75820165,100.61913848",13.75820165,100.61913848,"บางกะปิ","รอน้ำลด","","ยังส่งไม่ได้",false,"","",""
1294,"182642","กิตติพร","2026-09-28T12:47:00+07:00","ปกติ","ไม่สามารถเข้าส่งได้ น้ำท่วมสูงในพื้นที่","16302","จันทร์","B2C","สาขากรุงเทพกรีฑา","300/14 หมู่บ้าน พาทิโอ ถ.กรุงเทพกรีฑา แขวงหัวหมาก เขตบางกะปิ จ.กรุงเทพฯ 10240","13.741198333333333,100.66214666666669",13.741198333333333,100.66214666666669,"บางกะปิ","รอน้ำลด","","ยังส่งไม่ได้",false,"","",""
1295,"182947","อภิรัฐ","2026-09-28T17:30:00+07:00","โอนงานสิ้นวัน","ไม่สามารถเข้าส่งได้ น้ำท่วมสูงในพื้นที่","16105","เสาร์","B2C","สาขากรุงเทพกรีฑา","236/92 คอนโดไฮ สุทธิสาร ชั้น 5 ซ. 20 มิถุนา แยก 15  แขวงสามเสนนอก เขตห้วยขวาง จ.กรุงเทพฯ 10310","13.7851638,100.588077",13.7851638,100.588077,"ห้วยขวาง","รอน้ำลด","","ยังส่งไม่ได้",true,"วีรวัฒน์ อุดมทรัพย์","28/09/2026","ผู้ทำรายการ:วีรวัฒน์ อุดมทรัพย์;โอนงานมาจากวันที่:28/09/2026"
1296,"182956","อมานี่ การบัญชีและที่ปรึกษา จำกัด (สำนักงานใหญ่)","2026-09-28T13:15:00+07:00","ปกติ","ไม่สามารถเข้าส่งได้ น้ำท่วมสูงในพื้นที่","16205","จันทร์","B2B","สาขากรุงเทพกรีฑา","200 ซ.รามคำแหง 24 แยก 30 (หมู่บ้านศิขริน) ถ.รามคำแหง  แขวงหัวหมาก เขตบางกะปิ จ.กรุงเทพฯ 10240","13.75005271,100.62791067",13.75005271,100.62791067,"บางกะปิ","รอน้ำลด","","ยังส่งไม่ได้",false,"","",""
1297,"183084","เมณชา พันธ์เพ็ง","2026-09-28T11:52:00+07:00","ปกติ","ไม่สามารถเข้าส่งได้ น้ำท่วมสูงในพื้นที่","16203","จันทร์","B2C","สาขากรุงเทพกรีฑา","มหาลัยวิทยาลัยรามคำแหง ชั้น 5 อาคารสำนักงานอธิการบดี  (สำนักงานตรวจสอบภายใน)แขวงหัวหมาก เขตบางกะปิ จ.กรุงเทพฯ 10240","13.75828283,100.61896798",13.75828283,100.61896798,"บางกะปิ","รอน้ำลด","","ยังส่งไม่ได้",false,"","",""
1298,"183234","ปฐมพร เวหาลอย","2026-09-28T12:48:00+07:00","ปกติ","ไม่สามารถเข้าส่งได้ เกิดข้อผิดพลาด (เลื่อนวันที่ส่ง)","16201","จันทร์","B2C","สาขากรุงเทพกรีฑา","70/8 ซ.ลาดพร้าว 87 แยก 4 ถ.ลาดพร้าว แขวงคลองเจ้าคุณสิงห์ เขตวังทองหลาง จ.กรุงเทพฯ 10310","13.7848208,100.6187628",13.7848208,100.6187628,"วังทองหลาง","รอน้ำลด","","ยังส่งไม่ได้",false,"","",""
1299,"183549","จักรพันธ์","2026-09-28T12:33:00+07:00","โอนงานสิ้นวัน","ไม่สามารถเข้าส่งได้ น้ำท่วมสูงในพื้นที่","16201","เสาร์","B2C","สาขากรุงเทพกรีฑา","556 ซ.ลาดพร้าว 87 แยก 30  แขวงคลองเจ้าคุณสิงห์ เขตวังทองหลาง จ.กรุงเทพฯ 10310","13.7989676,100.62104516",13.7989676,100.62104516,"วังทองหลาง","รอน้ำลด","","ยังส่งไม่ได้",true,"ฤทธิศักดิ์ สระเงินสิงห์","28/09/2026","ผู้ทำรายการ:ฤทธิศักดิ์ สระเงินสิงห์;โอนงานมาจากวันที่:28/09/2026"
1300,"184318","เอ็มจี เมดิคอล กรุ๊ป จำกัด (สำนักงานใหญ่)","2026-09-28T11:01:00+07:00","โอนงานสิ้นวัน","ไม่สามารถเข้าส่งได้ น้ำท่วมสูงในพื้นที่","16304","เสาร์","B2B","สาขากรุงเทพกรีฑา","26 โกดังสินค้าเอ็มจีแวร์เฮ้าส์ ถ.กรุงเทพกรีฑา ซ.32  แขวงทับช้าง เขตสะพานสูง จ.กรุงเทพฯ 10250 ","13.735350000000002,100.69205833333332",13.735350000000002,100.69205833333332,"สะพานสูง","รอน้ำลด","","ยังส่งไม่ได้",true,"วีรวัฒน์ อุดมทรัพย์","28/09/2026","ผู้ทำรายการ:วีรวัฒน์ อุดมทรัพย์;โอนงานมาจากวันที่:28/09/2026"
1301,"184664","ประเมศฐ์","2026-09-28T13:17:00+07:00","โอนงานสิ้นวัน","ไม่สามารถเข้าส่งได้ น้ำท่วมสูงในพื้นที่","16106","เสาร์","B2C","สาขากรุงเทพกรีฑา","258/21 ซ.ลาดพร้าว 64 ถ.ลาดพร้าว แขวงวังทองหลาง เขตวังทองหลาง จ.กรุงเทพฯ 10310","13.791188333333332,100.59466833333333",13.791188333333332,100.59466833333333,"วังทองหลาง","รอน้ำลด","","ยังส่งไม่ได้",true,"วุฒิชัย จีปน","26/09/2026","ผู้ทำรายการ:วุฒิชัย จีปน;โอนงานมาจากวันที่:26/09/2026"
1302,"185042","เสาวณีย์ วิชัยดิษฐ์","2026-09-28T19:34:00+07:00","โอนงานสิ้นวัน","ไม่สามารถเข้าส่งได้ น้ำท่วมสูงในพื้นที่","16105","เสาร์","B2C","สาขากรุงเทพกรีฑา","79 ซ.วัฒนานิเวศ 6 แขวงสามเสนนอก เขตห้วยขวาง จ.กรุงเทพฯ 10310","13.792568333333334,100.580925",13.792568333333334,100.580925,"ห้วยขวาง","รอน้ำลด","","ยังส่งไม่ได้",true,"จิรวัฒน์ สัยนิถี","28/09/2026","ผู้ทำรายการ:จิรวัฒน์ สัยนิถี;โอนงานมาจากวันที่:28/09/2026"
1303,"185290","ลาโบลเล่","2026-09-28T14:06:00+07:00","ปกติ","ไม่สามารถเข้าส่งได้ น้ำท่วมสูงในพื้นที่","16206","จันทร์","B2B","สาขากรุงเทพกรีฑา","2354/11 โครงการออมนิ ซ.ลาดพร้าว 116 ถ.ลาดพร้าว แขวงพลับพลา เขตวังทองหลาง จ.กรุงเทพฯ 10310","13.7793207,100.62067141",13.7793207,100.62067141,"วังทองหลาง","รอน้ำลด","","ยังส่งไม่ได้",false,"","",""
1304,"185670","นฤมล","2026-09-28T11:06:00+07:00","ปกติ","ไม่สามารถเข้าส่งได้ น้ำท่วมสูงในพื้นที่","16104","จันทร์","B2C","สาขากรุงเทพกรีฑา","ลีลาคลินิก 2097/6 ซ.รามคำแหง 39 ถ.รามคำแหง  แขวงหัวหมาก เขตบางกะปิ กรุงเทพฯ 10240","13.760065,100.61145",13.760065,100.61145,"บางกะปิ","รอน้ำลด","","ยังส่งไม่ได้",false,"","",""
1305,"185670/1","นฤมล","2026-09-28T14:16:00+07:00","โอนงานสิ้นวัน","ไม่สามารถเข้าส่งได้ น้ำท่วมสูงในพื้นที่","16206","เสาร์","B2C","สาขากรุงเทพกรีฑา","36 อาคารแฮปปี้แลนด์ คลินิกเวชกรรม ซ.แฮปปี้แลนด์2 ถ.ลาดพร้าว แขวงคลองจั่น เขตบางกะปิ จ.กรุงเทพฯ 10240","13.767951666666667,100.64299833333334",13.767951666666667,100.64299833333334,"บางกะปิ","รอน้ำลด","","ยังส่งไม่ได้",true,"วีรวัฒน์ อุดมทรัพย์","28/09/2026","ผู้ทำรายการ:วีรวัฒน์ อุดมทรัพย์;โอนงานมาจากวันที่:28/09/2026"
1306,"18570","ไดน่าเทรนด์ จำกัด","2026-09-28T13:11:00+07:00","ปกติ","ไม่สามารถเข้าส่งได้ น้ำท่วมสูงในพื้นที่","16205","จันทร์","B2B","สาขากรุงเทพกรีฑา","1 อาคารไวท์เฮ้าส์เพลส ชั้น 3 ซ.รามคำแหง 24 แยก 34-1 ถ.รามคำแหง แขวงหัวหมาก เขตบางกะปิ กรุงเทพฯ 10240","13.7552452,100.62843824",13.7552452,100.62843824,"บางกะปิ","รอน้ำลด","","ยังส่งไม่ได้",false,"","",""
1307,"185973","โรงเรียนอนุบาลนานาชาติมอนเตสเซอรี่","2026-09-28T13:25:00+07:00","ปกติ","ไม่สามารถเข้าส่งได้ น้ำท่วมสูงในพื้นที่","16301","จันทร์","B2B","สาขากรุงเทพกรีฑา"," 251/183 หมู่บ้านสัมมากร ซ.58 ถ.รามคำแหง 112 แขวงสะพานสูง เขตสะพานสูง จ.กรุงเทพฯ 10240","13.753811666666666,100.67615666666667",13.753811666666666,100.67615666666667,"สะพานสูง","รอน้ำลด","","ยังส่งไม่ได้",false,"","",""
1308,"185984","ดี ดี มาร์ จำกัด","2026-09-28T12:31:00+07:00","ปกติ","ไม่สามารถเข้าส่งได้ เกิดข้อผิดพลาด (เลื่อนวันที่ส่ง)","16306","จันทร์","B2B","สาขากรุงเทพกรีฑา","23/74 ซ.รามคำแหง 174 ถ.รามคำแหง แขวงมีนบุรี เขตมีนบุรี จ.กรุงเทพฯ 10510","13.789381666666667,100.71818833333333",13.789381666666667,100.71818833333333,"มีนบุรี","รอน้ำลด","","ยังส่งไม่ได้",false,"","",""
1309,"186578","JUN","2026-09-28T12:52:00+07:00","ตามน้ำ","ไม่สามารถเข้าส่งได้ น้ำท่วมสูงในพื้นที่","16302","จันทร์","B2C","สาขากรุงเทพกรีฑา","8/1859 THE LIVIN RAMKHAMHAENG LOBBY B FLOOR 39, SOI RAMKHAMHAENG 97/2,RAMKHAMHAENG RD, HUA MAK BANG KAPI BANGKOK 10240","13.764376666666665,100.64901166666665",13.764376666666665,100.64901166666665,"","รอน้ำลด","","ยังส่งไม่ได้",false,"","",""
1310,"186974/1","HAO","2026-09-28T11:04:00+07:00","โอนงานสิ้นวัน","ไม่สามารถเข้าส่งได้ น้ำท่วมสูงในพื้นที่","16304","เสาร์","B2C","สาขากรุงเทพกรีฑา","222/67 THE CITY RAMA 9 – KRUNGTHEP KREETHA,SRINAKARIN ROMKLAO RD, THAP CHANG SAPHAN SUNG BANGKOK 10250","13.749686666666666,100.70184833333333",13.749686666666666,100.70184833333333,"","รอน้ำลด","","ยังส่งไม่ได้",true,"วีรวัฒน์ อุดมทรัพย์","28/09/2026","ผู้ทำรายการ:วีรวัฒน์ อุดมทรัพย์;โอนงานมาจากวันที่:28/09/2026"
1311,"187008","ผ่องพรรณ","2026-09-28T14:19:00+07:00","เสริมน้ำ นอกรอบ","ไม่สามารถเข้าส่งได้ น้ำท่วมสูงในพื้นที่","16206","จันทร์","B2C","สาขากรุงเทพกรีฑา","185/93 หมู่บ้านเดอะคอนเนค อัพ 3 ซ.ลาดพร้าว 126  แขวงพลับพลา เขตวังทองหลาง จ.กรุงเทพฯ 10310","13.769223116666668,100.62796281666667",13.769223116666668,100.62796281666667,"วังทองหลาง","รอน้ำลด","","ยังส่งไม่ได้",false,"","",""
1312,"187272","ณัฐพล","2026-09-28T12:31:00+07:00","ตามน้ำ","ไม่สามารถเข้าส่งได้ น้ำท่วมสูงในพื้นที่","16306","จันทร์","B2C","สาขากรุงเทพกรีฑา","48/230 หมู่บ้าน เดอะวิลล่า ซ. รามคำแหง 174 ถ.รามคำแหง  แขวงมีนบุรี เขตมีนบุรี จ.กรุงเทพฯ 10510","13.788316666666667,100.71830833333334",13.788316666666667,100.71830833333334,"มีนบุรี","รอน้ำลด","","ยังส่งไม่ได้",false,"","",""
1313,"187596","อานันตยา","2026-09-28T13:06:00+07:00","ปกติ","ไม่สามารถเข้าส่งได้ น้ำท่วมสูงในพื้นที่","16303","จันทร์","B2C","สาขากรุงเทพกรีฑา","48 ซ.รามคำแหง 72 แยก 1 ถ.รามคำแหง แขวงหัวหมาก เขตบางกะปิ จ.กรุงเทพฯ 10240","13.76746471,100.66008733",13.76746471,100.66008733,"บางกะปิ","รอน้ำลด","","ยังส่งไม่ได้",false,"","",""
1314,"187694","จักพงษ์","2026-09-28T12:49:00+07:00","ปกติ","ไม่สามารถเข้าส่งได้ น้ำท่วมสูงในพื้นที่","16306","จันทร์","B2C","สาขากรุงเทพกรีฑา","35 ซ.รามคำแหง 187 แยก 1-4 ถ.รามคำแหง แขวงมีนบุรี เขตมีนบุรี จ.กรุงเทพฯ 10510","13.798961666666665,100.70989999999999",13.798961666666665,100.70989999999999,"มีนบุรี","รอน้ำลด","","ยังส่งไม่ได้",false,"","",""
1315,"188167","นีวา อินเตอร์เนชั่นแนล เอ็ดดูเคชั่น จำกัด","2026-09-28T12:48:00+07:00","ปกติ","ไม่สามารถเข้าส่งได้ น้ำท่วมสูงในพื้นที่","16204","จันทร์","B2B","สาขากรุงเทพกรีฑา","18 ซ.โพธิ์แก้ว 3 แยก 9 ซ.ลาดพร้าว 101 แขวงคลองจั่น เขตบางกะปิ จ.กรุงเทพฯ 10240","13.80225377,100.62914056",13.80225377,100.62914056,"บางกะปิ","รอน้ำลด","","ยังส่งไม่ได้",false,"","",""
1316,"188269/2","อารายา แซ่หว่าง","2026-09-28T18:10:00+07:00","โอนงานสิ้นวัน","ไม่สามารถเข้าส่งได้ น้ำท่วมสูงในพื้นที่","16105","เสาร์","B2C","สาขากรุงเทพกรีฑา","682 หมู่บ้านอยู่เจริญ 29 ซ.รัชดา 18 ถ.รัชดาภิเษก แขวงสามเสนนอก เขตห้วยขวาง จ.กรุงเทพฯ 10310","13.78605,100.58203666666668",13.78605,100.58203666666668,"ห้วยขวาง","รอน้ำลด","","ยังส่งไม่ได้",true,"วุฒิชัย จีปน","26/09/2026","ผู้ทำรายการ:วุฒิชัย จีปน;โอนงานมาจากวันที่:26/09/2026"
1317,"189494","ขวัญฤดี","2026-09-28T12:32:00+07:00","ตามน้ำ","ไม่สามารถเข้าส่งได้ น้ำท่วมสูงในพื้นที่","16201","จันทร์","B2C","สาขากรุงเทพกรีฑา","67/103 ไดนาสตี้ คอมเพล็กซ์ ลาดพร้าว 71 ชั้น 6 ซ.ลาดพร้าว 71  ถ.ลาดพร้าว แขวงสะพานสอง เขตวังทองหลาง กรุงเทพฯ 10310","13.79201167,100.60849754",13.79201167,100.60849754,"วังทองหลาง","รอน้ำลด","","ยังส่งไม่ได้",false,"","",""
1318,"190980","เจเอ็ม505คอมพิวเตอร์เซอร์วิส จำกัด","2026-09-28T13:02:00+07:00","ปกติ","ไม่สามารถเข้าส่งได้ เกิดข้อผิดพลาด (เลื่อนวันที่ส่ง)","16303","จันทร์","B2B","สาขากรุงเทพกรีฑา","1056/100 หมู่บ้านคาซ่าซิตี้ รามคำแหง ถนนรามคำแหง  แขวงหัวหมาก เขตบางกะปิ จ.กรุงเทพฯ 10240","13.768296666666666,100.66387000000002",13.768296666666666,100.66387000000002,"บางกะปิ","รอน้ำลด","","ยังส่งไม่ได้",false,"","",""
1319,"190982","กัลยาณี","2026-09-28T13:10:00+07:00","ตามน้ำ","ไม่สามารถเข้าส่งได้ น้ำท่วมสูงในพื้นที่","16106","จันทร์","B2C","สาขากรุงเทพกรีฑา","หอพัก สบายดีเรสซิเด็นฑ์ 43 ถ.สุทธิสารวินิจฉัย ซ.สบายใจ แขวงสามเสนนอก เขตห้วยขวาง จ.กรุงเทพฯ 10310","13.79179988,100.57774143",13.79179988,100.57774143,"ห้วยขวาง","รอน้ำลด","","ยังส่งไม่ได้",false,"","",""
1320,"191323","ชนม์สราญ","2026-09-28T13:54:00+07:00","ตามน้ำ","ไม่สามารถเข้าส่งได้ น้ำท่วมสูงในพื้นที่","16103","เสาร์","B2C","สาขากรุงเทพกรีฑา","23 ซ.ลาดพร้าว80 แยก 4 ถ.ลาดพร้าว แขวงวังทองหลาง เขตวังทองหลาง จ.กรุงเทพฯ 10310","13.78709927,100.60340975",13.78709927,100.60340975,"วังทองหลาง","รอน้ำลด","","ยังส่งไม่ได้",false,"","",""
1321,"191628","ซินแมกซ์ อีควิปเม้นท์ (ประเทศไทย) จำกัด","2026-09-28T12:51:00+07:00","ปกติ","ไม่สามารถเข้าส่งได้ น้ำท่วมสูงในพื้นที่","16204","จันทร์","B2B","สาขากรุงเทพกรีฑา","21 ซ.โพธิ์แก้ว 1 แยก 5  แขวงคลองจั่น เขตบางกะปิ จ.กรุงเทพฯ 10240","13.7993113,100.62825958",13.7993113,100.62825958,"บางกะปิ","รอน้ำลด","","ยังส่งไม่ได้",false,"","",""
1322,"191704","ชิษณุพงศ์","2026-09-28T16:55:00+07:00","โอนงานสิ้นวัน","ไม่สามารถเข้าส่งได้ น้ำท่วมสูงในพื้นที่","16107","เสาร์","B2C","สาขากรุงเทพกรีฑา","573/61 อาคารรัชดา ซิตี้โฮม อาคาร A3 ชั้น 6 ซ.ประชาสันติ (ซ.รัชดาภิเษก 10) แขวงห้วยขวาง เขตห้วยขวาง จ.กรุงเทพฯ 10310","13.77236231,100.57594387",13.77236231,100.57594387,"ห้วยขวาง","รอน้ำลด","","ยังส่งไม่ได้",true,"จิรวัฒน์ สัยนิถี","28/09/2026","ผู้ทำรายการ:จิรวัฒน์ สัยนิถี;โอนงานมาจากวันที่:28/09/2026"
1323,"192230","มิลยา","2026-09-28T13:12:00+07:00","เสริมน้ำ ตรงรอบ","ไม่สามารถเข้าส่งได้ น้ำท่วมสูงในพื้นที่","16204","จันทร์","B2C","สาขากรุงเทพกรีฑา","586 ชั้น 1 ซ.101 แยก 18 ถ.ลาดพร้าว แขวงคลองจั่น เขตบางกะปิ จ.กรุงเทพฯ 10240","13.7784088,100.6303844",13.7784088,100.6303844,"บางกะปิ","รอน้ำลด","","ยังส่งไม่ได้",false,"","",""
1324,"192537","กาญจนา คูณตรีสรณ์","2026-09-28T12:34:00+07:00","โอนงานสิ้นวัน","ไม่สามารถเข้าส่งได้ น้ำท่วมสูงในพื้นที่","16201","เสาร์","B2C","สาขากรุงเทพกรีฑา","ร้านกาแฟ K Coffee House ปั๊มน้ำมัน PT  ในซอยลาดพร้าว 87 แยก 21  แขวงคลองเจ้าคุณสิงห์ เขตวังทองหลาง จ.กรุงเทพฯ 10310","13.798906666666669,100.62012666666666",13.798906666666669,100.62012666666666,"วังทองหลาง","รอน้ำลด","","ยังส่งไม่ได้",true,"ฤทธิศักดิ์ สระเงินสิงห์","28/09/2026","ผู้ทำรายการ:ฤทธิศักดิ์ สระเงินสิงห์;โอนงานมาจากวันที่:28/09/2026"
1325,"192585","ญาณินท์ พิทยสาธรธรรม์","2026-09-28T13:12:00+07:00","ตามน้ำ","ไม่สามารถเข้าส่งได้ น้ำท่วมสูงในพื้นที่","16106","เสาร์","B2C","สาขากรุงเทพกรีฑา","749 ซ.ลาดพร้าว 64 ถ.ลาดพร้าว  แขวงลาดพร้าว เขตลาดพร้าว จ.กรุงเทพฯ 10310","13.78540859,100.59868496",13.78540859,100.59868496,"ลาดพร้าว","รอน้ำลด","","ยังส่งไม่ได้",false,"","",""
1326,"192836","สมคะเน","2026-09-28T13:20:00+07:00","โอนงานสิ้นวัน","ไม่สามารถเข้าส่งได้ น้ำท่วมสูงในพื้นที่","16106","เสาร์","B2C","สาขากรุงเทพกรีฑา","233 หมู่บ้านตะวันรุ่ง ซ.8 ซ.เกตุนุช แยก 1 ถ.ลาดพร้าว 64 แขวงวังทองหลาง เขตวังทองหลาง จ.กรุงเทพฯ 10310","13.790069999999998,100.59553666666667",13.790069999999998,100.59553666666667,"วังทองหลาง","รอน้ำลด","","ยังส่งไม่ได้",true,"วุฒิชัย จีปน","26/09/2026","ผู้ทำรายการ:วุฒิชัย จีปน;โอนงานมาจากวันที่:26/09/2026"
1327,"193055","อุไร","2026-09-28T12:45:00+07:00","ปกติ","ไม่สามารถเข้าส่งได้ น้ำท่วมสูงในพื้นที่","16306","จันทร์","B2C","สาขากรุงเทพกรีฑา","14 ซ.รามคำแหง 164 แยก 7 แขวงมีนบุรี เขตมีนบุรี จ.กรุงเทพฯ 10510","13.794278333333333,100.71155666666667",13.794278333333333,100.71155666666667,"มีนบุรี","รอน้ำลด","","ยังส่งไม่ได้",false,"","",""
1328,"193287","RAYED SALAEH ALDAAINY","2026-09-28T12:46:00+07:00","ปกติ","ไม่สามารถเข้าส่งได้ เกิดข้อผิดพลาด (เลื่อนวันที่ส่ง)","16205","จันทร์","B2C","สาขากรุงเทพกรีฑา"," THE BANGKOK RESIDENCE RM#105, FL#1, SOI RAMKHAMHAENG 24 YEAK 2, RAMKHAMHAENG RD., HUA MAK BANG KAPI BANGKOK 10240","13.747873333333333,100.61662166666669",13.747873333333333,100.61662166666669,"","รอน้ำลด","","ยังส่งไม่ได้",false,"","",""
1329,"194258","ฟาร์มาซี เดอ แบงค์คอก จำกัด","2026-09-28T14:21:00+07:00","เสริมน้ำ ตรงรอบ","ไม่สามารถเข้าส่งได้ น้ำท่วมสูงในพื้นที่","16206","จันทร์","B2B","สาขากรุงเทพกรีฑา","58 ซ.ลาดพร้าว 130  แขวงคลองจั่น เขตบางกะปิ จ.กรุงเทพฯ 10240","13.772021666666667,100.63199833333334",13.772021666666667,100.63199833333334,"บางกะปิ","รอน้ำลด","","ยังส่งไม่ได้",false,"","",""
1330,"194272/1","กรกชรดา","2026-09-28T12:28:00+07:00","ปกติ","ไม่สามารถเข้าส่งได้ น้ำท่วมสูงในพื้นที่","16306","จันทร์","B2C","สาขากรุงเทพกรีฑา","14/468 หมู่บ้านบัวขาว 50 ซ.รามคำแหง 174, ถ.รามคำแหง แขวงมีนบุรี เขตมีนบุรี จ.กรุงเทพฯ 10510","13.790533333333334,100.71479666666667",13.790533333333334,100.71479666666667,"มีนบุรี","รอน้ำลด","","ยังส่งไม่ได้",false,"","",""
1331,"194327","นิชา","2026-09-28T13:02:00+07:00","ปกติ","ไม่สามารถเข้าส่งได้ น้ำท่วมสูงในพื้นที่","16204","จันทร์","B2C","สาขากรุงเทพกรีฑา","17 ร้านจัมโบ้ เพ็ทช็อป ถ.โพธิ์แก้ว แขวงคลองจั่น เขตบางกะปิ จ.กรุงเทพฯ 10240","13.796669999999999,100.62734833333334",13.796669999999999,100.62734833333334,"บางกะปิ","รอน้ำลด","","ยังส่งไม่ได้",false,"","",""
1332,"194624","บาวาเรียน คราฟท์ เทรดดิ้ง จำกัด","2026-09-28T13:08:00+07:00","ปกติ","ไม่สามารถเข้าส่งได้ น้ำท่วมสูงในพื้นที่","16204","จันทร์","B2B","สาขากรุงเทพกรีฑา","55 ซ.โพธิ์แก้ว 1 แยก 2  แขวงคลองจั่น เขตบางกะปิ จ.กรุงเทพฯ 10240","13.798771666666669,100.63323833333334",13.798771666666669,100.63323833333334,"บางกะปิ","รอน้ำลด","","ยังส่งไม่ได้",false,"","",""
1333,"196190","เอกบุรุษ","2026-09-28T13:21:00+07:00","โอนงานสิ้นวัน","ไม่สามารถเข้าส่งได้ น้ำท่วมสูงในพื้นที่","16301","เสาร์","B2C","สาขากรุงเทพกรีฑา"," 6/2 ซอยรามคำแหง 118 แยก 46-7  แขวงสะพานสูง เขตสะพานสูง จ.กรุงเทพฯ 10240","13.762408333333333,100.68371666666665",13.762408333333333,100.68371666666665,"สะพานสูง","รอน้ำลด","","ยังส่งไม่ได้",true,"สถาพร นนท์เข็มพรหม","26/09/2026","ผู้ทำรายการ:สถาพร นนท์เข็มพรหม;โอนงานมาจากวันที่:26/09/2026"
1334,"196347","ROBERT","2026-09-28T12:02:00+07:00","เสริมน้ำ นอกรอบ","ไม่สามารถเข้าส่งได้ น้ำท่วมสูงในพื้นที่","16203","เสาร์","B2C","สาขากรุงเทพกรีฑา"," NICHE MONO RAMKHAMHAENG CONDO ROOM 460/119 FLOOR 12 BUILDING BA, RAMKHAMHAENG RD., HUA MAK BANG KAPI BANGKOK 10240","13.760178333333332,100.63742666666667",13.760178333333332,100.63742666666667,"","รอน้ำลด","","ยังส่งไม่ได้",false,"","",""
1335,"197323","พัชรดา","2026-09-28T12:10:00+07:00","โอนงานสิ้นวัน","ไม่สามารถเข้าส่งได้ น้ำท่วมสูงในพื้นที่","16203","เสาร์","B2C","สาขากรุงเทพกรีฑา","105 ซอยรามคำแหง 36 แขวงหัวหมาก เขตบางกะปิ จ.กรุงเทพฯ 10240","13.75865212,100.637237",13.75865212,100.637237,"บางกะปิ","รอน้ำลด","","ยังส่งไม่ได้",true,"วีรวัฒน์ อุดมทรัพย์","28/09/2026","ผู้ทำรายการ:วีรวัฒน์ อุดมทรัพย์;โอนงานมาจากวันที่:28/09/2026"
1336,"197328","เอาท์ดอร์วิชั่น จำกัด","2026-09-28T14:07:00+07:00","ปกติ","ไม่สามารถเข้าส่งได้ น้ำท่วมสูงในพื้นที่","16206","จันทร์","B2B","สาขากรุงเทพกรีฑา","โครงการบริษัทเอาท์ดอร์วิชั่น จำกัด อยู่ระหว่างซอยลาดพร้าว 116-118  แขวงพลับพลา เขตวังทองหลาง จ.กรุงเทพฯ 10310","13.77848144,100.62120848",13.77848144,100.62120848,"วังทองหลาง","รอน้ำลด","","ยังส่งไม่ได้",false,"","",""
1337,"197755","อะโบฟออล จำกัด (สำนักงานใหญ่)","2026-09-28T13:05:00+07:00","ปกติ","ไม่สามารถเข้าส่งได้ น้ำท่วมสูงในพื้นที่","16204","จันทร์","B2B","สาขากรุงเทพกรีฑา","11/16 ซ.ลาดพร้าว101 แยก56 (โพแก้ว) ถ.ลาดพร้าว  แขวงคลองจั่น เขตบางกะปิ จ.กรุงเทพฯ 10240","13.800720000000002,100.62950833333335",13.800720000000002,100.62950833333335,"บางกะปิ","รอน้ำลด","","ยังส่งไม่ได้",false,"","",""
1338,"199321","รัสตี้ โปรดักชั่น จำกัด","2026-09-28T12:57:00+07:00","ปกติ","ไม่สามารถเข้าส่งได้ เกิดข้อผิดพลาด (เลื่อนวันที่ส่ง)","16204","จันทร์","B2B","สาขากรุงเทพกรีฑา","3444 ซ.ลาดพร้าว 101 (ซ.กิตติจิตต์ 46) ถ.ลาดพร้าว แขวงคลองจั่น เขตบางกะปิ กรุงเทพฯ 10240","13.7953742,100.6342604",13.7953742,100.6342604,"บางกะปิ","รอน้ำลด","","ยังส่งไม่ได้",false,"","",""
1339,"199511","ร้านเตี๋ยวมู๊มู๋","2026-09-28T14:07:00+07:00","ปกติ","ไม่สามารถเข้าส่งได้ น้ำท่วมสูงในพื้นที่","16206","จันทร์","B2B","สาขากรุงเทพกรีฑา","24 เตี๋ยวมู๊มู๋ ซ.ลาดพร้าว 122 แยก 3 ถ.ลาดพร้าว แขวงพลับพลา เขตวังทองหลาง จ.กรุงเทพฯ 10310","13.776135,100.62486833333332",13.776135,100.62486833333332,"วังทองหลาง","รอน้ำลด","","ยังส่งไม่ได้",false,"","",""
1340,"199576/1","ดีไซน์ คอนติเนนตัล (เอเชีย) จำกัด","2026-09-28T12:52:00+07:00","ปกติ","ไม่สามารถเข้าส่งได้ น้ำท่วมสูงในพื้นที่","16201","จันทร์","B2B","สาขากรุงเทพกรีฑา","580/107 หมู่บ้านกลางเมืองลาดพร้าว 87 ซ.ลาดพร้าว 87 แยก 10 ถ.ลาดพร้าว  แขวงคลองเจ้าคุณสิงห์ เขตวังทองหลาง จ.กรุงเทพฯ 10310","13.793303333333332,100.62324666666667",13.793303333333332,100.62324666666667,"วังทองหลาง","รอน้ำลด","","ยังส่งไม่ได้",false,"","",""
1341,"199703","กุลณภาภัค จำกัด","2026-09-28T13:10:00+07:00","ตามน้ำ","ไม่สามารถเข้าส่งได้ น้ำท่วมสูงในพื้นที่","16204","จันทร์","B2B","สาขากรุงเทพกรีฑา","26/1 ซ.โพธิ์แก้ว 3 แยก 11 ถ.ลาดพร้าว 101  แขวงคลองจั่น เขตบางกะปิ กรุงเทพฯ 10240 ","13.803510000000001,100.63361000000002",13.803510000000001,100.63361000000002,"บางกะปิ","รอน้ำลด","","ยังส่งไม่ได้",false,"","",""
1342,"199785","ไอโอ เมดิคอล จำกัด","2026-09-28T12:40:00+07:00","ปกติ","ไม่สามารถเข้าส่งได้ น้ำท่วมสูงในพื้นที่","16201","จันทร์","B2B","สาขากรุงเทพกรีฑา","67/54 อาคารไดนาสตี้คอมเพล็ก ชั้น 4  ห้อง 67/54 ซ.ลาดพร้าว71   ถ.ลาดพร้าว71 แขวงสะพานสอง เขตวังทองหลาง กรุงเทพฯ 10310 ","13.7919701,100.6084764",13.7919701,100.6084764,"วังทองหลาง","รอน้ำลด","","ยังส่งไม่ได้",false,"","",""
1343,"19992","อรนุช แซ่จาง","2026-09-28T14:08:00+07:00","ปกติ","ไม่สามารถเข้าส่งได้ น้ำท่วมสูงในพื้นที่","16206","จันทร์","B2C","สาขากรุงเทพกรีฑา","525/92 โครงการสราญพฤกษ์ ซ.ลาดพร้าว130 ถ.ลาดพร้าว แขวงวังทองหลาง เขตวังทองหลาง กรุงเทพฯ 10310","13.767185,100.628155",13.767185,100.628155,"วังทองหลาง","รอน้ำลด","","ยังส่งไม่ได้",false,"","",""
1344,"200226","วรลักษม์","2026-09-28T13:06:00+07:00","เสริมน้ำ ตรงรอบ","ไม่สามารถเข้าส่งได้ น้ำท่วมสูงในพื้นที่","16106","จันทร์","B2C","สาขากรุงเทพกรีฑา","250 ภัทร เรสซิเด้นซ์ ห้อง 606 ชั้น 6 ซ.สบายใจ แยก 7 แขวงสามเสนนอก เขตห้วยขวาง จ.กรุงเทพฯ 10310","13.792446666666669,100.57911666666665",13.792446666666669,100.57911666666665,"ห้วยขวาง","รอน้ำลด","","ยังส่งไม่ได้",false,"","",""
1345,"201824","วิทิต","2026-09-28T13:57:00+07:00","โอนงานสิ้นวัน","ไม่สามารถเข้าส่งได้ น้ำท่วมสูงในพื้นที่","16103","เสาร์","B2C","สาขากรุงเทพกรีฑา","98/87 หมู่บ้านกลางเมืองพระรามเก้า-รามคำแหง ซ.รามคำแหง 39  ถ.รามคำแหง แขวงพลับพลา เขตวังทองหลาง กรุงเทพฯ 10310 ","13.761108333333334,100.61220666666668",13.761108333333334,100.61220666666668,"วังทองหลาง","รอน้ำลด","","ยังส่งไม่ได้",true,"วีรวัฒน์ อุดมทรัพย์","28/09/2026","ผู้ทำรายการ:วีรวัฒน์ อุดมทรัพย์;โอนงานมาจากวันที่:28/09/2026"
1346,"201837","จันทร์","2026-09-28T16:56:00+07:00","โอนงานสิ้นวัน","ไม่สามารถเข้าส่งได้ น้ำท่วมสูงในพื้นที่","16107","เสาร์","B2C","สาขากรุงเทพกรีฑา","365 ซ.รัชดาภิเษก 10 แยก 5 (ใกล้สตูดิโอ) ถ.รัชดาภิเษก  แขวงห้วยขวาง เขตห้วยขวาง จ.กรุงเทพฯ 10310","13.775561666666666,100.57381333333333",13.775561666666666,100.57381333333333,"ห้วยขวาง","รอน้ำลด","","ยังส่งไม่ได้",true,"วุฒิชัย จีปน","26/09/2026","ผู้ทำรายการ:วุฒิชัย จีปน;โอนงานมาจากวันที่:26/09/2026"
1347,"203129","PRANITHAN JARIYAWONGSIRI","2026-09-28T13:58:00+07:00","โอนงานสิ้นวัน","ไม่สามารถเข้าส่งได้ น้ำท่วมสูงในพื้นที่","16103","เสาร์","B2C","สาขากรุงเทพกรีฑา","49/1 LADPRAO SOI 80 YAEK 20  WANG THONGLANG WANG THONGLANG BANGKOK 10310 ","13.783078333333332,100.59983833333332",13.783078333333332,100.59983833333332,"","รอน้ำลด","","ยังส่งไม่ได้",true,"จิรวัฒน์ สัยนิถี","28/09/2026","ผู้ทำรายการ:จิรวัฒน์ สัยนิถี;โอนงานมาจากวันที่:28/09/2026"
1348,"204098","เปรมปรี","2026-09-28T11:06:00+07:00","โอนงานสิ้นวัน","ไม่สามารถเข้าส่งได้ เกิดข้อผิดพลาด (เลื่อนวันที่ส่ง)","16304","เสาร์","B2C","สาขากรุงเทพกรีฑา","18 นักกีฬาแหลมทอง ซ.นักกีฬาแหลมทอง5แยก4-5 ถ.นักกีฬาแหลมทอง  แขวงทับช้าง เขตสะพานสูง กรุงเทพฯ 10250","13.74600272,100.69180808",13.74600272,100.69180808,"สะพานสูง","รอน้ำลด","","ยังส่งไม่ได้",true,"สถาพร นนท์เข็มพรหม","26/09/2026","ผู้ทำรายการ:สถาพร นนท์เข็มพรหม;โอนงานมาจากวันที่:26/09/2026"
1349,"205102","เสาวลักษณ์","2026-09-28T13:01:00+07:00","ปกติ","ไม่สามารถเข้าส่งได้ น้ำท่วมสูงในพื้นที่","16204","จันทร์","B2C","สาขากรุงเทพกรีฑา","42  ถนนลาดพร้าว 101  ซอย 46 แยก 1 แขวงคลองจั่น เขตบางกะปิ จ.กรุงเทพฯ 10240","13.79446781,100.6305522",13.79446781,100.6305522,"บางกะปิ","รอน้ำลด","","ยังส่งไม่ได้",false,"","",""
1350,"205742","ภัสรา","2026-09-28T11:21:00+07:00","โอนงานสิ้นวัน","ไม่สามารถเข้าส่งได้ น้ำท่วมสูงในพื้นที่","16304","เสาร์","B2C","สาขากรุงเทพกรีฑา","24 หมู่บ้านนักกีฬา ซ.10 แยก 4-3 ถ.กรุงเทพกรีฑา  แขวงสะพานสูง เขตสะพานสูง จ.กรุงเทพฯ 10240","13.74556052,100.69179455",13.74556052,100.69179455,"สะพานสูง","รอน้ำลด","","ยังส่งไม่ได้",true,"วีรวัฒน์ อุดมทรัพย์","28/09/2026","ผู้ทำรายการ:วีรวัฒน์ อุดมทรัพย์;โอนงานมาจากวันที่:28/09/2026"
1351,"206286","วันชัย","2026-09-28T09:01:00+07:00","ปกติ","ไม่สามารถเข้าส่งได้ น้ำท่วมสูงในพื้นที่","16308","จันทร์","B2C","สาขากรุงเทพกรีฑา","31 ซ.ราษฎร์พัฒนา 23 แขวงราษฎร์พัฒนา เขตสะพานสูง จ.กรุงเทพ 10240","13.76541345,100.701322",13.76541345,100.701322,"สะพานสูง","รอน้ำลด","","ยังส่งไม่ได้",false,"","",""
1352,"207161","มงคลชัย","2026-09-28T14:19:00+07:00","โอนงานสิ้นวัน","ไม่สามารถเข้าส่งได้ น้ำท่วมสูงในพื้นที่","16206","เสาร์","B2C","สาขากรุงเทพกรีฑา","24 ถ.ลาดพราว ซ.ลาดพร้าว 138 แขวงคลองจั่น เขตบางกะปิ จ.กรุงเทพฯ 10240","13.76910013,100.6375359",13.76910013,100.6375359,"บางกะปิ","รอน้ำลด","","ยังส่งไม่ได้",true,"จิรวัฒน์ สัยนิถี","28/09/2026","ผู้ทำรายการ:จิรวัฒน์ สัยนิถี;โอนงานมาจากวันที่:28/09/2026"
1353,"207515","เกวลิน","2026-09-28T10:58:00+07:00","โอนงานสิ้นวัน","ไม่สามารถเข้าส่งได้ น้ำท่วมสูงในพื้นที่","16304","เสาร์","B2C","สาขากรุงเทพกรีฑา","12(99/134) หมู่บ้านนักกีฬาแหลมทอง ซ.12ก(99/134) ถ.กรุงเทพกรีฑา ซ.นักกีฬาแหลมทอง 5 แยก 2-7  แขวงทับช้าง เขตสะพานสูง กรุงเทพ 10250 ","13.745831666666668,100.69430166666668",13.745831666666668,100.69430166666668,"สะพานสูง","รอน้ำลด","","ยังส่งไม่ได้",true,"สถาพร นนท์เข็มพรหม","26/09/2026","ผู้ทำรายการ:สถาพร นนท์เข็มพรหม;โอนงานมาจากวันที่:26/09/2026"
1354,"207652","สุนทรี","2026-09-28T12:40:00+07:00","ปกติ","ไม่สามารถเข้าส่งได้ น้ำท่วมสูงในพื้นที่","16201","จันทร์","B2C","สาขากรุงเทพกรีฑา","ไดนาสตี้ คอมเพล็กซ์  ห้อง 67/49  ชั้น 4  ซ.ลาดพร้าว 71  แขวงสะพานสอง เขตวังทองหลาง กรุงเทพฯ 10310","13.79206753,100.6085328",13.79206753,100.6085328,"วังทองหลาง","รอน้ำลด","","ยังส่งไม่ได้",false,"","",""
1355,"207693","LIU","2026-09-28T12:49:00+07:00","เสริมน้ำ ตรงรอบ","ไม่สามารถเข้าส่งได้ น้ำท่วมสูงในพื้นที่","16302","จันทร์","B2C","สาขากรุงเทพกรีฑา","THE LIVIN RAMKHAMHAENG, B1047 (B8/233), 10TH FLOOR, SOI RAMKHAMHAENG 97/2, RAMKHAMHAENG ROAD,  HUA MAK BANG KAPI BANGKOK 10240","13.765011666666664,100.64864166666666",13.765011666666664,100.64864166666666,"","รอน้ำลด","","ยังส่งไม่ได้",false,"","",""
1356,"208004","บรรจง","2026-09-28T11:11:00+07:00","โอนงานสิ้นวัน","ไม่สามารถเข้าส่งได้ น้ำท่วมสูงในพื้นที่","16304","เสาร์","B2C","สาขากรุงเทพกรีฑา","105/99 หมู่บ้านนักกีฬาแหลมทอง ซ.3 แยก 2-1 ถ.กรุงเทพกรีฑา แขวงสะพานสูง เขตสะพานสูง จ.กรุงเทพฯ 10240","13.74387338,100.69195826",13.74387338,100.69195826,"สะพานสูง","รอน้ำลด","","ยังส่งไม่ได้",true,"วุฒิชัย จีปน","26/09/2026","ผู้ทำรายการ:วุฒิชัย จีปน;โอนงานมาจากวันที่:26/09/2026"
1357,"208177","จีระวรรณ","2026-09-28T11:53:00+07:00","ปกติ","ไม่สามารถเข้าส่งได้ น้ำท่วมสูงในพื้นที่","16203","จันทร์","B2C","สาขากรุงเทพกรีฑา","2086 มหาลัยวิทยาลัยรามคำแหง อาคารสำนักงานอธิการบดี ชั้น 2  (ห้องอยู่หน้าลิฟ) แขวงหัวหมาก เขตบางกะปิ จ.กรุงเทพฯ 10240","13.75819563,100.61916846",13.75819563,100.61916846,"บางกะปิ","รอน้ำลด","","ยังส่งไม่ได้",false,"","",""
1358,"208274","โซลูเธียม จำกัด","2026-09-28T13:07:00+07:00","ปกติ","ไม่สามารถเข้าส่งได้ เกิดข้อผิดพลาด (เลื่อนวันที่ส่ง)","16205","จันทร์","B2B","สาขากรุงเทพกรีฑา","877/33 หมู่บ้านเนอร์วานา ถ.พระราม 9 แขวงสวนหลวง เขตสวนหลวง จ.กรุงเทพฯ 10250","13.74403649,100.61690919",13.74403649,100.61690919,"สวนหลวง","รอน้ำลด","","ยังส่งไม่ได้",false,"","",""
1359,"208296","ฟาง อะยู จำกัด","2026-09-28T12:39:00+07:00","เสริมน้ำ ตรงรอบ","ไม่สามารถเข้าส่งได้ น้ำท่วมสูงในพื้นที่","16205","จันทร์","B2B","สาขากรุงเทพกรีฑา","246 ซอยรามคำแหง 24 แยก 30 (หมู่บ้านศิขริน) แขวงหัวหมาก เขตบางกะปิ จ.กรุงเทพฯ 10240","13.748985000000001,100.62823833333331",13.748985000000001,100.62823833333331,"บางกะปิ","รอน้ำลด","","ยังส่งไม่ได้",false,"","",""
1360,"208433","กรรณิการ์","2026-09-28T13:29:00+07:00","ปกติ","ไม่สามารถเข้าส่งได้ น้ำท่วมสูงในพื้นที่","16307","จันทร์","B2C","สาขากรุงเทพกรีฑา","105/60 หมู่บ้านพฤกษชาติแสนสุข ถ.รามคำแหง118  แขวงสะพานสูง เขตสะพานสูง จ.กรุงเทพ 10240","13.77175933,100.68717323",13.77175933,100.68717323,"สะพานสูง","รอน้ำลด","","ยังส่งไม่ได้",false,"","",""
1361,"208673","นิรมล","2026-09-28T13:29:00+07:00","เสริมน้ำ ตรงรอบ","ไม่สามารถเข้าส่งได้ น้ำท่วมสูงในพื้นที่","16303","จันทร์","B2C","สาขากรุงเทพกรีฑา","7 ซ.รามคำแหง 68 แยก 1 ถ.รามคำแหง  แขวงหัวหมาก เขตบางกะปิ กรุงเทพฯ 10240","13.76448813,100.659453",13.76448813,100.659453,"บางกะปิ","รอน้ำลด","","ยังส่งไม่ได้",false,"","",""
1362,"209128","ตามร","2026-09-28T13:16:00+07:00","ปกติ","ไม่สามารถเข้าส่งได้ น้ำท่วมสูงในพื้นที่","16205","จันทร์","B2C","สาขากรุงเทพกรีฑา","126/122 หมู่บ้านศิขรินทร์ (ตรงข้าม ซ.6) ซ.รามคำแหง 24 แยก 30  ถ.รามคำแหง แขวงหัวหมาก เขตบางกะปิ จ.กรุงเทพฯ 10240","13.74934513,100.62823109",13.74934513,100.62823109,"บางกะปิ","รอน้ำลด","","ยังส่งไม่ได้",false,"","",""
1363,"209487","ทวีพร","2026-09-28T12:10:00+07:00","โอนงานสิ้นวัน","ไม่สามารถเข้าส่งได้ น้ำท่วมสูงในพื้นที่","16203","เสาร์","B2C","สาขากรุงเทพกรีฑา","8/158 อาคารฝักข้าวโพด 3 ชั้น 11 ถ.รามคำแหง 40 แยก 2  แขวงหัวหมาก เขตบางกะปิ จ.กรุงเทพฯ 10240","13.756321666666668,100.63896333333332",13.756321666666668,100.63896333333332,"บางกะปิ","รอน้ำลด","","ยังส่งไม่ได้",true,"สถาพร นนท์เข็มพรหม","26/09/2026","ผู้ทำรายการ:สถาพร นนท์เข็มพรหม;โอนงานมาจากวันที่:26/09/2026"
1364,"209715","สุจิตรา","2026-09-28T13:14:00+07:00","ปกติ","ไม่สามารถเข้าส่งได้ น้ำท่วมสูงในพื้นที่","16205","จันทร์","B2C","สาขากรุงเทพกรีฑา","128/191 หมู่ศิขรินซ.3 รามคำแหง 24 แยก 30  แขวงหัวหมาก เขตบางกะปิ จ.กรุงเทพฯ 10240","13.750301666666667,100.62843333333333",13.750301666666667,100.62843333333333,"บางกะปิ","รอน้ำลด","","ยังส่งไม่ได้",false,"","",""
1365,"21021/1","เจวีที อินเตอร์เนชั่นแนล จำกัด","2026-09-28T12:32:00+07:00","ปกติ","ไม่สามารถเข้าส่งได้ น้ำท่วมสูงในพื้นที่","16306","จันทร์","B2B","สาขากรุงเทพกรีฑา","1/19 ซ.รามคำแหง 174 แขวงมีนบุรี เขตมีนบุรี กรุงเทพฯ 10510","13.7997,100.71962166666665",13.7997,100.71962166666665,"มีนบุรี","รอน้ำลด","","ยังส่งไม่ได้",false,"","",""
1366,"210305","FEIYAN","2026-09-28T18:13:00+07:00","โอนงานสิ้นวัน","ไม่สามารถเข้าส่งได้ น้ำท่วมสูงในพื้นที่","16105","เสาร์","B2C","สาขากรุงเทพกรีฑา","536 U-CHAROEN SOI 7 SOI RATCHADA 18 SAMSEN NOK HUAI KHWANG BANGKOK 10310","13.785393333333332,100.58179666666668",13.785393333333332,100.58179666666668,"","รอน้ำลด","","ยังส่งไม่ได้",true,"วุฒิชัย จีปน","26/09/2026","ผู้ทำรายการ:วุฒิชัย จีปน;โอนงานมาจากวันที่:26/09/2026"
1367,"210803","โอเอ็มเจ จำกัด","2026-09-28T12:51:00+07:00","ปกติ","ไม่สามารถเข้าส่งได้ น้ำท่วมสูงในพื้นที่","16201","จันทร์","B2B","สาขากรุงเทพกรีฑา","312/57 ซ.ลาดพร้าว87(จันทราสุข) แขวงคลองเจ้าคุณสิงห์ เขตวังทองหลาง จ.กรุงเทพฯ 10310","13.791615000000002,100.62469833333334",13.791615000000002,100.62469833333334,"วังทองหลาง","รอน้ำลด","","ยังส่งไม่ได้",false,"","",""
1368,"211415","ระพีพรรณ","2026-09-28T11:51:00+07:00","ปกติ","ไม่สามารถเข้าส่งได้ เกิดข้อผิดพลาด (เลื่อนวันที่ส่ง)","16203","จันทร์","B2C","สาขากรุงเทพกรีฑา","2,8 ซ.รามคำแหง 44 ถ.รามคำแหง แขวงหัวหมาก เขตบางกะปิ จ.กรุงเทพฯ 10240","13.76101972,100.64064354",13.76101972,100.64064354,"บางกะปิ","รอน้ำลด","","ยังส่งไม่ได้",false,"","",""
1369,"211640","ALEKCANDRA CHERNOVA","2026-09-28T11:53:00+07:00","ปกติ","ไม่สามารถเข้าส่งได้ น้ำท่วมสูงในพื้นที่","16203","จันทร์","B2C","สาขากรุงเทพกรีฑา","THE BASE RAMA 9, ROOM 3/43 ON 5TH FLOOR, RAMKHAMHAENG 3 RAMA IX RD,  HUA MAK, BANG KAPI, BANGKOK 10240  ","13.748373333333332,100.60580333333334",13.748373333333332,100.60580333333334,"","รอน้ำลด","","ยังส่งไม่ได้",false,"","",""
1370,"211808","นิติธร","2026-09-28T12:48:00+07:00","เสริมน้ำ ตรงรอบ","ไม่สามารถเข้าส่งได้ น้ำท่วมสูงในพื้นที่","16302","จันทร์","B2C","สาขากรุงเทพกรีฑา","300/167 หมู่บ้าน พาทิโอ ถ.กรุงเทพกรีฑา แขวงหัวหมาก เขตบางกะปิ จ.กรุงเทพฯ 10240","13.741861666666667,100.65875166666667",13.741861666666667,100.65875166666667,"บางกะปิ","รอน้ำลด","","ยังส่งไม่ได้",false,"","",""
1371,"211970","BEN FREDERIK VAN DEN BERGH","2026-09-28T14:33:00+07:00","ปกติ","ไม่สามารถเข้าส่งได้ น้ำท่วมสูงในพื้นที่","16206","จันทร์","B2C","สาขากรุงเทพกรีฑา","32 SOI LADPRAO 130/1 KHLONG CHAN BANG KAPI BANGKOK 10240","13.77209745,100.63272975",13.77209745,100.63272975,"","รอน้ำลด","","ยังส่งไม่ได้",false,"","",""
1372,"211979","เทสสา","2026-09-28T11:58:00+07:00","ปกติ","ไม่สามารถเข้าส่งได้ น้ำท่วมสูงในพื้นที่","16203","จันทร์","B2C","สาขากรุงเทพกรีฑา","14 ซ.รามคำแหง 13 แขวงหัวหมาก เขตบางกะปิ จ.กรุงเทพฯ 10240","13.753530000000001,100.60747500000001",13.753530000000001,100.60747500000001,"บางกะปิ","รอน้ำลด","","ยังส่งไม่ได้",false,"","",""
1373,"21221/19","เดอะ เคอี กรุ๊ป จำกัด","2026-09-28T13:23:00+07:00","ปกติ","ไม่สามารถเข้าส่งได้ น้ำท่วมสูงในพื้นที่","16301","จันทร์","B2B","สาขากรุงเทพกรีฑา","86,86/1-3 ศูนย์การค้าสัมมากรเพลส รามคำแหง ถ.รามคำแหง แขวงสะพานสูง เขตสะพานสูง จ.กรุงเทพฯ 10240","13.77643401,100.67320732",13.77643401,100.67320732,"สะพานสูง","รอน้ำลด","","ยังส่งไม่ได้",false,"","",""
1374,"212363","สุวิช กาญจนพันธุ์","2026-09-28T16:56:00+07:00","โอนงานสิ้นวัน","ไม่สามารถเข้าส่งได้ น้ำท่วมสูงในพื้นที่","16107","เสาร์","B2C","สาขากรุงเทพกรีฑา","298/948 เอ็กซ์ที ห้วยขวาง อาคาร A ชั้น 32 ถ.รัชดาภิเษก แขวงห้วยขวาง เขตห้วยขวาง จ.กรุงเทพฯ 10310","13.780636666666664,100.57555666666667",13.780636666666664,100.57555666666667,"ห้วยขวาง","รอน้ำลด","","ยังส่งไม่ได้",true,"ฤทธิศักดิ์ สระเงินสิงห์","28/09/2026","ผู้ทำรายการ:ฤทธิศักดิ์ สระเงินสิงห์;โอนงานมาจากวันที่:28/09/2026"
1375,"212422","ปุณยวีร์","2026-09-28T13:29:00+07:00","เสริมน้ำ ตรงรอบ","ไม่สามารถเข้าส่งได้ น้ำท่วมสูงในพื้นที่","16303","จันทร์","B2C","สาขากรุงเทพกรีฑา","301/659 กิตินิเวศน์ แยก12 ถ.รามคำแหง68 แขวงหัวหมาก เขตบางกะปิ จ.กรุงเทพฯ 10240","13.76264,100.66679500000001",13.76264,100.66679500000001,"บางกะปิ","รอน้ำลด","","ยังส่งไม่ได้",false,"","",""
1376,"213478","ออนนิสที โซลูชั่น จำกัด","2026-09-28T14:01:00+07:00","ปกติ","ไม่สามารถเข้าส่งได้ น้ำท่วมสูงในพื้นที่","16307","จันทร์","B2B","สาขากรุงเทพกรีฑา","39/9 ห้อง 3/1 ชั้น 3 ถ.กรุงเทพกรีฑา  แขวงทับช้าง เขตสะพานสูง จ.กรุงเทพฯ 10250","13.74402,100.67296333333334",13.74402,100.67296333333334,"สะพานสูง","รอน้ำลด","","ยังส่งไม่ได้",false,"","",""
1377,"213514","สไบมาศ","2026-09-28T11:11:00+07:00","โอนงานสิ้นวัน","ไม่สามารถเข้าส่งได้ น้ำท่วมสูงในพื้นที่","16304","เสาร์","B2C","สาขากรุงเทพกรีฑา","12/61 หมู่บ้านเนอวาน่า  ซอย 1-3   ถ.กรุงเทพกรีฑา 32 แขวงทับช้าง เขตสะพานสูง จ.กรุงเทพฯ 10240","13.737306666666665,100.69151500000001",13.737306666666665,100.69151500000001,"สะพานสูง","รอน้ำลด","","ยังส่งไม่ได้",true,"จิรวัฒน์ สัยนิถี","28/09/2026","ผู้ทำรายการ:จิรวัฒน์ สัยนิถี;โอนงานมาจากวันที่:28/09/2026"
1378,"214054","นิชาภา","2026-09-28T12:49:00+07:00","ปกติ","ไม่สามารถเข้าส่งได้ เกิดข้อผิดพลาด (เลื่อนวันที่ส่ง)","16201","จันทร์","B2C","สาขากรุงเทพกรีฑา","318/40 หมู่บ้าน เมอร์ริท เพลส เฟส 1 ถ.ลาดพร้าว 87 แยก 10 แขวงวังทองหลาง เขตวังทองหลาง จ.กรุงเทพฯ 10310","13.789916666666667,100.62319166666666",13.789916666666667,100.62319166666666,"วังทองหลาง","รอน้ำลด","","ยังส่งไม่ได้",false,"","",""
1379,"214099","นาฎยา","2026-09-28T14:07:00+07:00","ปกติ","ไม่สามารถเข้าส่งได้ น้ำท่วมสูงในพื้นที่","16206","จันทร์","B2C","สาขากรุงเทพกรีฑา","28-30 ซ.ลาดพร้าว 130 แขวงคลองจั่น เขตบางกะปิ จ.กรุงเทพฯ 10240","13.772706666666666,100.63176166666666",13.772706666666666,100.63176166666666,"บางกะปิ","รอน้ำลด","","ยังส่งไม่ได้",false,"","",""
1380,"214631","อภิวิชญ์","2026-09-28T12:44:00+07:00","ปกติ","ไม่สามารถเข้าส่งได้ น้ำท่วมสูงในพื้นที่","16302","จันทร์","B2C","สาขากรุงเทพกรีฑา","300/64 หมู่บ้าน พาทิโอ้ ถ.กรุงเทพกรีฑา แขวงหัวหมาก เขตบางกะปิ จ.กรุงเทพฯ 10240","13.741751666666667,100.65955833333334",13.741751666666667,100.65955833333334,"บางกะปิ","รอน้ำลด","","ยังส่งไม่ได้",false,"","",""
1381,"214837","ณรงค์ชัย","2026-09-28T14:24:00+07:00","โอนงานสิ้นวัน","ไม่สามารถเข้าส่งได้ น้ำท่วมสูงในพื้นที่","16206","เสาร์","B2C","สาขากรุงเทพกรีฑา","557/103 ลุมพินี เซ็นเตอร์ แฮปปี้แลนด์ ตึก E1 ชั้น 6 ซ.แฮปปี้แลนด์สาย 1  แขวงคลองจั่น เขตบางกะปิ จ.กรุงเทพฯ 10240","13.7766876,100.6409006",13.7766876,100.6409006,"บางกะปิ","รอน้ำลด","","ยังส่งไม่ได้",true,"วุฒิชัย จีปน","26/09/2026","ผู้ทำรายการ:วุฒิชัย จีปน;โอนงานมาจากวันที่:26/09/2026"
1382,"215009","สุจิตรา","2026-09-28T14:18:00+07:00","โอนงานสิ้นวัน","ไม่สามารถเข้าส่งได้ น้ำท่วมสูงในพื้นที่","16206","เสาร์","B2C","สาขากรุงเทพกรีฑา","88/13 ซ.ลาดพร้าว 136 ถ.ลาดพร้าว แขวงคลองจั่น เขตบางกะปิ จ.กรุงเทพฯ 10240","13.764205666666665,100.63726723333333",13.764205666666665,100.63726723333333,"บางกะปิ","รอน้ำลด","","ยังส่งไม่ได้",true,"จิรวัฒน์ สัยนิถี","28/09/2026","ผู้ทำรายการ:จิรวัฒน์ สัยนิถี;โอนงานมาจากวันที่:28/09/2026"
1383,"215123","ศิริวรรณ","2026-09-28T11:59:00+07:00","ปกติ","ไม่สามารถเข้าส่งได้ น้ำท่วมสูงในพื้นที่","16203","จันทร์","B2C","สาขากรุงเทพกรีฑา","1867 ALPHA TENNIS ACADEMY ซ.รามคำแหง 13 แขวงหัวหมาก เขตบางกะปิ จ.กรุงเทพฯ 10240","13.752704999999999,100.60814833333333",13.752704999999999,100.60814833333333,"บางกะปิ","รอน้ำลด","","ยังส่งไม่ได้",false,"","",""
1384,"215846","AUNG MYINT","2026-09-28T12:49:00+07:00","ปกติ","ไม่สามารถเข้าส่งได้ น้ำท่วมสูงในพื้นที่","16303","จันทร์","B2C","สาขากรุงเทพกรีฑา","21/26 MUBAN PREECHA, SOI RAMKHAMHAENG 76, HUA MAK BANG KAPI BANGKOK 10240","13.766245,100.66746333333334",13.766245,100.66746333333334,"","รอน้ำลด","","ยังส่งไม่ได้",false,"","",""
1385,"216535/2","เหมย","2026-09-28T13:07:00+07:00","ปกติ","ไม่สามารถเข้าส่งได้ น้ำท่วมสูงในพื้นที่","16204","จันทร์","B2C","สาขากรุงเทพกรีฑา","9/2 หมู่บ้านเดอะเจนทริ ซ.โพธิแก้ว 4 แขวงนวมินทร์ เขตบึงกุ่ม กรุงเทพฯ 10230","13.801366666666668,100.63365333333334",13.801366666666668,100.63365333333334,"บึงกุ่ม","รอน้ำลด","","ยังส่งไม่ได้",false,"","",""
1386,"216911","กิจการร่วมค้าซีไอเอส","2026-09-28T13:11:00+07:00","ปกติ","ไม่สามารถเข้าส่งได้ น้ำท่วมสูงในพื้นที่","16205","จันทร์","B2B","สาขากรุงเทพกรีฑา","134/4 ซ.รามคำแหง24 แยก 30  แขวงหัวหมาก เขตบางกะปิ จ.กรุงเทพฯ 10240","13.755238333333333,100.62845333333334",13.755238333333333,100.62845333333334,"บางกะปิ","รอน้ำลด","","ยังส่งไม่ได้",false,"","",""
1387,"217010/1","QIN","2026-09-28T12:52:00+07:00","ปกติ","ไม่สามารถเข้าส่งได้ น้ำท่วมสูงในพื้นที่","16303","จันทร์","B2C","สาขากรุงเทพกรีฑา","1056/20 CASA CITY VILLAGE, RAMKHAMHAENG 74 HUA MAK BANG KAPI BANGKOK 10240","13.769503333333335,100.66302166666668",13.769503333333335,100.66302166666668,"","รอน้ำลด","","ยังส่งไม่ได้",false,"","",""
1388,"217034","สุรพล","2026-09-28T10:58:00+07:00","ตามน้ำ","ไม่สามารถเข้าส่งได้ เกิดข้อผิดพลาด (เลื่อนวันที่ส่ง)","16304","เสาร์","B2C","สาขากรุงเทพกรีฑา","12/17 หมู่บ้าน เนอวาน่า ซ.1-3 ถ.กรุงเทพกรีฑา 32 แขวงทับช้าง เขตสะพานสูง จ.กรุงเทพฯ 10240","13.737038333333333,100.69154833333332",13.737038333333333,100.69154833333332,"สะพานสูง","รอน้ำลด","","ยังส่งไม่ได้",false,"","",""
1389,"217239","ZARNI TUN","2026-09-28T13:00:00+07:00","ปกติ","ไม่สามารถเข้าส่งได้ น้ำท่วมสูงในพื้นที่","16302","จันทร์","B2C","สาขากรุงเทพกรีฑา","8/10, THE LIVIN RAMKHAMHAENG, FLOOR 7, SOI RAMKHAMHAENG 97/2, HUA MAK BANG KAPI BANGKOK 10240","13.764353333333334,100.64912333333332",13.764353333333334,100.64912333333332,"","รอน้ำลด","","ยังส่งไม่ได้",false,"","",""
1390,"217375","อัจจิมา","2026-09-28T12:34:00+07:00","โอนงานสิ้นวัน","ไม่สามารถเข้าส่งได้ น้ำท่วมสูงในพื้นที่","16201","เสาร์","B2C","สาขากรุงเทพกรีฑา","517 ซ.ลาดพร้าว 87 แยก 11 แขวงคลองเจ้าคุณสิงห์ เขตวังทองหลาง จ.กรุงเทพฯ 10310","13.795545,100.61818833333334",13.795545,100.61818833333334,"วังทองหลาง","รอน้ำลด","","ยังส่งไม่ได้",true,"วีรวัฒน์ อุดมทรัพย์","28/09/2026","ผู้ทำรายการ:วีรวัฒน์ อุดมทรัพย์;โอนงานมาจากวันที่:28/09/2026"
1391,"21760","โอทีโอ ทริป เซอร์วิส จำกัด","2026-09-28T13:24:00+07:00","ปกติ","ไม่สามารถเข้าส่งได้ น้ำท่วมสูงในพื้นที่","16103","จันทร์","B2B","สาขากรุงเทพกรีฑา","188/259-260 หมู่บ้าน 84 แมนชั่น ซ.ลาดพร้าว 84 แขวงวังทองหลาง เขตวังทองหลาง กรุงเทพฯ 10240","13.779982,100.6055656",13.779982,100.6055656,"วังทองหลาง","รอน้ำลด","","ยังส่งไม่ได้",false,"","",""
1392,"217604","ชลธิดา","2026-09-28T11:12:00+07:00","โอนงานสิ้นวัน","ไม่สามารถเข้าส่งได้ น้ำท่วมสูงในพื้นที่","16304","เสาร์","B2C","สาขากรุงเทพกรีฑา","12/58 หมู่บ้าน เนอวานา บียอนด์ ไลท์ ซ.กรุงเทพกรีฑา32 ถ.มอเตอร์เวย์ แขวงสะพานสูง เขตสะพานสูง จ.กรุงเทพฯ 10240","13.737046666666666,100.69137333333335",13.737046666666666,100.69137333333335,"สะพานสูง","รอน้ำลด","","ยังส่งไม่ได้",true,"จิรวัฒน์ สัยนิถี","28/09/2026","ผู้ทำรายการ:จิรวัฒน์ สัยนิถี;โอนงานมาจากวันที่:28/09/2026"
1393,"217649","SAEED HASAN SAEED","2026-09-28T13:06:00+07:00","ปกติ","ไม่สามารถเข้าส่งได้ น้ำท่วมสูงในพื้นที่","16205","จันทร์","B2C","สาขากรุงเทพกรีฑา","THE BANGKOK RESIDENCE RM#205, FL#2, SOI RAMKHAMHAENG 24 YEAK 2, RAMKHAMHAENG RD.,  HUA MAK BANG KAPI BANGKOK 10240","13.747700000000002,100.61686666666668",13.747700000000002,100.61686666666668,"","รอน้ำลด","","ยังส่งไม่ได้",false,"","",""
1394,"218327","รัตพร","2026-09-28T12:35:00+07:00","โอนงานสิ้นวัน","ไม่สามารถเข้าส่งได้ น้ำท่วมสูงในพื้นที่","16201","เสาร์","B2C","สาขากรุงเทพกรีฑา","127/7 ถ.ลาดพร้าว ซ.ลาดพร้าว 87 แยก 3  แขวงคลองเจ้าคุณสิงห์ เขตวังทองหลาง จ.กรุงเทพฯ 10310","13.787399999999998,100.61677833333333",13.787399999999998,100.61677833333333,"วังทองหลาง","รอน้ำลด","","ยังส่งไม่ได้",true,"ฤทธิศักดิ์ สระเงินสิงห์","28/09/2026","ผู้ทำรายการ:ฤทธิศักดิ์ สระเงินสิงห์;โอนงานมาจากวันที่:28/09/2026"
1395,"219377","ณัฐติญา","2026-09-28T12:45:00+07:00","ปกติ","ไม่สามารถเข้าส่งได้ น้ำท่วมสูงในพื้นที่","16302","จันทร์","B2C","สาขากรุงเทพกรีฑา","300/13 หมู่บ้าน พาทิโอ ถ.กรุงเทพกรีฑา แขวงหัวหมาก เขตบางกะปิ จ.กรุงเทพฯ 10240","13.741215,100.66206500000001",13.741215,100.66206500000001,"บางกะปิ","รอน้ำลด","","ยังส่งไม่ได้",false,"","",""
1396,"220014/1","ภัททิรา","2026-09-28T11:21:00+07:00","โอนงานสิ้นวัน","ไม่สามารถเข้าส่งได้ น้ำท่วมสูงในพื้นที่","16304","เสาร์","B2C","สาขากรุงเทพกรีฑา","19 นักกีฬาแหลมทอง ซ.นักกีฬาแหลมทอง 5 แยก 4-21 ถ.กรุงเทพกรีฑา แขวงทับช้าง เขตสะพานสูง จ.กรุงเทพฯ 10240","13.748721666666665,100.69331333333334",13.748721666666665,100.69331333333334,"สะพานสูง","รอน้ำลด","","ยังส่งไม่ได้",true,"วุฒิชัย จีปน","26/09/2026","ผู้ทำรายการ:วุฒิชัย จีปน;โอนงานมาจากวันที่:26/09/2026"
1397,"220617","วิเชียร","2026-09-28T12:47:00+07:00","ปกติ","ไม่สามารถเข้าส่งได้ น้ำท่วมสูงในพื้นที่","16307","จันทร์","B2C","สาขากรุงเทพกรีฑา","77/79 หมู่บ้าน พฤกษชาติ ซ.พฤกษชาติ 4/1 ถ.รามคำแหง 114 แขวงสะพานสูง เขตสะพานสูง จ.กรุงเทพฯ 10240","13.777408333333335,100.67870999999998",13.777408333333335,100.67870999999998,"สะพานสูง","รอน้ำลด","","ยังส่งไม่ได้",false,"","",""
1398,"221322","ถนัดกิจ","2026-09-28T14:04:00+07:00","โอนงานสิ้นวัน","ไม่สามารถเข้าส่งได้ เกิดข้อผิดพลาด (เลื่อนวันที่ส่ง)","16103","เสาร์","B2C","สาขากรุงเทพกรีฑา","รุ่งเรืองคอนโดทาวน์ 661/56 เลขที่ B56 ชั้น 5 ซอยลาดพร้าว80 แยก22  แขวงวังทองหลาง เขตวังทองหลาง จ.กรุงเทพฯ 10310","13.781101666666666,100.59389333333333",13.781101666666666,100.59389333333333,"วังทองหลาง","รอน้ำลด","","ยังส่งไม่ได้",true,"สถาพร นนท์เข็มพรหม","26/09/2026","ผู้ทำรายการ:สถาพร นนท์เข็มพรหม;โอนงานมาจากวันที่:26/09/2026"
1399,"221521","ศุภาวีร์","2026-09-28T11:22:00+07:00","โอนงานสิ้นวัน","ไม่สามารถเข้าส่งได้ น้ำท่วมสูงในพื้นที่","16304","เสาร์","B2C","สาขากรุงเทพกรีฑา","12/106 หมู่บ้าน เนอวานา บียอนด์ ไลท์ พระราม 9 ถ.กรุงเทพกรีฑา 32  แขวงทับช้าง เขตสะพานสูง จ.กรุงเทพฯ 10250","13.736648333333335,100.69138833333334",13.736648333333335,100.69138833333334,"สะพานสูง","รอน้ำลด","","ยังส่งไม่ได้",true,"ฤทธิศักดิ์ สระเงินสิงห์","28/09/2026","ผู้ทำรายการ:ฤทธิศักดิ์ สระเงินสิงห์;โอนงานมาจากวันที่:28/09/2026"
1400,"223180","MAY KYAW","2026-09-28T12:58:00+07:00","ปกติ","ไม่สามารถเข้าส่งได้ น้ำท่วมสูงในพื้นที่","16302","จันทร์","B2C","สาขากรุงเทพกรีฑา","THE LIVIN RAMKHAMHAENG ROOM 8/1066 (23RD FLOOR) TOWER A SOI RAMKHAMHAENG 97/2  HUA MAK BANG KAPI BANGKOK 10240","13.764171666666668,100.64859",13.764171666666668,100.64859,"","รอน้ำลด","","ยังส่งไม่ได้",false,"","",""
1401,"223268","แกรนด์ แมนดาริน เรสซิเด้นท์ จำกัด","2026-09-28T14:07:00+07:00","ปกติ","ไม่สามารถเข้าส่งได้ น้ำท่วมสูงในพื้นที่","16206","จันทร์","B2B","สาขากรุงเทพกรีฑา","152 ซ.ลาดพร้าว 130 ถ.ลาดพร้าว (มหาดไทย 2)  แขวงคลองจั่น เขตบางกะปิ จ.กรุงเทพฯ 10240","13.770655,100.63200833333333",13.770655,100.63200833333333,"บางกะปิ","รอน้ำลด","","ยังส่งไม่ได้",false,"","",""
1402,"223305","PIM","2026-09-28T18:17:00+07:00","โอนงานสิ้นวัน","ไม่สามารถเข้าส่งได้ น้ำท่วมสูงในพื้นที่","16105","เสาร์","B2C","สาขากรุงเทพกรีฑา","268 MOO BAAN YU CHAROEN 29  SAMSEN NOK HUAI KHWANG BANGKOK 10310","13.783885000000001,100.581635",13.783885000000001,100.581635,"","รอน้ำลด","","ยังส่งไม่ได้",true,"จิรวัฒน์ สัยนิถี","28/09/2026","ผู้ทำรายการ:จิรวัฒน์ สัยนิถี;โอนงานมาจากวันที่:28/09/2026"
1403,"22427","พาณิชพระนคร (2535) จำกัด","2026-09-28T14:18:00+07:00","โอนงานสิ้นวัน","ไม่สามารถเข้าส่งได้ น้ำท่วมสูงในพื้นที่","16206","เสาร์","B2B","สาขากรุงเทพกรีฑา","280 ซ.ศูนย์การค้าแฮปปี้แลนด์ 2 ถ.ลาดพร้าว แขวงคลองจั่น เขตบางกะปิ กรุงเทพฯ 10240","13.772826704536039,100.64253584218496",13.772826704536039,100.64253584218496,"บางกะปิ","รอน้ำลด","","ยังส่งไม่ได้",true,"สถาพร นนท์เข็มพรหม","26/09/2026","ผู้ทำรายการ:สถาพร นนท์เข็มพรหม;โอนงานมาจากวันที่:26/09/2026"
1404,"224407","คณกร โลวะกิจ","2026-09-28T12:44:00+07:00","ปกติ","ไม่สามารถเข้าส่งได้ น้ำท่วมสูงในพื้นที่","16303","จันทร์","B2C","สาขากรุงเทพกรีฑา","79/135 หมู่บ้านภัทรา ซ.4 ถ.รามคำแหง แขวงหัวหมาก เขตบางกะปิ จ.กรุงเทพฯ 10240","13.766533333333333,100.66266666666667",13.766533333333333,100.66266666666667,"บางกะปิ","รอน้ำลด","","ยังส่งไม่ได้",false,"","",""
1405,"224412","ฟิเดลลิตี้ 789 จำกัด","2026-09-28T13:44:00+07:00","ปกติ","ไม่สามารถเข้าส่งได้ น้ำท่วมสูงในพื้นที่","16106","จันทร์","B2B","สาขากรุงเทพกรีฑา","48/5-6 ชั้น 4 ห้อง 403 ถ.รัชดาภิเษก  แขวงสามเสนนอก เขตห้วยขวาง จ.กรุงเทพฯ 10310","13.7916,100.57574500000001",13.7916,100.57574500000001,"ห้วยขวาง","รอน้ำลด","","ยังส่งไม่ได้",false,"","",""
1406,"224829","อินเตอร์ ฟาร์มา เมดเทค จำกัด","2026-09-28T13:24:00+07:00","ปกติ","ไม่สามารถเข้าส่งได้ น้ำท่วมสูงในพื้นที่","16301","จันทร์","B2B","สาขากรุงเทพกรีฑา","86 อาคาร D โครงการสัมมากรเพลส สาขารามคำแหง ห้อง D201-203,D208-209  ชั้น 2 ถ.รามคำแหง แขวงสะพานสูง เขตสะพานสูง จ.กรุงเทพฯ 10240","13.776511666666666,100.67309666666667",13.776511666666666,100.67309666666667,"สะพานสูง","รอน้ำลด","","ยังส่งไม่ได้",false,"","",""
1407,"224833","อาอีฉ๊ะ","2026-09-28T13:04:00+07:00","โอนงานสิ้นวัน","ไม่สามารถเข้าส่งได้ น้ำท่วมสูงในพื้นที่","16205","เสาร์","B2C","สาขากรุงเทพกรีฑา","เดอะวันพลัส แกรนด์ คอนโด อาคารบี ชั้น 3 ห้อง 10/246 ซ.หัวหมาก 18 (หวังภาษิต3) แขวงหัวหมาก เขตบางกะปิ จ.กรุงเทพฯ 10240","13.753786666666667,100.63687",13.753786666666667,100.63687,"บางกะปิ","รอน้ำลด","","ยังส่งไม่ได้",true,"จิรวัฒน์ สัยนิถี","28/09/2026","ผู้ทำรายการ:จิรวัฒน์ สัยนิถี;โอนงานมาจากวันที่:28/09/2026"
1408,"225056","เอสบี แอนด์ พี ดีไซน์ บิวด์ จำกัด","2026-09-28T13:17:00+07:00","ปกติ","ไม่สามารถเข้าส่งได้ เกิดข้อผิดพลาด (เลื่อนวันที่ส่ง)","16303","จันทร์","B2B","สาขากรุงเทพกรีฑา","301/954 ซ.รามคำแหง 68 ถ.รามคำแหง  แขวงหัวหมาก เขตบางกะปิ จ.กรุงเทพฯ 10240","13.7606,100.668745",13.7606,100.668745,"บางกะปิ","รอน้ำลด","","ยังส่งไม่ได้",false,"","",""
1409,"225155/9","ไอแคร์ เฮลท์ จำกัด","2026-09-28T13:24:00+07:00","ปกติ","ไม่สามารถเข้าส่งได้ น้ำท่วมสูงในพื้นที่","16301","จันทร์","B2B","สาขากรุงเทพกรีฑา","86/1 สาขา PM019 ฟาร์แม็กซ์ เพียวเพลส ห้อง B105,B106 ชั้น 1 อาคารบี ศูนย์การค้าเพียวเพลส ถ.รามคำแหง  แขวงสะพานสูง เขตสะพานสูง จ.กรุงเทพฯ 10240","13.776501666666665,100.67307000000001",13.776501666666665,100.67307000000001,"สะพานสูง","รอน้ำลด","","ยังส่งไม่ได้",false,"","",""
1410,"225316/1","สุรพร","2026-09-28T13:08:00+07:00","ปกติ","ไม่สามารถเข้าส่งได้ น้ำท่วมสูงในพื้นที่","16204","จันทร์","B2C","สาขากรุงเทพกรีฑา","17 ทาวน์เฮ้าส์อบอุ่น ลาดพร้าว101 ซ.56 แขวงคลองจั่น เขตบางกะปิ จ.กรุงเทพฯ 10240","13.798206666666665,100.63523333333333",13.798206666666665,100.63523333333333,"บางกะปิ","รอน้ำลด","","ยังส่งไม่ได้",false,"","",""
1411,"225370","เอ็นเอส การบัญชีและสอบบัญชี โซลูชั่น จำกัด","2026-09-28T12:03:00+07:00","ปกติ","ไม่สามารถเข้าส่งได้ น้ำท่วมสูงในพื้นที่","16307","จันทร์","B2B","สาขากรุงเทพกรีฑา","28/51 หมู่บ้าน นลินอเวนิว ซ.รามคำแหง 138 แขวงราษฎร์พัฒนา เขตสะพานสูง จ.กรุงเทพฯ 10240","13.782478333333332,100.689355",13.782478333333332,100.689355,"สะพานสูง","รอน้ำลด","","ยังส่งไม่ได้",false,"","",""
1412,"225895","เดอะ ออดิโอ การาจ จำกัด","2026-09-28T12:45:00+07:00","ปกติ","ไม่สามารถเข้าส่งได้ น้ำท่วมสูงในพื้นที่","16201","จันทร์","B2B","สาขากรุงเทพกรีฑา","99/3 ซ.ลาดพร้าว 71  แขวงสะพานสอง เขตวังทองหลาง  จ.กรุงเทพฯ 10310","13.79466333333333,100.608955",13.79466333333333,100.608955,"วังทองหลาง","รอน้ำลด","","ยังส่งไม่ได้",false,"","",""
1413,"226176","ศิรกานต์","2026-09-28T12:50:00+07:00","ปกติ","ไม่สามารถเข้าส่งได้ น้ำท่วมสูงในพื้นที่","16201","จันทร์","B2C","สาขากรุงเทพกรีฑา","338/409 หมู่บ้านสุขสบาย ซ.6 ซ.ลาดพร้าว 87 ถ.ลาดพร้าว แขวงคลองเจ้าคุณสิงห์ เขตวังทองหลาง จ.กรุงเทพฯ 10310","13.792383333333332,100.62227166666668",13.792383333333332,100.62227166666668,"วังทองหลาง","รอน้ำลด","","ยังส่งไม่ได้",false,"","",""
1414,"226204","อภิญญา","2026-09-28T13:58:00+07:00","โอนงานสิ้นวัน","ไม่สามารถเข้าส่งได้ น้ำท่วมสูงในพื้นที่","16103","เสาร์","B2C","สาขากรุงเทพกรีฑา","98/118 ซ.13 บ้านกลางเมือง พระราม9-รามคำแหง ซ.รามคำแหง 39 แขวงพลับพลา เขตวังทองหลาง กรุงเทพฯ 10310","13.76253,100.61240000000001",13.76253,100.61240000000001,"วังทองหลาง","รอน้ำลด","","ยังส่งไม่ได้",true,"ฤทธิศักดิ์ สระเงินสิงห์","28/09/2026","ผู้ทำรายการ:ฤทธิศักดิ์ สระเงินสิงห์;โอนงานมาจากวันที่:28/09/2026"
1415,"226790/1","เรวัฒน์","2026-09-28T13:14:00+07:00","ปกติ","ไม่สามารถเข้าส่งได้ น้ำท่วมสูงในพื้นที่","16205","จันทร์","B2C","สาขากรุงเทพกรีฑา","127 บ้านศิขริน ซอย 1 ซ.รามคำแหง 24 แยก 30 ถ.รามคำแหง แขวงหัวหมาก เขตบางกะปิ กรุงเทพมหานคร 10240","13.751121666666666,100.62786166666667",13.751121666666666,100.62786166666667,"บางกะปิ","รอน้ำลด","","ยังส่งไม่ได้",false,"","",""
1416,"226925","สุมนรัตน์","2026-09-28T12:35:00+07:00","โอนงานสิ้นวัน","ไม่สามารถเข้าส่งได้ น้ำท่วมสูงในพื้นที่","16201","เสาร์","B2C","สาขากรุงเทพกรีฑา","931/4 หมู่บ้าน เกตุนุติเชอมีเน่ ซ.ลาดพร้าว 87 (จันทราสุข)  แขวงคลองจั่น เขตบางกะปิ จ.กรุงเทพฯ 10240","13.800976666666667,100.62051333333332",13.800976666666667,100.62051333333332,"บางกะปิ","รอน้ำลด","","ยังส่งไม่ได้",true,"วุฒิชัย จีปน","26/09/2026","ผู้ทำรายการ:วุฒิชัย จีปน;โอนงานมาจากวันที่:26/09/2026"
1417,"227370","แพรวพราว","2026-09-28T13:58:00+07:00","โอนงานสิ้นวัน","ไม่สามารถเข้าส่งได้ น้ำท่วมสูงในพื้นที่","16103","เสาร์","B2C","สาขากรุงเทพกรีฑา","52 ซ.ลาดพร้าว 80 แยก 20 ถ.ลาดพร้าว แขวงวังทองหลาง เขตวังทองหลาง จ.กรุงเทพฯ 10310","13.783078333333332,100.60159333333334",13.783078333333332,100.60159333333334,"วังทองหลาง","รอน้ำลด","","ยังส่งไม่ได้",true,"จิรวัฒน์ สัยนิถี","28/09/2026","ผู้ทำรายการ:จิรวัฒน์ สัยนิถี;โอนงานมาจากวันที่:28/09/2026"
1418,"227557","โวเอเจอร์ เทรดดิ้ง จำกัด","2026-09-28T13:08:00+07:00","ปกติ","ไม่สามารถเข้าส่งได้ เกิดข้อผิดพลาด (เลื่อนวันที่ส่ง)","16205","จันทร์","B2B","สาขากรุงเทพกรีฑา","877/4 เนอวานา แอทเวิร์ค พระราม 9 ถ.พระราม 9 ซ.41 แขวงสวนหลวง เขตสวนหลวง จ.กรุงเทพฯ 10250","13.743865000000001,100.61655333333334",13.743865000000001,100.61655333333334,"สวนหลวง","รอน้ำลด","","ยังส่งไม่ได้",false,"","",""
1419,"227726","วิรินจ์","2026-09-28T14:21:00+07:00","เสริมน้ำ นอกรอบ","ไม่สามารถเข้าส่งได้ น้ำท่วมสูงในพื้นที่","16206","ศุกร์","B2C","สาขากรุงเทพกรีฑา","432/89 ไฮ คอนโด ลาดพร้าว 130 อาคาร 1 ชั้น 7 ห้อง 89 ซ.ลาดพร้าว 130  แขวงคลองจั่น เขตบางกะปิ จ.กรุงเทพฯ 10240","13.771307733333334,100.63211626666667",13.771307733333334,100.63211626666667,"บางกะปิ","รอน้ำลด","","ยังส่งไม่ได้",false,"","",""
1420,"228180","อรปรียา โจว","2026-09-28T13:30:00+07:00","ปกติ","ไม่สามารถเข้าส่งได้ น้ำท่วมสูงในพื้นที่","16307","จันทร์","B2C","สาขากรุงเทพกรีฑา","12 บ้านพรสถิตย์ ซ.รามคำแหง 118 แยก 33 ถ.รามคำแหง แขวงสะพานสูง เขตสะพานสูง จ.กรุงเทพฯ 10240","13.768391666666666,100.69054833333333",13.768391666666666,100.69054833333333,"สะพานสูง","รอน้ำลด","","ยังส่งไม่ได้",false,"","",""
1421,"228452","จิรภัค","2026-09-28T13:05:00+07:00","ปกติ","ไม่สามารถเข้าส่งได้ น้ำท่วมสูงในพื้นที่","16303","จันทร์","B2C","สาขากรุงเทพกรีฑา","10 ซ.รามคำแหง 70 ถ.สุขาภิบาล 3 แขวงหัวหมาก เขตบางกะปิ จ.กรุงเทพฯ 10240","13.767148333333333,100.65848833333332",13.767148333333333,100.65848833333332,"บางกะปิ","รอน้ำลด","","ยังส่งไม่ได้",false,"","",""
1422,"228555","ฐิติกร","2026-09-28T14:18:00+07:00","โอนงานสิ้นวัน","ไม่สามารถเข้าส่งได้ น้ำท่วมสูงในพื้นที่","16206","เสาร์","B2C","สาขากรุงเทพกรีฑา","2/100 B.R. Condo ซอยลาดพร้าว 142  แขวงคลองจั่น เขตบางกะปิ จ.กรุงเทพฯ 10240","13.768758333333334,100.63867",13.768758333333334,100.63867,"บางกะปิ","รอน้ำลด","","ยังส่งไม่ได้",true,"จิรวัฒน์ สัยนิถี","28/09/2026","ผู้ทำรายการ:จิรวัฒน์ สัยนิถี;โอนงานมาจากวันที่:28/09/2026"
1423,"228670","อลิสา","2026-09-28T13:28:00+07:00","โอนงานสิ้นวัน","ไม่สามารถเข้าส่งได้ น้ำท่วมสูงในพื้นที่","16106","เสาร์","B2C","สาขากรุงเทพกรีฑา","577/6 ซ.ลาดพร้าว 64 (เกตุนุติ) ถ.ลาดพร้าว แขวงวังทองหลาง เขตวังทองหลาง จ.กรุงเทพฯ 10310","13.785266666666667,100.59639999999999",13.785266666666667,100.59639999999999,"วังทองหลาง","รอน้ำลด","","ยังส่งไม่ได้",true,"สถาพร นนท์เข็มพรหม","26/09/2026","ผู้ทำรายการ:สถาพร นนท์เข็มพรหม;โอนงานมาจากวันที่:26/09/2026"
1424,"229023","ช่อผกา","2026-09-28T12:04:00+07:00","เสริมน้ำ นอกรอบ","ไม่สามารถเข้าส่งได้ น้ำท่วมสูงในพื้นที่","16203","เสาร์","B2C","สาขากรุงเทพกรีฑา","460/261 คอนโด นิช โมโน รามคำแหง ตึกบีเอ ห้อง 261 ชั้น 17  แขวงหัวหมาก เขตบางกะปิ จ.กรุงเทพฯ 10240","13.7601327,100.6373778",13.7601327,100.6373778,"บางกะปิ","รอน้ำลด","","ยังส่งไม่ได้",false,"","",""
1425,"229707","อมรณัณท์","2026-09-28T13:53:00+07:00","เสริมน้ำ ตรงรอบ","ไม่สามารถเข้าส่งได้ น้ำท่วมสูงในพื้นที่","16103","จันทร์","B2C","สาขากรุงเทพกรีฑา","188/229 หมู่บ้าน 84 แมนชั่น ซ.ลาดพร้าว 84 (สังคมสงเคราะห์ใต้ 1) แขวงวังทองหลาง เขตวังทองหลาง จ.กรุงเทพฯ 10310","13.778101666666664,100.60512166666668",13.778101666666664,100.60512166666668,"วังทองหลาง","รอน้ำลด","","ยังส่งไม่ได้",false,"","",""
1426,"229772","สิทธิชัย","2026-09-28T13:03:00+07:00","ปกติ","ไม่สามารถเข้าส่งได้ น้ำท่วมสูงในพื้นที่","16303","จันทร์","B2C","สาขากรุงเทพกรีฑา","8/804 ตึก G พลัมคอนโด รามคำแหง 60 สเตชั่น ซ.รามคำแหง 60 แขวงหัวหมาก เขตบางกะปิ จ.กรุงเทพฯ 10240","13.760126666666668,100.64920333333333",13.760126666666668,100.64920333333333,"บางกะปิ","รอน้ำลด","","ยังส่งไม่ได้",false,"","",""
1427,"23000/1","สมาคมฟ้าสีรุ้งแห่งประเทศไทย","2026-09-28T12:58:00+07:00","ปกติ","ไม่สามารถเข้าส่งได้ น้ำท่วมสูงในพื้นที่","16302","จันทร์","B2B","สาขากรุงเทพกรีฑา","เลขที่ 1 และ 3 ซ.รามคำแหง 97/2 ถ.รามคำแหง  แขวงหัวหมาก เขตบางกะปิ จ.กรุงเทพฯ 10240","13.763720000000001,100.64884833333332",13.763720000000001,100.64884833333332,"บางกะปิ","รอน้ำลด","","ยังส่งไม่ได้",false,"","",""
1428,"230069","สิเนรุ ครีเอทีฟ จำกัด","2026-09-28T12:08:00+07:00","ตามน้ำ","ไม่สามารถเข้าส่งได้ เกิดข้อผิดพลาด (เลื่อนวันที่ส่ง)","16203","เสาร์","B2B","สาขากรุงเทพกรีฑา","นิชโมโน รามคำแหง เลขที่ 460/1658 4FL อาคารE ถ.รามคำแหง แขวงหัวหมาก เขตบางกะปิ จ.กรุงเทพฯ 10240","13.756623333333334,100.63775333333334",13.756623333333334,100.63775333333334,"บางกะปิ","รอน้ำลด","","ยังส่งไม่ได้",false,"","",""
1429,"230145","ธนาคาร ออมสิน สาขาสัมมากรเพลส รามคำแหง 110","2026-09-28T13:23:00+07:00","ปกติ","ไม่สามารถเข้าส่งได้ น้ำท่วมสูงในพื้นที่","16301","จันทร์","B2B","สาขากรุงเทพกรีฑา","86/1 ศูนย์การค้าสัมมากรเพลส ชั้น 2 ธนาคารออมสิน ถ.รามคำแหง 110 แขวงสะพานสูง เขตสะพานสูง จ.กรุงเทพฯ 10240","13.776568333333334,100.67316666666666",13.776568333333334,100.67316666666666,"สะพานสูง","รอน้ำลด","","ยังส่งไม่ได้",false,"","",""
1430,"230558","ประดิษฐ์","2026-09-28T12:59:00+07:00","โอนงานสิ้นวัน","ไม่สามารถเข้าส่งได้ น้ำท่วมสูงในพื้นที่","16205","เสาร์","B2C","สาขากรุงเทพกรีฑา","36 ซ.รามคำแหง 52/2 (สินเศรษฐี) ถ.รามคำแหง แขวงหัวหมาก เขตบางกะปิ จ.กรุงเทพฯ 10240","13.760223333333332,100.64426",13.760223333333332,100.64426,"บางกะปิ","รอน้ำลด","","ยังส่งไม่ได้",true,"วีรวัฒน์ อุดมทรัพย์","28/09/2026","ผู้ทำรายการ:วีรวัฒน์ อุดมทรัพย์;โอนงานมาจากวันที่:28/09/2026"
1431,"231381","เจนธนิต เจนนพกาญจน์","2026-09-28T13:03:00+07:00","ปกติ","ไม่สามารถเข้าส่งได้ น้ำท่วมสูงในพื้นที่","16303","จันทร์","B2C","สาขากรุงเทพกรีฑา","1056/103 หมู่บ้าน คาซ่า ซิตี้ รามคำแหง ถ.รามคำแหง แขวงหัวหมาก เขตบางกะปิ จ.กรุงเทพฯ 10240","13.768253333333332,100.66391666666665",13.768253333333332,100.66391666666665,"บางกะปิ","รอน้ำลด","","ยังส่งไม่ได้",false,"","",""
1432,"231391","สุรวดี ภัทรพิทยาสิน","2026-09-28T14:25:00+07:00","โอนงานสิ้นวัน","ไม่สามารถเข้าส่งได้ น้ำท่วมสูงในพื้นที่","16206","เสาร์","B2C","สาขากรุงเทพกรีฑา","781/2 เอช.อาร์.เรซิเดนซ์ ตึกดี ชั้น 1 ถ.นวมินทร์  แขวงคลองจั่น เขตบางกะปิ จ.กรุงเทพฯ 10240","13.774126666666666,100.64336999999999",13.774126666666666,100.64336999999999,"บางกะปิ","รอน้ำลด","","ยังส่งไม่ได้",true,"จิรวัฒน์ สัยนิถี","28/09/2026","ผู้ทำรายการ:จิรวัฒน์ สัยนิถี;โอนงานมาจากวันที่:28/09/2026"
1433,"232154","อารียา","2026-09-28T12:48:00+07:00","ปกติ","ไม่สามารถเข้าส่งได้ น้ำท่วมสูงในพื้นที่","16201","จันทร์","B2C","สาขากรุงเทพกรีฑา","328/48 หมู่บ้านมนตรีทาวส์โฮม ซ.ลาดพร้าว87 แยก10 ถ.ลาดพร้าว  แขวงคลองเจ้าคุณสิงห์ เขตวังทองหลาง จ.กรุงเทพฯ 10310","13.791126666666665,100.62020333333334",13.791126666666665,100.62020333333334,"วังทองหลาง","รอน้ำลด","","ยังส่งไม่ได้",false,"","",""
1434,"232485","กองเพชร เจริญศรี","2026-09-28T11:54:00+07:00","ปกติ","ไม่สามารถเข้าส่งได้ น้ำท่วมสูงในพื้นที่","16203","จันทร์","B2C","สาขากรุงเทพกรีฑา"," คอนโดเดอะเบสพระราม9 เลขที่ 3 ห้อง 226 ชั้น 11 ถ.รามคำแหง  แขวงหัวหมาก เขตบางกะปิ จ.กรุงเทพฯ 10240","13.748389999999999,100.60646333333334",13.748389999999999,100.60646333333334,"บางกะปิ","รอน้ำลด","","ยังส่งไม่ได้",false,"","",""
1435,"232638","กรรณิการ์","2026-09-28T13:59:00+07:00","โอนงานสิ้นวัน","ไม่สามารถเข้าส่งได้ น้ำท่วมสูงในพื้นที่","16103","เสาร์","B2C","สาขากรุงเทพกรีฑา","98/199 บ้านกลางเมือง-พระรามเก้า-รามคำแหง39 ซ.9 แขวงพลับพลา เขตวังทองหลาง จ.กรุงเทพฯ 10310","13.762116666666667,100.61222333333332",13.762116666666667,100.61222333333332,"วังทองหลาง","รอน้ำลด","","ยังส่งไม่ได้",true,"วีรวัฒน์ อุดมทรัพย์","28/09/2026","ผู้ทำรายการ:วีรวัฒน์ อุดมทรัพย์;โอนงานมาจากวันที่:28/09/2026"
1436,"232690","กันยกร ฤดีทองทวี","2026-09-28T16:56:00+07:00","โอนงานสิ้นวัน","ไม่สามารถเข้าส่งได้ น้ำท่วมสูงในพื้นที่","16107","เสาร์","B2C","สาขากรุงเทพกรีฑา","587/19 ซิตี้โฮมรัชดาภิเษก อาคาร ไอ3 ชั้น 2 ห้อง 587/19 ซ.ประชาสันติ ถ.รัชดาภิเษก แขวงห้วยขวาง เขตห้วยขวาง จ.กรุงเทพฯ 10310","13.770331666666667,100.57553833333334",13.770331666666667,100.57553833333334,"ห้วยขวาง","รอน้ำลด","","ยังส่งไม่ได้",true,"วุฒิชัย จีปน","26/09/2026","ผู้ทำรายการ:วุฒิชัย จีปน;โอนงานมาจากวันที่:26/09/2026"
1437,"233795/1","มหาเสียง จำกัด","2026-09-28T14:10:00+07:00","ปกติ","ไม่สามารถเข้าส่งได้ น้ำท่วมสูงในพื้นที่","16206","จันทร์","B2B","สาขากรุงเทพกรีฑา","525/44 หมู่บ้านสราญพฤกษ์ ซ.ลาดพร้าว 126 ถ.ลาดพร้าว  แขวงวังทองหลาง เขตวังทองหลาง จ.กรุงเทพฯ 10310","13.767165,100.62825",13.767165,100.62825,"วังทองหลาง","รอน้ำลด","","ยังส่งไม่ได้",false,"","",""
1438,"234089","ณัฐพร","2026-09-28T12:35:00+07:00","โอนงานสิ้นวัน","ไม่สามารถเข้าส่งได้ เกิดข้อผิดพลาด (เลื่อนวันที่ส่ง)","16201","เสาร์","B2C","สาขากรุงเทพกรีฑา","595/14 ซ.ลาดพร้าว87 แยก 19 ถ.ลาดพร้าว แขวงคลองเจ้าคุณสิงห์ เขตวังทองหลาง จ.กรุงเทพฯ 10310","13.798038333333333,100.61855333333332",13.798038333333333,100.61855333333332,"วังทองหลาง","รอน้ำลด","","ยังส่งไม่ได้",true,"สถาพร นนท์เข็มพรหม","26/09/2026","ผู้ทำรายการ:สถาพร นนท์เข็มพรหม;โอนงานมาจากวันที่:26/09/2026"
1439,"234116","GRACE","2026-09-28T16:36:00+07:00","เสริมน้ำทั้งคัน","ไม่สามารถเข้าส่งได้ น้ำท่วมสูงในพื้นที่","16206","เสาร์","B2C","สาขากรุงเทพกรีฑา","CITY HOME RATCHADAPISEK 10, BUILDING I3,ROOM 587/160, RATCHADAPISEK ROAD,  HUAI KHWANG HUAI KHWANG BANGKOK 10310","13.770565,100.57551166666666",13.770565,100.57551166666666,"","รอน้ำลด","","ยังส่งไม่ได้",false,"","",""
1440,"234284","วิภาดา","2026-09-28T12:10:00+07:00","โอนงานสิ้นวัน","ไม่สามารถเข้าส่งได้ น้ำท่วมสูงในพื้นที่","16203","เสาร์","B2C","สาขากรุงเทพกรีฑา","460/828 นิชโมโนรามคำแหง อาคาร BB อาคาร2 ถ.รามคำแหง แขวงหัวหมาก เขตบางกะปิ จ.กรุงเทพฯ 10240","13.758935000000001,100.63745166666668",13.758935000000001,100.63745166666668,"บางกะปิ","รอน้ำลด","","ยังส่งไม่ได้",true,"วีรวัฒน์ อุดมทรัพย์","28/09/2026","ผู้ทำรายการ:วีรวัฒน์ อุดมทรัพย์;โอนงานมาจากวันที่:28/09/2026"
1441,"23435/16","กสิกรไทย จำกัด (มหาชน) สาขาเพียวเพลส รามคำแหง 110","2026-09-28T13:22:00+07:00","ปกติ","ไม่สามารถเข้าส่งได้ น้ำท่วมสูงในพื้นที่","16301","จันทร์","B2B","สาขากรุงเทพกรีฑา","86/1 ศูนย์การค้าเพียวเพลส สาขา รามคำแหง 110 ชั้น 2 ห้อง B210 เขตสะพานสูง แขวงสะพานสูง กรุงเทพฯ 10240","13.7764677,100.6732587",13.7764677,100.6732587,"สะพานสูง","รอน้ำลด","","ยังส่งไม่ได้",false,"","",""
1442,"235175/1","หฤษฎ์","2026-09-28T12:37:00+07:00","ปกติ","ไม่สามารถเข้าส่งได้ น้ำท่วมสูงในพื้นที่","16306","จันทร์","B2C","สาขากรุงเทพกรีฑา","23/67 หมู่บ้านบัวขาว ซ.17 ซ.รามคำแหง 174 ถ.สุขาภิบาล 3 แขวงมีนบุรี เขตมีนบุรี จ.กรุงเทพฯ 10510","13.789475000000001,100.71812166666665",13.789475000000001,100.71812166666665,"มีนบุรี","รอน้ำลด","","ยังส่งไม่ได้",false,"","",""
1443,"235316","สิรปภา","2026-09-28T11:14:00+07:00","โอนงานสิ้นวัน","ไม่สามารถเข้าส่งได้ น้ำท่วมสูงในพื้นที่","16304","เสาร์","B2C","สาขากรุงเทพกรีฑา","12/150 หมู่บ้าน เนอวานาพระราม9 ถ.กรุงเทพกรีฑา 32 แขวงทับช้าง เขตสะพานสูง จ.กรุงเทพฯ 10250","13.737003333333332,100.68924999999999",13.737003333333332,100.68924999999999,"สะพานสูง","รอน้ำลด","","ยังส่งไม่ได้",true,"สถาพร นนท์เข็มพรหม","26/09/2026","ผู้ทำรายการ:สถาพร นนท์เข็มพรหม;โอนงานมาจากวันที่:26/09/2026"
1444,"235346","สิรวิชญ์","2026-09-28T13:16:00+07:00","ปกติ","ไม่สามารถเข้าส่งได้ น้ำท่วมสูงในพื้นที่","16303","จันทร์","B2C","สาขากรุงเทพกรีฑา","301/972 หมู่บ้านกิตตินิเวศน์ ซ.24 แยก 1 ซ.รามคำแหง 68 แขวงหัวหมาก เขตบางกะปิ กรุงเทพมหานคร 10240","13.760606666666668,100.66870666666667",13.760606666666668,100.66870666666667,"บางกะปิ","รอน้ำลด","","ยังส่งไม่ได้",false,"","",""
1445,"235361","สิริมณี","2026-09-28T13:01:00+07:00","ปกติ","ไม่สามารถเข้าส่งได้ น้ำท่วมสูงในพื้นที่","16204","จันทร์","B2C","สาขากรุงเทพกรีฑา","787/101 แฮปปี้ คอนโด ลาดพร้าว 101 ถ.ลาดพร้าว  แขวงคลองเจ้าคุณสิงห์ เขตวังทองหลาง จ.กรุงเทพฯ 10310","13.787980000000001,100.62776666666666",13.787980000000001,100.62776666666666,"วังทองหลาง","รอน้ำลด","","ยังส่งไม่ได้",false,"","",""
1446,"235368","กรีน เดเสิร์ท จำกัด","2026-09-28T12:49:00+07:00","ปกติ","ไม่สามารถเข้าส่งได้ น้ำท่วมสูงในพื้นที่","16201","จันทร์","B2B","สาขากรุงเทพกรีฑา","318/145 ซ.ลาดพร้าว 87 (จันทราสุข)  แขวงคลองเจ้าคุณสิงห์ เขตวังทองหลาง จ.กรุงเทพฯ 10310","13.790543333333336,100.62127333333335",13.790543333333336,100.62127333333335,"วังทองหลาง","รอน้ำลด","","ยังส่งไม่ได้",false,"","",""
1447,"235429","TESLA (THAILAND) CO.,LTD.","2026-09-28T12:35:00+07:00","ปกติ","ไม่สามารถเข้าส่งได้ น้ำท่วมสูงในพื้นที่","16303","จันทร์, ศุกร์","B2B","สาขากรุงเทพกรีฑา","7/2-7 TESLA THE PASEO TOWN RAMKHAMHAENG,  SAPAN SUNG SAPHAN SUNG BANGKOK 10240","13.774573333333334,100.66769666666666",13.774573333333334,100.66769666666666,"","รอน้ำลด","","ยังส่งไม่ได้",false,"","",""
1448,"235452","โสภาพรรณ","2026-09-28T14:08:00+07:00","ปกติ","ไม่สามารถเข้าส่งได้ เกิดข้อผิดพลาด (เลื่อนวันที่ส่ง)","16206","จันทร์","B2C","สาขากรุงเทพกรีฑา","529/41 หมู่บ้าน อารียา บุษบา ลาดพร้าว 130 แขวงพลับพลา เขตวังทองหลาง จ.กรุงเทพฯ 10310","13.765878333333335,100.62892333333333",13.765878333333335,100.62892333333333,"วังทองหลาง","รอน้ำลด","","ยังส่งไม่ได้",false,"","",""
1449,"23610","อีดีพลัส เทคโนโลยี จำกัด","2026-09-28T12:51:00+07:00","ปกติ","ไม่สามารถเข้าส่งได้ น้ำท่วมสูงในพื้นที่","16204","จันทร์","B2B","สาขากรุงเทพกรีฑา","11 ซ.โพธิ์แก้ว3 แยก1 แขวงคลองจั่น เขตบางกะปิ กรุงเทพ 10240","13.7991921,100.6323755",13.7991921,100.6323755,"บางกะปิ","รอน้ำลด","","ยังส่งไม่ได้",false,"","",""
1450,"236113","ZHANG","2026-09-28T13:59:00+07:00","โอนงานสิ้นวัน","ไม่สามารถเข้าส่งได้ น้ำท่วมสูงในพื้นที่","16103","เสาร์","B2C","สาขากรุงเทพกรีฑา","98/345 หมู่บ้าน กลางเมืองพระรามเก้า-รามคำแหง ซ.รามคำแหง39 ถ.รามคำแหง  แขวงพลับพลา เขตวังทองหลาง กรุงเทพฯ 10310","13.762411666666667,100.61150666666666",13.762411666666667,100.61150666666666,"วังทองหลาง","รอน้ำลด","","ยังส่งไม่ได้",true,"วีรวัฒน์ อุดมทรัพย์","28/09/2026","ผู้ทำรายการ:วีรวัฒน์ อุดมทรัพย์;โอนงานมาจากวันที่:28/09/2026"
1451,"236113/1","ZHANG JRANG","2026-09-28T13:59:00+07:00","โอนงานสิ้นวัน","ไม่สามารถเข้าส่งได้ น้ำท่วมสูงในพื้นที่","16103","เสาร์","B2C","สาขากรุงเทพกรีฑา"," 98/342 หมู่บ้าน กลางเมืองพระรามเก้า-รามคำแหง ซ.รามคำแหง39 ถ.รามคำแหง แขวงพลับพลา เขตวังทองหลาง จ.กรุงเทพฯ 10310","13.762360000000001,100.61155166666667",13.762360000000001,100.61155166666667,"วังทองหลาง","รอน้ำลด","","ยังส่งไม่ได้",true,"วุฒิชัย จีปน","26/09/2026","ผู้ทำรายการ:วุฒิชัย จีปน;โอนงานมาจากวันที่:26/09/2026"
1452,"236317","แอลดีไอ เอ็นเตอร์ไพรส์ (ไทยแลนด์) จำกัด","2026-09-28T17:05:00+07:00","ปกติ","ไม่สามารถเข้าส่งได้ น้ำท่วมสูงในพื้นที่","16107","จันทร์","B2B","สาขากรุงเทพกรีฑา","202 อาคารจูบิลี่ เพรสทีจ ทาวน์เวอร์ ชั้น 9 ห้อง 902 ถ.รัชดาภิเษก  แขวงห้วยขวาง เขตห้วยขวาง จ.กรุงเทพฯ 10310","13.77577,100.57387833333333",13.77577,100.57387833333333,"ห้วยขวาง","รอน้ำลด","","ยังส่งไม่ได้",false,"","",""
1453,"237569/1","เสาวนีย์ กมลเลิศสกุล","2026-09-28T14:18:00+07:00","โอนงานสิ้นวัน","ไม่สามารถเข้าส่งได้ น้ำท่วมสูงในพื้นที่","16206","เสาร์","B2C","สาขากรุงเทพกรีฑา","3073/41 คอนโดลุมพินีเซ็นเตอร์ อาคาร E ชั้น 4 ห้อง 413 ซ.อยู่เย็น ถ.ลาดพร้าว 111 แขวงคลองจั่น เขตบางกะปิ จ.กรุงเทพฯ 10240","13.7718466,100.637672",13.7718466,100.637672,"บางกะปิ","รอน้ำลด","","ยังส่งไม่ได้",true,"สถาพร นนท์เข็มพรหม","26/09/2026","ผู้ทำรายการ:สถาพร นนท์เข็มพรหม;โอนงานมาจากวันที่:26/09/2026"
1454,"237964/1","แคปปาป้า กรุ้ป","2026-09-28T13:06:00+07:00","ปกติ","ไม่สามารถเข้าส่งได้ น้ำท่วมสูงในพื้นที่","16204","จันทร์","B2B","สาขากรุงเทพกรีฑา","โกดังเลขที่ 39 โพธิ์แก้ว 3 แยก6 แขวงคลองจั่น เขตบางกะปิ จ.กรุงเทพฯ 10240","13.801424999999998,100.63431999999999",13.801424999999998,100.63431999999999,"บางกะปิ","รอน้ำลด","","ยังส่งไม่ได้",false,"","",""
1455,"238563","CHARLEY GABON","2026-09-28T13:01:00+07:00","ปกติ","ไม่สามารถเข้าส่งได้ น้ำท่วมสูงในพื้นที่","16303","จันทร์","B2C","สาขากรุงเทพกรีฑา","1056/95, CASA CITY VILLAGE, RAMKHAMHAENG ROAD, HUA MAK BANG KAPI BANGKOK 10240","13.768696666666665,100.66384166666667",13.768696666666665,100.66384166666667,"","รอน้ำลด","","ยังส่งไม่ได้",false,"","",""
1456,"238574","นิว เอ็น.เอ็น.เอ็น. จำกัด","2026-09-28T12:48:00+07:00","ปกติ","ไม่สามารถเข้าส่งได้ น้ำท่วมสูงในพื้นที่","16306","จันทร์","B2B","สาขากรุงเทพกรีฑา"," 1 โรงแรม THE RAM HOTEL ซ.รามคำแหง 164 ถ.รามคำแหง แขวงมีนบุรี เขตมีนบุรี จ.กรุงเทพฯ 10510","13.795698333333332,100.70968166666668",13.795698333333332,100.70968166666668,"มีนบุรี","รอน้ำลด","","ยังส่งไม่ได้",false,"","",""
1457,"238734","รักษ์สุดา","2026-09-28T14:26:00+07:00","โอนงานสิ้นวัน","ไม่สามารถเข้าส่งได้ น้ำท่วมสูงในพื้นที่","16206","เสาร์","B2C","สาขากรุงเทพกรีฑา","คอนโดลุมพินีเซ็นเตอร์แฮปปี้แลนด์ ตึก D.1 ชั้น 7 ห้อง 333/166 แขวงคลองจั่น เขตบางกะปิ จ.กรุงเทพฯ 10240","13.774191666666665,100.64126499999999",13.774191666666665,100.64126499999999,"บางกะปิ","รอน้ำลด","","ยังส่งไม่ได้",true,"จิรวัฒน์ สัยนิถี","28/09/2026","ผู้ทำรายการ:จิรวัฒน์ สัยนิถี;โอนงานมาจากวันที่:28/09/2026"
1458,"238831","ไอเบอร์รี่ โฮมเมด จำกัด","2026-09-28T11:54:00+07:00","ปกติ","ไม่สามารถเข้าส่งได้ เกิดข้อผิดพลาด (เลื่อนวันที่ส่ง)","16203","จันทร์","B2B","สาขากรุงเทพกรีฑา","4 ซ.รามคำแหง 16 ถ.รามคำแหง แขวงหัวหมาก เขตบางกะปิ จ.กรุงเทพฯ 10240","13.753135000000002,100.61231166666667",13.753135000000002,100.61231166666667,"บางกะปิ","รอน้ำลด","","ยังส่งไม่ได้",false,"","",""
1459,"239265","คัยโกเรียลไทม์ จำกัด","2026-09-28T14:26:00+07:00","โอนงานสิ้นวัน","ไม่สามารถเข้าส่งได้ น้ำท่วมสูงในพื้นที่","16206","เสาร์","B2B","สาขากรุงเทพกรีฑา","คลินิค คัยโกเรียลไทม์ จำกัด เลขที่ 18 ศูนย์การค้า แฮปปี้แลนด์ 2   แขวงคลองจั่น เขตบางกะปิ จ.กรุงเทพฯ 10240","13.767768333333333,100.64285833333334",13.767768333333333,100.64285833333334,"บางกะปิ","รอน้ำลด","","ยังส่งไม่ได้",true,"ฤทธิศักดิ์ สระเงินสิงห์","28/09/2026","ผู้ทำรายการ:ฤทธิศักดิ์ สระเงินสิงห์;โอนงานมาจากวันที่:28/09/2026"
1460,"239427","HUI","2026-09-28T12:32:00+07:00","ตามน้ำ","ไม่สามารถเข้าส่งได้ น้ำท่วมสูงในพื้นที่","16306","จันทร์","B2C","สาขากรุงเทพกรีฑา","48/270 THE VILLA RAMKHAMHEANG, SOI RAMKHAMHEANG 174 MIN BURI MIN BURI BANGKOK 10510","13.788866666666669,100.71869833333334",13.788866666666669,100.71869833333334,"","รอน้ำลด","","ยังส่งไม่ได้",false,"","",""
1461,"239449","นาโกโอะ","2026-09-28T12:11:00+07:00","โอนงานสิ้นวัน","ไม่สามารถเข้าส่งได้ น้ำท่วมสูงในพื้นที่","16203","เสาร์","B2C","สาขากรุงเทพกรีฑา","460/1310 นิช โมโน รามคำแหง ตึก B ถ.รามคำแหง ซ.รามคำแหง 36  แขวงหัวหมาก เขตบางกะปิ จ.กรุงเทพฯ 10240","13.758656666666665,100.63761000000001",13.758656666666665,100.63761000000001,"บางกะปิ","รอน้ำลด","","ยังส่งไม่ได้",true,"วุฒิชัย จีปน","26/09/2026","ผู้ทำรายการ:วุฒิชัย จีปน;โอนงานมาจากวันที่:26/09/2026"
1462,"239500","ไอเดีย พาเล็ท จำกัด","2026-09-28T10:25:00+07:00","ปกติ","ไม่สามารถเข้าส่งได้ น้ำท่วมสูงในพื้นที่","16304","จันทร์","B2B","สาขากรุงเทพกรีฑา","14 ซ.กรุงเทพกรีฑา 37  แขวงทับช้าง เขตสะพานสูง กรุงเทพฯ 10250","13.747876666666665,100.68489166666669",13.747876666666665,100.68489166666669,"สะพานสูง","รอน้ำลด","","ยังส่งไม่ได้",false,"","",""
1463,"239577","CHEN YANLING","2026-09-28T12:40:00+07:00","ปกติ","ไม่สามารถเข้าส่งได้ น้ำท่วมสูงในพื้นที่","16303","จันทร์","B2C","สาขากรุงเทพกรีฑา","79/47 BAAN PATTRA RAMKHAMHAENG 76 RAMKHAMHAENG RD., HUA MAK BANG KAPI BANGKOK 10240","13.764728333333334,100.66523833333333",13.764728333333334,100.66523833333333,"","รอน้ำลด","","ยังส่งไม่ได้",false,"","",""
1464,"239690","NAY LINN OO","2026-09-28T13:26:00+07:00","เสริมน้ำ ตรงรอบ","ไม่สามารถเข้าส่งได้ น้ำท่วมสูงในพื้นที่","16303","จันทร์","B2C","สาขากรุงเทพกรีฑา","1056/62, CASA CITY RAMKHAMHAENG VILLAGE, RAMKHAMHAENG ROAD,   HUA MAK,  BANG KAPI, BANGKOK, 10240","13.770313333333336,100.66301166666666",13.770313333333336,100.66301166666666,"","รอน้ำลด","","ยังส่งไม่ได้",false,"","",""
1465,"239793","ชาริณี เศวตไพบูลย์","2026-09-28T11:50:00+07:00","ปกติ","ไม่สามารถเข้าส่งได้ น้ำท่วมสูงในพื้นที่","16307","จันทร์","B2C","สาขากรุงเทพกรีฑา","59/42 หมู่บ้านโฮมเพลส ซ.2 ซ.รามคำเเหง 140   แขวงสะพานสูง เขตสะพานสูง จ.กรุงเทพฯ 10240","13.781676666666666,100.69117333333334",13.781676666666666,100.69117333333334,"สะพานสูง","รอน้ำลด","","ยังส่งไม่ได้",false,"","",""
1466,"23992","สมพงษ์ จารุวิจิตรรัตนา","2026-09-28T12:39:00+07:00","ปกติ","ไม่สามารถเข้าส่งได้ น้ำท่วมสูงในพื้นที่","16201","จันทร์","B2C","สาขากรุงเทพกรีฑา","635 ซ.แหลมทอง ลาดพร้าว 73 แขวงวังทองหลาง เขตวังทองหลาง กรุงเทพฯ 10310","13.7921003,100.6093898",13.7921003,100.6093898,"วังทองหลาง","รอน้ำลด","","ยังส่งไม่ได้",false,"","",""
1467,"24020/1","ภัคภร รภัสเรืองกุล","2026-09-28T13:05:00+07:00","ปกติ","ไม่สามารถเข้าส่งได้ น้ำท่วมสูงในพื้นที่","16303","จันทร์","B2C","สาขากรุงเทพกรีฑา","50 ซ.รามคำแหง 72 แยก 1 ถ.รามคำแหง แขวงหัวหมาก เขตบางกะปิ กรุงเทพฯ 10240","13.76747161,100.66011287",13.76747161,100.66011287,"บางกะปิ","รอน้ำลด","","ยังส่งไม่ได้",false,"","",""
1468,"241313","สุฑามาส","2026-09-28T12:59:00+07:00","โอนงานสิ้นวัน","ไม่สามารถเข้าส่งได้ เกิดข้อผิดพลาด (เลื่อนวันที่ส่ง)","16205","เสาร์","B2C","สาขากรุงเทพกรีฑา","165/44 THE 1PLUS D CONDO อาคาร เอ ชั้น 4 ซ. รามคำแหง 42 ถ.รามคำแหง แขวงหัวหมาก เขตบางกะปิ จ.กรุงเทพฯ 10240","13.753375000000002,100.64034333333332",13.753375000000002,100.64034333333332,"บางกะปิ","รอน้ำลด","","ยังส่งไม่ได้",true,"สถาพร นนท์เข็มพรหม","26/09/2026","ผู้ทำรายการ:สถาพร นนท์เข็มพรหม;โอนงานมาจากวันที่:26/09/2026"
1469,"241893","เอส.ดี. เอ็นจิเนียริ่ง แอนด์ คอนสตรัคชั่น จำกัด","2026-09-28T14:09:00+07:00","ปกติ","ไม่สามารถเข้าส่งได้ น้ำท่วมสูงในพื้นที่","16206","จันทร์","B2B","สาขากรุงเทพกรีฑา","155/1 ซ.ลาดพร้าว130 (มหาดไทย 2) แขวงคลองจั่น เขตบางกะปิ กรุงเทพฯ 10240","13.769162983333334,100.63361466666666",13.769162983333334,100.63361466666666,"บางกะปิ","รอน้ำลด","","ยังส่งไม่ได้",false,"","",""
1470,"242122","ธีระพงศ์ หมู่ไพบูลย์","2026-09-28T12:36:00+07:00","โอนงานสิ้นวัน","ไม่สามารถเข้าส่งได้ น้ำท่วมสูงในพื้นที่","16201","เสาร์","B2C","สาขากรุงเทพกรีฑา","604/31 เคหทิพย์ ซ.ลาดพร้าว 87 ถ.ลาดพร้าว แขวงคลองจั่น เขตบางกะปิ จ.กรุงเทพฯ 10240","13.801951666666666,100.62164166666668",13.801951666666666,100.62164166666668,"บางกะปิ","รอน้ำลด","","ยังส่งไม่ได้",true,"วีรวัฒน์ อุดมทรัพย์","28/09/2026","ผู้ทำรายการ:วีรวัฒน์ อุดมทรัพย์;โอนงานมาจากวันที่:28/09/2026"
1471,"242810","ปองกูล24 จำกัด","2026-09-28T13:24:00+07:00","ปกติ","ไม่สามารถเข้าส่งได้ น้ำท่วมสูงในพื้นที่","16307","จันทร์","B2B","สาขากรุงเทพกรีฑา","10 ซ.รามคำแหง 118 แยก 33-4 ถ.รามคำแหง แขวงสะพานสูง เขตสะพานสูง จ.กรุงเทพฯ 10240","13.7680924,100.6867298",13.7680924,100.6867298,"สะพานสูง","รอน้ำลด","","ยังส่งไม่ได้",false,"","",""
1472,"243290","เอ ทริปเปิล จอย กรุ๊ป จำกัด (สำนักงานใหญ่)","2026-09-28T11:21:00+07:00","โอนงานสิ้นวัน","ไม่สามารถเข้าส่งได้ น้ำท่วมสูงในพื้นที่","16304","พฤหัสบดี","B2B","สาขากรุงเทพกรีฑา","16 ร้าน DAWN TO DUSK ซ.กรุงเทพกรีฑา 20 แขวงทับช้าง เขตสะพานสูง จ.กรุงเทพฯ 10250","13.738995,100.68130000000001",13.738995,100.68130000000001,"สะพานสูง","รอน้ำลด","","ยังส่งไม่ได้",true,"จิรวัฒน์ สัยนิถี","28/09/2026","ผู้ทำรายการ:จิรวัฒน์ สัยนิถี;โอนงานมาจากวันที่:28/09/2026"
1473,"243543","สุวัลลี ไชยภักดี","2026-09-28T12:45:00+07:00","ปกติ","ไม่สามารถเข้าส่งได้ น้ำท่วมสูงในพื้นที่","16302","จันทร์","B2C","สาขากรุงเทพกรีฑา","300/63 พาทิโอ ถ.กรุงเทพกรีฑา แขวงหัวหมาก เขตบางกะปิ จ.กรุงเทพฯ 10240","13.741626666666665,100.65946333333335",13.741626666666665,100.65946333333335,"บางกะปิ","รอน้ำลด","","ยังส่งไม่ได้",false,"","",""
1474,"243544","โกลเด้น พริ้นเตอร์ แอนด์ ซัพพลาย จำกัด  (สำนักงานใหญ่)","2026-09-28T13:11:00+07:00","เสริมน้ำ ตรงรอบ","ไม่สามารถเข้าส่งได้ น้ำท่วมสูงในพื้นที่","16204","จันทร์","B2B","สาขากรุงเทพกรีฑา","เลขที่ 16/1 ซ.โพธิ์แก้ว 3 แยก 6/1  แขวงคลองจั่น เขตบางกะปิ จ.กรุงเทพฯ 10240","13.802305,100.63547333333332",13.802305,100.63547333333332,"บางกะปิ","รอน้ำลด","","ยังส่งไม่ได้",false,"","",""
1475,"243598","365 พรีเมียร์ เทรดดิ้ง จำกัด","2026-09-28T13:21:00+07:00","ปกติ","ไม่สามารถเข้าส่งได้ น้ำท่วมสูงในพื้นที่","16301","จันทร์","B2B","สาขากรุงเทพกรีฑา","86 สัมมากรเพลส ร้าน Moshi Optic by Sunglass 365 ชั้น 2 ห้อง D207 ถ.รามคำแหง ถ.รามคำแหง แขวงสะพานสูง เขตสะพานสูง จ.กรุงเทพฯ 10240","13.776533333333335,100.67308833333333",13.776533333333335,100.67308833333333,"สะพานสูง","รอน้ำลด","","ยังส่งไม่ได้",false,"","",""
1476,"243711","FAISAL","2026-09-28T12:11:00+07:00","โอนงานสิ้นวัน","ไม่สามารถเข้าส่งได้ น้ำท่วมสูงในพื้นที่","16203","เสาร์","B2C","สาขากรุงเทพกรีฑา","NICHE MONO RAMKHAMHAENG, BUILDING B, FLOOR 25, ROOM 1227 HUA MAK BANG KAPI BANGKOK 10240","13.758738333333334,100.63766833333332",13.758738333333334,100.63766833333332,"","รอน้ำลด","","ยังส่งไม่ได้",true,"วุฒิชัย จีปน","26/09/2026","ผู้ทำรายการ:วุฒิชัย จีปน;โอนงานมาจากวันที่:26/09/2026"
1477,"244115","จักรกฤช","2026-09-28T12:59:00+07:00","โอนงานสิ้นวัน","ไม่สามารถเข้าส่งได้ น้ำท่วมสูงในพื้นที่","16205","เสาร์","B2C","สาขากรุงเทพกรีฑา","6 ซ.รามคำแหง 50 ถ.รามคำแหง แขวงหัวหมาก เขตบางกะปิ กรุงเทพฯ 10240","13.757401666666665,100.64276833333334",13.757401666666665,100.64276833333334,"บางกะปิ","รอน้ำลด","","ยังส่งไม่ได้",true,"จิรวัฒน์ สัยนิถี","28/09/2026","ผู้ทำรายการ:จิรวัฒน์ สัยนิถี;โอนงานมาจากวันที่:28/09/2026"
1478,"244194","วันทนีย์","2026-09-28T14:00:00+07:00","โอนงานสิ้นวัน","ไม่สามารถเข้าส่งได้ เกิดข้อผิดพลาด (เลื่อนวันที่ส่ง)","16103","เสาร์","B2C","สาขากรุงเทพกรีฑา","คอนโด Commune 80 (ห้อง 501) ชั้น 5 ถนนลาดพร้าว80  แขวงวังทองหลาง เขตวังทองหลาง จ.กรุงเทพฯ 10310","13.782698333333334,100.60235666666668",13.782698333333334,100.60235666666668,"วังทองหลาง","รอน้ำลด","","ยังส่งไม่ได้",true,"สถาพร นนท์เข็มพรหม","26/09/2026","ผู้ทำรายการ:สถาพร นนท์เข็มพรหม;โอนงานมาจากวันที่:26/09/2026"
1479,"244636","ณัฐศิษฐ์ เลิศชยันตร์","2026-09-28T12:38:00+07:00","โอนงานสิ้นวัน","ไม่สามารถเข้าส่งได้ น้ำท่วมสูงในพื้นที่","16201","เสาร์","B2C","สาขากรุงเทพกรีฑา","595/11 ซ.ลาดพร้าว 87 แยก 19 ถ.ลาดพร้าว แขวงคลองเจ้าคุณสิงห์ เขตวังทองหลาง จ.กรุงเทพฯ 10310","13.79821,100.61919833333334",13.79821,100.61919833333334,"วังทองหลาง","รอน้ำลด","","ยังส่งไม่ได้",true,"ฤทธิศักดิ์ สระเงินสิงห์","28/09/2026","ผู้ทำรายการ:ฤทธิศักดิ์ สระเงินสิงห์;โอนงานมาจากวันที่:28/09/2026"
1480,"244803","SAI AUNG AUNG","2026-09-28T12:48:00+07:00","ปกติ","ไม่สามารถเข้าส่งได้ น้ำท่วมสูงในพื้นที่","16204","จันทร์","B2C","สาขากรุงเทพกรีฑา"," 36/16 3 PHOKAEW RD KHLONG CHAN BANG KAPI BANGKOK 10240","13.80513,100.63517666666667",13.80513,100.63517666666667,"","รอน้ำลด","","ยังส่งไม่ได้",false,"","",""
1481,"244981","ไค ซู","2026-09-28T14:12:00+07:00","ปกติ","ไม่สามารถเข้าส่งได้ น้ำท่วมสูงในพื้นที่","16206","จันทร์","B2C","สาขากรุงเทพกรีฑา","185/153 THE CONNECT UP 3 ซ.ลาดพร้าว126 ถ.ลาดพร้าว แขวงพลับพลา เขตวังทองหลาง กรุงเทพฯ 10310","13.769749999999998,100.62862666666666",13.769749999999998,100.62862666666666,"วังทองหลาง","รอน้ำลด","","ยังส่งไม่ได้",false,"","",""
1482,"245653","สุบิน","2026-09-28T14:00:00+07:00","โอนงานสิ้นวัน","ไม่สามารถเข้าส่งได้ น้ำท่วมสูงในพื้นที่","16103","เสาร์","B2C","สาขากรุงเทพกรีฑา","663/1 รุ่งเรืองคอนโดทาวน์ ตึก A ซ.ลาดพร้าว 80 แยก 22  แขวงวังทองหลาง เขตวังทองหลาง จ.กรุงเทพฯ 10310","13.781023333333334,100.59363499999999",13.781023333333334,100.59363499999999,"วังทองหลาง","รอน้ำลด","","ยังส่งไม่ได้",true,"จิรวัฒน์ สัยนิถี","28/09/2026","ผู้ทำรายการ:จิรวัฒน์ สัยนิถี;โอนงานมาจากวันที่:28/09/2026"
1483,"245834","อุไรวรรณ","2026-09-28T13:22:00+07:00","ปกติ","ไม่สามารถเข้าส่งได้ น้ำท่วมสูงในพื้นที่","16307","จันทร์","B2C","สาขากรุงเทพกรีฑา","สำนักงานเขตสะพานสูง (ฝ่ายการศึกษา) ชั้น 2 แขวงสะพานสูง เขตสะพานสูง จ.กรุงเทพฯ 10240","13.769325,100.68578666666666",13.769325,100.68578666666666,"สะพานสูง","รอน้ำลด","","ยังส่งไม่ได้",false,"","",""
1484,"246441","ALDO CALSI","2026-09-28T13:07:00+07:00","ปกติ","ไม่สามารถเข้าส่งได้ น้ำท่วมสูงในพื้นที่","16303","จันทร์","B2C","สาขากรุงเทพกรีฑา","310/143 SOI RAMKHAMHAENG 72, RAMKHAMHAENG RD., HUA MAK BANG KAPI BANGKOK 10240","13.767193333333333,100.66116166666667",13.767193333333333,100.66116166666667,"","รอน้ำลด","","ยังส่งไม่ได้",false,"","",""
1485,"246595","นิษฐ์ภัสสร","2026-09-28T13:32:00+07:00","ตามน้ำ","ไม่สามารถเข้าส่งได้ น้ำท่วมสูงในพื้นที่","16303","จันทร์","B2C","สาขากรุงเทพกรีฑา","70 ซ.รามคำแหง 72 แขวงหัวหมาก เขตบางกะปิ จ.กรุงเทพฯ 10240","13.767168333333332,100.66137333333333",13.767168333333332,100.66137333333333,"บางกะปิ","รอน้ำลด","","ยังส่งไม่ได้",false,"","",""
1486,"246948","ZAW","2026-09-28T13:13:00+07:00","ปกติ","ไม่สามารถเข้าส่งได้ น้ำท่วมสูงในพื้นที่","16205","จันทร์","B2C","สาขากรุงเทพกรีฑา","146/42 (118) COLLEGE TOWN SOI 5, SOI RAMKHAMHAENG 24 YAEK 34 HUA MAK BANG KAPI BANGKOK 10240","13.750135,100.62900166666668",13.750135,100.62900166666668,"","รอน้ำลด","","ยังส่งไม่ได้",false,"","",""
1487,"247466","วิเชียร","2026-09-28T14:16:00+07:00","โอนงานสิ้นวัน","ไม่สามารถเข้าส่งได้ น้ำท่วมสูงในพื้นที่","16206","เสาร์","B2C","สาขากรุงเทพกรีฑา","280 ซ.ศูนย์การค้าแฮปปี้แลนด์ 2 ถ.ลาดพร้าว แขวงคลองจั่น เขตบางกะปิ กรุงเทพฯ 10240","13.772915000000001,100.642545",13.772915000000001,100.642545,"บางกะปิ","รอน้ำลด","","ยังส่งไม่ได้",true,"จิรวัฒน์ สัยนิถี","28/09/2026","ผู้ทำรายการ:จิรวัฒน์ สัยนิถี;โอนงานมาจากวันที่:28/09/2026"
1488,"247467","เวนาโฟร จำกัด","2026-09-28T13:01:00+07:00","ปกติ","ไม่สามารถเข้าส่งได้ เกิดข้อผิดพลาด (เลื่อนวันที่ส่ง)","16204","จันทร์","B2B","สาขากรุงเทพกรีฑา","56/5  ถ.ลาดพร้าว 101 แยก 46  แขวงคลองจั่น เขตบางกะปิ จ.กรุงเทพฯ 10240","13.794494,100.6305297",13.794494,100.6305297,"บางกะปิ","รอน้ำลด","","ยังส่งไม่ได้",false,"","",""
1489,"247475","ปฏิญญา","2026-09-28T12:48:00+07:00","เสริมน้ำ นอกรอบ","ไม่สามารถเข้าส่งได้ น้ำท่วมสูงในพื้นที่","16302","จันทร์","B2C","สาขากรุงเทพกรีฑา","1155/285 Origin Plug & Play Ramkhamhaeng Triple Station ห้อง 12A23 ถ.รามคำแหง แขวงหัวหมาก เขตบางกะปิ จ.กรุงเทพฯ 10240","13.7642,100.65115499999999",13.7642,100.65115499999999,"บางกะปิ","รอน้ำลด","","ยังส่งไม่ได้",false,"","",""
1490,"247973/3","ซันส์สมาย โปรดักชั่น จำกัด เพื่อ DL","2026-09-28T13:55:00+07:00","ตามน้ำ","ไม่สามารถเข้าส่งได้ น้ำท่วมสูงในพื้นที่","16103","เสาร์","B2C","สาขากรุงเทพกรีฑา","MOON STAR STUDIO 701 ลาดพร้าว 80 ซ. จันทิมา แขวงวังทองหลาง เขตวังทองหลาง จ.กรุงเทพฯ 10310","13.777311666666666,100.60131333333332",13.777311666666666,100.60131333333332,"วังทองหลาง","รอน้ำลด","","ยังส่งไม่ได้",false,"","",""
1491,"248322","สุทิศา","2026-09-28T14:16:00+07:00","โอนงานสิ้นวัน","ไม่สามารถเข้าส่งได้ น้ำท่วมสูงในพื้นที่","16206","เสาร์","B2C","สาขากรุงเทพกรีฑา","3071 ถ.ลาดพร้าว  แขวงคลองจั่น เขตบางกะปิ กรุงเทพฯ 10240","13.770848333333333,100.63681833333334",13.770848333333333,100.63681833333334,"บางกะปิ","รอน้ำลด","","ยังส่งไม่ได้",true,"วุฒิชัย จีปน","26/09/2026","ผู้ทำรายการ:วุฒิชัย จีปน;โอนงานมาจากวันที่:26/09/2026"
1492,"248485","แอ๊ดวานซ์ กรุ๊ป เอเซีย จำกัด","2026-09-28T14:13:00+07:00","ปกติ","ไม่สามารถเข้าส่งได้ น้ำท่วมสูงในพื้นที่","16206","จันทร์","B2B","สาขากรุงเทพกรีฑา","2628-2630 ซ.ลาดพร้าว 128/2 ถ.ลาดพร้าว แขวงคลองจั่น เขตบางกะปิ จ.กรุงเทพฯ 10240","13.773835,100.62907833333333",13.773835,100.62907833333333,"บางกะปิ","รอน้ำลด","","ยังส่งไม่ได้",false,"","",""
1493,"248905","ชาร์มโซน (ประเทศไทย) จำกัด","2026-09-28T13:03:00+07:00","ปกติ","ไม่สามารถเข้าส่งได้ น้ำท่วมสูงในพื้นที่","16307","จันทร์","B2B","สาขากรุงเทพกรีฑา","10/1 ถ.รามคำแหง ซอย 118 แยก 12 แขวงสะพานสูง เขตสะพานสูง จ.กรุงเทพฯ 10240","13.775703333333334,100.68174499999999",13.775703333333334,100.68174499999999,"สะพานสูง","รอน้ำลด","","ยังส่งไม่ได้",false,"","",""
1494,"248951","รัสรินทร์ เลิศบูรณะวัฒน์","2026-09-28T11:53:00+07:00","ปกติ","ไม่สามารถเข้าส่งได้ น้ำท่วมสูงในพื้นที่","16203","จันทร์","B2C","สาขากรุงเทพกรีฑา","282 มหาวิทยาลัยรามคำแหง อาคารสำนักงานอธิการบดี  กองการเจ้าหน้าที่ งานบริหารงานบุคคล ชั้น 4 แขวงหัวหมาก เขตบางกะปิ กรุงเทพฯ 10240","13.758811666666668,100.61868833333334",13.758811666666668,100.61868833333334,"บางกะปิ","รอน้ำลด","","ยังส่งไม่ได้",false,"","",""
1495,"249064","อรฉัตร จิระวัฒนชัย","2026-09-28T14:01:00+07:00","โอนงานสิ้นวัน","ไม่สามารถเข้าส่งได้ น้ำท่วมสูงในพื้นที่","16103","เสาร์","B2C","สาขากรุงเทพกรีฑา","98/253 หมู่บ้านกลางเมืองพระราม9-รามคำแหง ซ.รามคำแหง 39 ถ.รามคำแหง 39 แขวงพลับพลา เขตวังทองหลาง จ.กรุงเทพฯ 10310","13.762128333333331,100.61227833333332",13.762128333333331,100.61227833333332,"วังทองหลาง","รอน้ำลด","","ยังส่งไม่ได้",true,"วีรวัฒน์ อุดมทรัพย์","28/09/2026","ผู้ทำรายการ:วีรวัฒน์ อุดมทรัพย์;โอนงานมาจากวันที่:28/09/2026"
1496,"249401/1","ณัฐชนินทร์","2026-09-28T13:02:00+07:00","โอนงานสิ้นวัน","ไม่สามารถเข้าส่งได้ น้ำท่วมสูงในพื้นที่","16205","เสาร์","B2C","สาขากรุงเทพกรีฑา","10/348 เดอะ วันพลัส แกรนด์ รามคำแหง ตึก B ชั้น 6 ห้อง 10/348 ถนนหัวหมาก  แขวงหัวหมาก เขตบางกะปิ จ.กรุงเทพฯ 10240","13.754268333333334,100.637175",13.754268333333334,100.637175,"บางกะปิ","รอน้ำลด","","ยังส่งไม่ได้",true,"วุฒิชัย จีปน","26/09/2026","ผู้ทำรายการ:วุฒิชัย จีปน;โอนงานมาจากวันที่:26/09/2026"
1497,"249648","ปิติชนันท์","2026-09-28T11:53:00+07:00","ปกติ","ไม่สามารถเข้าส่งได้ น้ำท่วมสูงในพื้นที่","16307","จันทร์","B2C","สาขากรุงเทพกรีฑา","59/67 หมู่บ้านโฮมเพลส ซ. 13 ซ.รามคำแหง 140 ถ.รามคำแหง แขวงราษฎร์พัฒนา เขตสะพานสูง กรุงเทพฯ 10240","13.780016666666665,100.69099499999999",13.780016666666665,100.69099499999999,"สะพานสูง","รอน้ำลด","","ยังส่งไม่ได้",false,"","",""
1498,"250001","วิศิษฎ์","2026-09-28T14:26:00+07:00","โอนงานสิ้นวัน","ไม่สามารถเข้าส่งได้ เกิดข้อผิดพลาด (เลื่อนวันที่ส่ง)","16206","เสาร์","B2C","สาขากรุงเทพกรีฑา","823/96 คอนโดลุมพินีนวมินทร์ อาคาร B ชั้น 5 ห้อง 823/96 ศูนย์บันเทิงการค้า แฮปปี้แลนด์ แขวงคลองจั่น เขตบางกะปิ จ.กรุงเทพฯ 10240","13.77903,100.64246999999999",13.77903,100.64246999999999,"บางกะปิ","รอน้ำลด","","ยังส่งไม่ได้",true,"สถาพร นนท์เข็มพรหม","26/09/2026","ผู้ทำรายการ:สถาพร นนท์เข็มพรหม;โอนงานมาจากวันที่:26/09/2026"
1499,"250748","อภิชาติ","2026-09-28T13:02:00+07:00","เสริมน้ำ ตรงรอบ","ไม่สามารถเข้าส่งได้ น้ำท่วมสูงในพื้นที่","16106","จันทร์","B2C","สาขากรุงเทพกรีฑา","145/151 เดอะ นิช ลาดพร้าว 48 เฟส 1 ชั้น 7 ซ.ลาดพร้าว 48 ถ.ลาดพร้าว แขวงสามเสนนอก เขตห้วยขวาง กรุงเทพมหานคร 10310","13.796208333333334,100.58856333333333",13.796208333333334,100.58856333333333,"ห้วยขวาง","รอน้ำลด","","ยังส่งไม่ได้",false,"","",""
1500,"250752","ภณิตา","2026-09-28T12:36:00+07:00","ปกติ","ไม่สามารถเข้าส่งได้ น้ำท่วมสูงในพื้นที่","16306","จันทร์","B2C","สาขากรุงเทพกรีฑา","48/124 เดอะ วิลล่า ซ.รามคำแหง 174 ถ.รามคำแหง  แขวงมีนบุรี เขตมีนบุรี จ.กรุงเทพฯ 10510","13.787461666666665,100.71792500000001",13.787461666666665,100.71792500000001,"มีนบุรี","รอน้ำลด","","ยังส่งไม่ได้",false,"","",""
1501,"251194","จิราพร วงศ์วาลย์","2026-09-28T13:37:00+07:00","โอนงานสิ้นวัน","ไม่สามารถเข้าส่งได้ น้ำท่วมสูงในพื้นที่","16106","เสาร์","B2C","สาขากรุงเทพกรีฑา","240/1 หมู่บ้านกรองทอง, ลาดพร้าว 64(เกตุนุติ) ถ.ลาดพร้าว แขวงวังทองหลาง เขตวังทองหลาง จ.กรุงเทพฯ 10310","13.785673333333333,100.59242666666665",13.785673333333333,100.59242666666665,"วังทองหลาง","รอน้ำลด","","ยังส่งไม่ได้",true,"วุฒิชัย จีปน","26/09/2026","ผู้ทำรายการ:วุฒิชัย จีปน;โอนงานมาจากวันที่:26/09/2026"
1502,"251399","ป.รุ่งเรืองการช่าง ราม71","2026-09-28T11:50:00+07:00","ปกติ","ไม่สามารถเข้าส่งได้ น้ำท่วมสูงในพื้นที่","16203","จันทร์","B2B","สาขากรุงเทพกรีฑา","หจก.ป.รุ่งเรืองการช่าง ราม 71 อาคารพานิชย์ ปากซอย 71-73 ถ.รามคำแหง 71 แขวงหัวหมาก เขตบางกะปิ กรุงเทพมหานคร 10240","13.760883333333334,100.62870666666667",13.760883333333334,100.62870666666667,"บางกะปิ","รอน้ำลด","","ยังส่งไม่ได้",false,"","",""
1503,"251484","DU ZHE","2026-09-28T14:01:00+07:00","โอนงานสิ้นวัน","ไม่สามารถเข้าส่งได้ น้ำท่วมสูงในพื้นที่","16103","เสาร์","B2C","สาขากรุงเทพกรีฑา","633/27 RUNG RUEANG VILLAGE, SOI LAT PHRAO 80, INTERSECTION 22, LAT PHRAO ROAD WANG THONGLANG WANG THONGLANG BANGKOK 10310","13.781315,100.59283166666667",13.781315,100.59283166666667,"","รอน้ำลด","","ยังส่งไม่ได้",true,"สถาพร นนท์เข็มพรหม","26/09/2026","ผู้ทำรายการ:สถาพร นนท์เข็มพรหม;โอนงานมาจากวันที่:26/09/2026"
1504,"251589","เทพนิมิต","2026-09-28T11:49:00+07:00","ปกติ","ไม่สามารถเข้าส่งได้ น้ำท่วมสูงในพื้นที่","16203","จันทร์","B2C","สาขากรุงเทพกรีฑา","14 KENSINGTON APARTMENT ห้อง714 ชั้น 7 ถ.รามคำแหง 37 แขวงหัวหมาก เขตบางกะปิ จ.กรุงเทพฯ 10240","13.757361666666668,100.61421999999999",13.757361666666668,100.61421999999999,"บางกะปิ","รอน้ำลด","","ยังส่งไม่ได้",false,"","",""
1505,"251738","ดิ โอลเดอร์ เชฟ จำกัด","2026-09-28T12:46:00+07:00","ปกติ","ไม่สามารถเข้าส่งได้ น้ำท่วมสูงในพื้นที่","16201","จันทร์","B2B","สาขากรุงเทพกรีฑา","14-16 The Older Chef ซ.ลาดพร้าว 71 ถ.ลาดพร้าว แขวงสะพานสอง เขตวังทองหลาง กรุงเทพฯ 10310","13.789396666666669,100.60814333333335",13.789396666666669,100.60814333333335,"วังทองหลาง","รอน้ำลด","","ยังส่งไม่ได้",false,"","",""
1506,"251820","ปัทมพร","2026-09-28T11:17:00+07:00","โอนงานสิ้นวัน","ไม่สามารถเข้าส่งได้ น้ำท่วมสูงในพื้นที่","16304","เสาร์","B2C","สาขากรุงเทพกรีฑา","21 หมู่บ้านนักกีฬา ซอย 5 แยก 4-7 ถ.กรุงเทพกรีฑา แขวงทับช้าง เขตสะพานสูง กรุงเทพฯ 10250","13.746559999999999,100.69142833333332",13.746559999999999,100.69142833333332,"สะพานสูง","รอน้ำลด","","ยังส่งไม่ได้",true,"วุฒิชัย จีปน","26/09/2026","ผู้ทำรายการ:วุฒิชัย จีปน;โอนงานมาจากวันที่:26/09/2026"
1507,"251989/1","มหัศจรรย์มอเตอร์","2026-09-28T13:37:00+07:00","โอนงานสิ้นวัน","ไม่สามารถเข้าส่งได้ น้ำท่วมสูงในพื้นที่","16106","เสาร์","B2B","สาขากรุงเทพกรีฑา","1822-1834 ถ.ลาดพร้าว แขวงวังทองหลาง เขตวังทองหลาง จ.กรุงเทพฯ 10310","13.791211666666667,100.59970166666666",13.791211666666667,100.59970166666666,"วังทองหลาง","รอน้ำลด","","ยังส่งไม่ได้",true,"จิรวัฒน์ สัยนิถี","28/09/2026","ผู้ทำรายการ:จิรวัฒน์ สัยนิถี;โอนงานมาจากวันที่:28/09/2026"
1508,"252143","เคดับบลิว โซลูชั่น จำกัด","2026-09-28T12:47:00+07:00","ปกติ","ไม่สามารถเข้าส่งได้ เกิดข้อผิดพลาด (เลื่อนวันที่ส่ง)","16303","จันทร์","B2B","สาขากรุงเทพกรีฑา"," 21/83 ซ.รามคำแหง 76 แยก 3  แขวงหัวหมาก เขตบางกะปิ จ.กรุงเทพฯ 10240","13.766573333333334,100.66698333333333",13.766573333333334,100.66698333333333,"บางกะปิ","รอน้ำลด","","ยังส่งไม่ได้",false,"","",""
1509,"252454","สาลินี","2026-09-28T12:46:00+07:00","เสริมน้ำ ตรงรอบ","ไม่สามารถเข้าส่งได้ น้ำท่วมสูงในพื้นที่","16306","จันทร์","B2C","สาขากรุงเทพกรีฑา","8/25 THE HUB CONDO ชั้น 4 ซ.รามคำแหง 164 แยก 1 ถ.รามคำแหง แขวงมีนบุรี เขตมีนบุรี กรุงเทพฯ 10510","13.796156666666665,100.71090000000001",13.796156666666665,100.71090000000001,"มีนบุรี","รอน้ำลด","","ยังส่งไม่ได้",false,"","",""
1510,"252554","วัชรินทร์","2026-09-28T19:21:00+07:00","โอนงานสิ้นวัน","ไม่สามารถเข้าส่งได้ น้ำท่วมสูงในพื้นที่","16105","เสาร์","B2C","สาขากรุงเทพกรีฑา","49 ซ.โชคอำนวย ถ.สุทธิสารวินิจฉัย  แขวงสามเสนนอก เขตห้วยขวาง จ.กรุงเทพฯ 10310","13.793700000000001,100.58118833333334",13.793700000000001,100.58118833333334,"ห้วยขวาง","รอน้ำลด","","ยังส่งไม่ได้",true,"วีรวัฒน์ อุดมทรัพย์","28/09/2026","ผู้ทำรายการ:วีรวัฒน์ อุดมทรัพย์;โอนงานมาจากวันที่:28/09/2026"
1511,"252741","สมฤดี","2026-09-28T14:13:00+07:00","ปกติ","ไม่สามารถเข้าส่งได้ น้ำท่วมสูงในพื้นที่","16206","จันทร์","B2C","สาขากรุงเทพกรีฑา","270/20 หมู่บ้านรอยัลพาร์ควิล แยก 26 ซ.ลาดพร้าว 122 แขวงพลับพลา เขตวังทองหลาง จ.กรุงเทพฯ 10310","13.768767783333333,100.62072746666666",13.768767783333333,100.62072746666666,"วังทองหลาง","รอน้ำลด","","ยังส่งไม่ได้",false,"","",""
1512,"252868/1","คาลปีด้า (ประเทศไทย) จำกัด","2026-09-28T13:02:00+07:00","เสริมน้ำ ตรงรอบ","ไม่สามารถเข้าส่งได้ น้ำท่วมสูงในพื้นที่","16106","จันทร์","B2B","สาขากรุงเทพกรีฑา","380/6 ถ.รัชดาภิเษก แขวงห้วยขวาง เขตห้วยขวาง จ.กรุงเทพฯ 10310","13.794198333333334,100.57439666666666",13.794198333333334,100.57439666666666,"ห้วยขวาง","รอน้ำลด","","ยังส่งไม่ได้",false,"","",""
1513,"252873","อุดร","2026-09-28T13:00:00+07:00","โอนงานสิ้นวัน","ไม่สามารถเข้าส่งได้ น้ำท่วมสูงในพื้นที่","16205","เสาร์","B2C","สาขากรุงเทพกรีฑา","ชมรมว่ายน้ำสิงห์ สระว่ายน้ำโจโจ๊ก เพลส ซ.รามคำแหง 52/2  แขวงหัวหมาก เขตบางกะปิ จ.กรุงเทพฯ 10240","13.756786666666668,100.64415166666667",13.756786666666668,100.64415166666667,"บางกะปิ","รอน้ำลด","","ยังส่งไม่ได้",true,"สถาพร นนท์เข็มพรหม","26/09/2026","ผู้ทำรายการ:สถาพร นนท์เข็มพรหม;โอนงานมาจากวันที่:26/09/2026"
1514,"252887","ธนิตา เฉลิมโรจน์","2026-09-28T13:37:00+07:00","โอนงานสิ้นวัน","ไม่สามารถเข้าส่งได้ น้ำท่วมสูงในพื้นที่","16106","เสาร์","B2C","สาขากรุงเทพกรีฑา","70 ซ.ลาดพร้าว 64 แยก 10 ถ.ลาดพร้าว แขวงวังทองหลาง เขตวังทองหลาง จ.กรุงเทพฯ 10310","13.7874892,100.59749",13.7874892,100.59749,"วังทองหลาง","รอน้ำลด","","ยังส่งไม่ได้",true,"ฤทธิศักดิ์ สระเงินสิงห์","28/09/2026","ผู้ทำรายการ:ฤทธิศักดิ์ สระเงินสิงห์;โอนงานมาจากวันที่:28/09/2026"
1515,"253259","ชัยรัตน์ ลีลวณิช","2026-09-28T11:17:00+07:00","โอนงานสิ้นวัน","ไม่สามารถเข้าส่งได้ น้ำท่วมสูงในพื้นที่","16304","เสาร์","B2C","สาขากรุงเทพกรีฑา","19 ซ.นักกีฬาแหลมทอง40 ถ.กรุงเทพกรีฑา  แขวงทับช้าง เขตสะพานสูง จ.กรุงเทพฯ 10250","13.747608,100.697924",13.747608,100.697924,"สะพานสูง","รอน้ำลด","","ยังส่งไม่ได้",true,"วีรวัฒน์ อุดมทรัพย์","28/09/2026","ผู้ทำรายการ:วีรวัฒน์ อุดมทรัพย์;โอนงานมาจากวันที่:28/09/2026"
1516,"253369","เอกรัฐ","2026-09-28T12:59:00+07:00","ปกติ","ไม่สามารถเข้าส่งได้ น้ำท่วมสูงในพื้นที่","16204","จันทร์","B2C","สาขากรุงเทพกรีฑา","83/31 หมู่บ้านศิรินเทพ ซอยแยก46 ถ.ลาดพร้าว 101 แขวงคลองจั่น เขตบางกะปิ จ.กรุงเทพฯ 10240","13.795716666666666,100.63539333333334",13.795716666666666,100.63539333333334,"บางกะปิ","รอน้ำลด","","ยังส่งไม่ได้",false,"","",""
1517,"253510","ฉัตทริกา หยังหลัง","2026-09-28T13:00:00+07:00","โอนงานสิ้นวัน","ไม่สามารถเข้าส่งได้ น้ำท่วมสูงในพื้นที่","16205","เสาร์","B2C","สาขากรุงเทพกรีฑา","11/11 เดอะ วัน พลัส แกรนด์ หัวหมาก ( เฟส 5) อาคาร A ชั้น 2 ซ.หัวหมาก 18 แขวงหัวหมาก เขตบางกะปิ จ.กรุงเทพฯ 10240","13.753088333333334,100.63651999999999",13.753088333333334,100.63651999999999,"บางกะปิ","รอน้ำลด","","ยังส่งไม่ได้",true,"จิรวัฒน์ สัยนิถี","28/09/2026","ผู้ทำรายการ:จิรวัฒน์ สัยนิถี;โอนงานมาจากวันที่:28/09/2026"
1518,"253626","ณัฐวุฒิ บุญภักดี","2026-09-28T13:26:00+07:00","เสริมน้ำ ตรงรอบ","ไม่สามารถเข้าส่งได้ เกิดข้อผิดพลาด (เลื่อนวันที่ส่ง)","16303","จันทร์","B2C","สาขากรุงเทพกรีฑา","79/65 ภัทรา รามคำแหง ชั้น 1 ซ.รามคำแหง 76 ถ.รามคำแหง แขวงหัวหมาก เขตบางกะปิ จ.กรุงเทพฯ 10240","13.765328333333333,100.663915",13.765328333333333,100.663915,"บางกะปิ","รอน้ำลด","","ยังส่งไม่ได้",false,"","",""
1519,"253651","XIAOWEN ZHAI","2026-09-28T12:50:00+07:00","ปกติ","ไม่สามารถเข้าส่งได้ น้ำท่วมสูงในพื้นที่","16204","จันทร์","B2C","สาขากรุงเทพกรีฑา","39/104 SIRI PLACE LAT PHRAO 101, 120  KHLONG CHAN BANG KAPI BANGKOK 10240","13.804188333333332,100.636925",13.804188333333332,100.636925,"","รอน้ำลด","","ยังส่งไม่ได้",false,"","",""
1520,"253667","ชุติมาศ","2026-09-28T14:27:00+07:00","โอนงานสิ้นวัน","ไม่สามารถเข้าส่งได้ น้ำท่วมสูงในพื้นที่","16206","เสาร์","B2C","สาขากรุงเทพกรีฑา","65/40 หมู่บ้านบ้านเรา ซอยแฮปปี้แลนด์สาย1 แขวงคลองจั่น เขตบางกะปิ จ.กรุงเทพฯ 10240","13.775811666666668,100.64169500000001",13.775811666666668,100.64169500000001,"บางกะปิ","รอน้ำลด","","ยังส่งไม่ได้",true,"วีรวัฒน์ อุดมทรัพย์","28/09/2026","ผู้ทำรายการ:วีรวัฒน์ อุดมทรัพย์;โอนงานมาจากวันที่:28/09/2026"
1521,"253720","พีพีพีพี แอนด์ ปกป้อง จำกัด","2026-09-28T13:53:00+07:00","ตามน้ำ","ไม่สามารถเข้าส่งได้ น้ำท่วมสูงในพื้นที่","16103","จันทร์","B2B","สาขากรุงเทพกรีฑา","338 ซ.ลาดพร้าว 84 (ซอยประดิษฐ์มนูธรรม 3)  แขวงวังทองหลาง เขตวังทองหลาง จ.กรุงเทพฯ 10310","13.77183,100.60422833333332",13.77183,100.60422833333332,"วังทองหลาง","รอน้ำลด","","ยังส่งไม่ได้",false,"","",""
1522,"253817","จักรกฤช แก้วใหญ่","2026-09-28T14:14:00+07:00","โอนงานสิ้นวัน","ไม่สามารถเข้าส่งได้ น้ำท่วมสูงในพื้นที่","16206","เสาร์","B2C","สาขากรุงเทพกรีฑา","88/4 136 ถ.ลาดพร้าว แขวงคลองจั่น เขตบางกะปิ จ.กรุงเทพฯ 10240","13.764343333333333,100.63747166666666",13.764343333333333,100.63747166666666,"บางกะปิ","รอน้ำลด","","ยังส่งไม่ได้",true,"จิรวัฒน์ สัยนิถี","28/09/2026","ผู้ทำรายการ:จิรวัฒน์ สัยนิถี;โอนงานมาจากวันที่:28/09/2026"
1523,"253979","กิตติภพ เสียงสนั่น","2026-09-28T19:14:00+07:00","โอนงานสิ้นวัน","ไม่สามารถเข้าส่งได้ น้ำท่วมสูงในพื้นที่","16105","เสาร์","B2C","สาขากรุงเทพกรีฑา","39/46 วัฒนานิเวศน์ 4 แยก 1 ถ.สุทธิสารวินิจฉัย แขวงสามเสนนอก เขตห้วยขวาง จ.กรุงเทพฯ 10310","13.794966666666669,100.58062",13.794966666666669,100.58062,"ห้วยขวาง","รอน้ำลด","","ยังส่งไม่ได้",true,"สถาพร นนท์เข็มพรหม","26/09/2026","ผู้ทำรายการ:สถาพร นนท์เข็มพรหม;โอนงานมาจากวันที่:26/09/2026"
1524,"254183","เอ็ม เอ็ม เอส ซัพพลาย จำกัด","2026-09-28T11:20:00+07:00","โอนงานสิ้นวัน","ไม่สามารถเข้าส่งได้ น้ำท่วมสูงในพื้นที่","16306","เสาร์","B2B","สาขากรุงเทพกรีฑา","เลขที่ 86/366 ซ.รามคำแหง 186 ถ.รามคำแหง แขวงมีนบุรี เขตมีนบุรี จ.กรุงเทพฯ 10510","13.796401666666668,100.72627499999999",13.796401666666668,100.72627499999999,"มีนบุรี","รอน้ำลด","","ยังส่งไม่ได้",true,"ฤทธิศักดิ์ สระเงินสิงห์","28/09/2026","ผู้ทำรายการ:ฤทธิศักดิ์ สระเงินสิงห์;โอนงานมาจากวันที่:28/09/2026"
1525,"254280","THIRI THWIN","2026-09-28T13:04:00+07:00","ปกติ","ไม่สามารถเข้าส่งได้ น้ำท่วมสูงในพื้นที่","16303","จันทร์","B2C","สาขากรุงเทพกรีฑา","PLUM CONDO RAMKHAMHAENG 26 BUILDING B ROOM 8/146,  HUA MAK BANG KAPI BANGKOK 10240","13.760254999999999,100.64914833333333",13.760254999999999,100.64914833333333,"","รอน้ำลด","","ยังส่งไม่ได้",false,"","",""
1526,"25448","พีรพงศ์ สุรวรรณ (พีรพงศ์ มิวสิค สตูดิโอ)","2026-09-28T12:50:00+07:00","ปกติ","ไม่สามารถเข้าส่งได้ น้ำท่วมสูงในพื้นที่","16303","จันทร์","B2C","สาขากรุงเทพกรีฑา","49 ม.ปรีชาล้ำเพชร ซ.5 ซ.รามคำแหง 76 ถ.รามคำแหง แขวงหัวหมาก เขตบางกะปิ กรุงเทพฯ 10240","13.76899584,100.66430085",13.76899584,100.66430085,"บางกะปิ","รอน้ำลด","","ยังส่งไม่ได้",false,"","",""
1527,"254555","กัลณิกา","2026-09-28T12:59:00+07:00","ปกติ","ไม่สามารถเข้าส่งได้ น้ำท่วมสูงในพื้นที่","16204","จันทร์","B2C","สาขากรุงเทพกรีฑา","83/124 หมู่บ้านศิรินเทพ ซ.ลาดพร้าว 101 แยก 46 แขวงคลองจั่น เขตบางกะปิ จ.กรุงเทพฯ 10240","13.795645000000002,100.637105",13.795645000000002,100.637105,"บางกะปิ","รอน้ำลด","","ยังส่งไม่ได้",false,"","",""
1528,"254907","ปรรจ์จารัศมิ์","2026-09-28T12:37:00+07:00","โอนงานสิ้นวัน","ไม่สามารถเข้าส่งได้ เกิดข้อผิดพลาด (เลื่อนวันที่ส่ง)","16201","เสาร์","B2C","สาขากรุงเทพกรีฑา","338/468-9 สมาคมพัฒนาพันธุ์สุนัข ซ.ลาดพร้าว 87 (จันทราสุข แยก 10) แขวงคลองเจ้าคุณสิงห์ เขตวังทองหลาง กรุงเทพฯ 10310","13.791955,100.6238",13.791955,100.6238,"วังทองหลาง","รอน้ำลด","","ยังส่งไม่ได้",true,"สถาพร นนท์เข็มพรหม","26/09/2026","ผู้ทำรายการ:สถาพร นนท์เข็มพรหม;โอนงานมาจากวันที่:26/09/2026"
1529,"254916","วิทยา","2026-09-28T13:12:00+07:00","ตามน้ำ","ไม่สามารถเข้าส่งได้ น้ำท่วมสูงในพื้นที่","16204","จันทร์","B2C","สาขากรุงเทพกรีฑา","83/117 หมู่บ้านศิรินเทพ ถ.ลาดพร้าว 101 แขวงคลองจั่น เขตบางกะปิ กรุงเทพฯ 10240","13.795716666666666,100.63756333333335",13.795716666666666,100.63756333333335,"บางกะปิ","รอน้ำลด","","ยังส่งไม่ได้",false,"","",""
1530,"255273","HANN HANN HTOO","2026-09-28T12:52:00+07:00","เสริมน้ำ ตรงรอบ","ไม่สามารถเข้าส่งได้ น้ำท่วมสูงในพื้นที่","16302","จันทร์","B2C","สาขากรุงเทพกรีฑา","THE LIVING RAMKHAMHAENG ROOM NO. 8/80, 8TH FLOOR, SOI RAMKHAMHAENG 97/2, RAMKHAMHAENG ROAD HUA MAK BANG KAPI BANGKOK 10240","13.764071666666666,100.64886333333334",13.764071666666666,100.64886333333334,"","รอน้ำลด","","ยังส่งไม่ได้",false,"","",""
1531,"255323","เสาวภาค","2026-09-28T12:43:00+07:00","ปกติ","ไม่สามารถเข้าส่งได้ น้ำท่วมสูงในพื้นที่","16201","จันทร์","B2C","สาขากรุงเทพกรีฑา","493 ซ.ลาดพร้าว71 ซ.ย่อยสังคมเคราะห์11 แขวงสะพานสอง เขตวังทองหลาง กทม. 10310","13.793496666666666,100.60308166666667",13.793496666666666,100.60308166666667,"วังทองหลาง","รอน้ำลด","","ยังส่งไม่ได้",false,"","",""
1532,"255627","วณิชชา ดวงตาผา","2026-09-28T12:59:00+07:00","ปกติ","ไม่สามารถเข้าส่งได้ น้ำท่วมสูงในพื้นที่","16204","จันทร์","B2C","สาขากรุงเทพกรีฑา","83/14 หมู่บ้านศิรินเทพ ลาดพร้าว101 แยก46, ลาดพร้าว แขวงคลองจั่น เขตบางกะปิ จ.กรุงเทพฯ 10240","13.795773333333333,100.63545666666666",13.795773333333333,100.63545666666666,"บางกะปิ","รอน้ำลด","","ยังส่งไม่ได้",false,"","",""
1533,"255679","สหสเต็กแอนด์บุชเชอร์ จำกัด","2026-09-28T13:02:00+07:00","ปกติ","ไม่สามารถเข้าส่งได้ น้ำท่วมสูงในพื้นที่","16204","จันทร์","B2B","สาขากรุงเทพกรีฑา","281 ร้าน SAHA STEAK AND BUTCHER ซ.ลาดพร้าว 101 แยก 5 ถ.ลาดพร้าว  แขวงคลองเจ้าคุณสิงห์ เขตวังทองหลาง จ.กรุงเทพฯ 10310","13.778078333333333,100.62975833333333",13.778078333333333,100.62975833333333,"วังทองหลาง","รอน้ำลด","","ยังส่งไม่ได้",false,"","",""
1534,"255928","ภูธเนศ ยิ้มพงษ์","2026-09-28T12:38:00+07:00","โอนงานสิ้นวัน","ไม่สามารถเข้าส่งได้ น้ำท่วมสูงในพื้นที่","16201","เสาร์","B2C","สาขากรุงเทพกรีฑา","91/6-8 ซ.ลาดพร้าว 87 แยก 1 ถ.ลาดพร้าว แขวงคลองเจ้าคุณสิงห์ เขตวังทองหลาง จ.กรุงเทพฯ 10310","13.785421666666666,100.61662333333334",13.785421666666666,100.61662333333334,"วังทองหลาง","รอน้ำลด","","ยังส่งไม่ได้",true,"ฤทธิศักดิ์ สระเงินสิงห์","28/09/2026","ผู้ทำรายการ:ฤทธิศักดิ์ สระเงินสิงห์;โอนงานมาจากวันที่:28/09/2026"
1535,"255993","วิลาวัลย์","2026-09-28T13:05:00+07:00","เสริมน้ำ ตรงรอบ","ไม่สามารถเข้าส่งได้ น้ำท่วมสูงในพื้นที่","16106","จันทร์","B2C","สาขากรุงเทพกรีฑา","145 เดอะนิชคอนโด เฟส 1 ซ.ลาดพร้าว 48 แยก 1 ถ.ลาดพร้าว แขวงสามเสนนอก เขตห้วยขวาง จ.กรุงเทพฯ 10310","13.796061666666667,100.58870333333334",13.796061666666667,100.58870333333334,"ห้วยขวาง","รอน้ำลด","","ยังส่งไม่ได้",false,"","",""
1536,"256407","ซายน์ออน แอสโซซิเอท","2026-09-28T12:49:00+07:00","ปกติ","ไม่สามารถเข้าส่งได้ น้ำท่วมสูงในพื้นที่","16303","จันทร์","B2B","สาขากรุงเทพกรีฑา","เลขที่ 12 ซ.รามคำแหง 76 แยก 2  แขวงหัวหมาก  เขตบางกะปิ  จ.กรุงเทพฯ 10240","13.767516666666666,100.66458333333334",13.767516666666666,100.66458333333334,"บางกะปิ","รอน้ำลด","","ยังส่งไม่ได้",false,"","",""
1537,"256622","วิใจ ฟูรังษีโรจน์","2026-09-28T12:49:00+07:00","ตามน้ำ","ไม่สามารถเข้าส่งได้ น้ำท่วมสูงในพื้นที่","16306","จันทร์","B2C","สาขากรุงเทพกรีฑา","10 ซ.รามคำแหง160 ถ.รามคำแหง แขวงราษฎร์พัฒนา เขตสะพานสูง กรุงเทพฯ 10240","13.790011666666665,100.70461833333333",13.790011666666665,100.70461833333333,"สะพานสูง","รอน้ำลด","","ยังส่งไม่ได้",false,"","",""
1538,"256770","ชลัท ชลวณิชย์กูล","2026-09-28T14:01:00+07:00","โอนงานสิ้นวัน","ไม่สามารถเข้าส่งได้ เกิดข้อผิดพลาด (เลื่อนวันที่ส่ง)","16103","เสาร์","B2C","สาขากรุงเทพกรีฑา","661/32 รุ่งเรืองคอนโดทาวน์ อาคาร B ชั้น 4 ซ.ลาดพร้าว 80 แยก 22  แขวงวังทองหลาง เขตวังทองหลาง จ.กรุงเทพฯ 10310","13.780932,100.5936954",13.780932,100.5936954,"วังทองหลาง","รอน้ำลด","","ยังส่งไม่ได้",true,"สถาพร นนท์เข็มพรหม","26/09/2026","ผู้ทำรายการ:สถาพร นนท์เข็มพรหม;โอนงานมาจากวันที่:26/09/2026"
1539,"256977","มนูญ","2026-09-28T13:00:00+07:00","โอนงานสิ้นวัน","ไม่สามารถเข้าส่งได้ น้ำท่วมสูงในพื้นที่","16205","เสาร์","B2C","สาขากรุงเทพกรีฑา","11/219 เดอะวันพลัสแกรนด์ หัวหมาก เฟส 5  ตึก B ชั้น 8 ถ.หัวหมาก  แขวงหัวหมาก เขตบางกะปิ จ.กรุงเทพฯ 10240","13.753081666666667,100.63641333333335",13.753081666666667,100.63641333333335,"บางกะปิ","รอน้ำลด","","ยังส่งไม่ได้",true,"ฤทธิศักดิ์ สระเงินสิงห์","28/09/2026","ผู้ทำรายการ:ฤทธิศักดิ์ สระเงินสิงห์;โอนงานมาจากวันที่:28/09/2026"
1540,"257071","สลินดา บุญมาเลิศ","2026-09-28T11:19:00+07:00","โอนงานสิ้นวัน","ไม่สามารถเข้าส่งได้ น้ำท่วมสูงในพื้นที่","16304","เสาร์","B2C","สาขากรุงเทพกรีฑา","10 ซ.นักกีฬาแหลมทอง 3 แยก 2-1  แขวงทับช้าง เขตสะพานสูง จ.กรุงเทพฯ 10250","13.743488333333335,100.69336166666666",13.743488333333335,100.69336166666666,"สะพานสูง","รอน้ำลด","","ยังส่งไม่ได้",true,"วีรวัฒน์ อุดมทรัพย์","28/09/2026","ผู้ทำรายการ:วีรวัฒน์ อุดมทรัพย์;โอนงานมาจากวันที่:28/09/2026"
1541,"257524","กชกร","2026-09-28T12:33:00+07:00","ตามน้ำ","ไม่สามารถเข้าส่งได้ น้ำท่วมสูงในพื้นที่","16201","จันทร์","B2C","สาขากรุงเทพกรีฑา"," 619 ทองทุนทรัพย์ อพาร์ทเม้นท์ ห้อง 39 ซ.ลาดพร้าว71  แขวงสะพานสอง เขตวังทองหลาง จ.กรุงเทพฯ 10310","13.7922899,100.6092982",13.7922899,100.6092982,"วังทองหลาง","รอน้ำลด","","ยังส่งไม่ได้",false,"","",""
1542,"257543","นภัสภรณ์","2026-09-28T13:07:00+07:00","ปกติ","ไม่สามารถเข้าส่งได้ น้ำท่วมสูงในพื้นที่","16204","จันทร์","B2C","สาขากรุงเทพกรีฑา","18 ซ.โพธิ์แก้ว 1 แยก 1 แขวงคลองจั่น เขตบางกะปิ จ.กรุงเทพฯ 10240","13.798314999999999,100.63047499999999",13.798314999999999,100.63047499999999,"บางกะปิ","รอน้ำลด","","ยังส่งไม่ได้",false,"","",""
1543,"257548","กฤตพล ธีรธนิตนันท์","2026-09-28T11:19:00+07:00","โอนงานสิ้นวัน","ไม่สามารถเข้าส่งได้ น้ำท่วมสูงในพื้นที่","16304","เสาร์","B2C","สาขากรุงเทพกรีฑา","4 นักกีฬาแหลมทอง ซ.นักกีฬาแหลมทอง 40 แยก 1-6 ถ.กรุงเทพกรีฑา แขวงทับช้าง เขตสะพานสูง กรุงเทพฯ 10250","13.746441666666666,100.69988666666669",13.746441666666666,100.69988666666669,"สะพานสูง","รอน้ำลด","","ยังส่งไม่ได้",true,"สถาพร นนท์เข็มพรหม","26/09/2026","ผู้ทำรายการ:สถาพร นนท์เข็มพรหม;โอนงานมาจากวันที่:26/09/2026"
1544,"257662","นภัสโซลา จำกัด","2026-09-28T12:31:00+07:00","เสริมน้ำ ตรงรอบ","ไม่สามารถเข้าส่งได้ น้ำท่วมสูงในพื้นที่","16201","จันทร์","B2B","สาขากรุงเทพกรีฑา","183 ซ.ลาดพร้าว 71  แขวงสะพานสอง เขตวังทองหลาง จ.กรุงเทพฯ 10310","13.795608333333332,100.606755",13.795608333333332,100.606755,"วังทองหลาง","รอน้ำลด","","ยังส่งไม่ได้",false,"","",""
1545,"257689","รณิดา ภิพิตรกุนทร","2026-09-28T13:30:00+07:00","ปกติ","ไม่สามารถเข้าส่งได้ น้ำท่วมสูงในพื้นที่","16307","จันทร์","B2C","สาขากรุงเทพกรีฑา","105/61 พฤกษชาติ แสนสุข  ซ.รามคำแหง 118 แยก 33-1 ถ.รามคำแหง 118 แขวงสะพานสูง เขตสะพานสูง จ.กรุงเทพฯ 10240","13.771796666666667,100.68729166666665",13.771796666666667,100.68729166666665,"สะพานสูง","รอน้ำลด","","ยังส่งไม่ได้",false,"","",""
1546,"257713","นุสบา แซ่กม่า","2026-09-28T14:01:00+07:00","โอนงานสิ้นวัน","ไม่สามารถเข้าส่งได้ น้ำท่วมสูงในพื้นที่","16103","เสาร์","B2C","สาขากรุงเทพกรีฑา","495 หมู่บ้านพรทวีวิลล่า 2 ซ.ลาดพร้าว 80 แยก 22 แขวงวังทองหลาง เขตวังทองหลาง จ.กรุงเทพฯ 10310","13.781925000000001,100.59781999999998",13.781925000000001,100.59781999999998,"วังทองหลาง","รอน้ำลด","","ยังส่งไม่ได้",true,"วุฒิชัย จีปน","26/09/2026","ผู้ทำรายการ:วุฒิชัย จีปน;โอนงานมาจากวันที่:26/09/2026"
1547,"257904","บัณฑิต","2026-09-28T14:15:00+07:00","โอนงานสิ้นวัน","ไม่สามารถเข้าส่งได้ น้ำท่วมสูงในพื้นที่","16206","เสาร์","B2C","สาขากรุงเทพกรีฑา","529/9 อารียาบุษบา ซ.130 ถ.ลาดพร้าว แขวงพลับพลา เขตวังทองหลาง จ.กรุงเทพฯ 10310","13.767108333333333,100.629455",13.767108333333333,100.629455,"วังทองหลาง","รอน้ำลด","","ยังส่งไม่ได้",true,"จิรวัฒน์ สัยนิถี","28/09/2026","ผู้ทำรายการ:จิรวัฒน์ สัยนิถี;โอนงานมาจากวันที่:28/09/2026"
1548,"258064","อภิชาติ","2026-09-28T12:33:00+07:00","ตามน้ำ","ไม่สามารถเข้าส่งได้ เกิดข้อผิดพลาด (เลื่อนวันที่ส่ง)","16201","จันทร์","B2C","สาขากรุงเทพกรีฑา","318/94 หมู่บ้านเมอริทเพลส ซ.ลาดพร้าว 87 แยก 10 ถ.ลาดพร้าว แขวงคลองเจ้าคุณสิงห์ เขตวังทองหลาง จ.กรุงเทพฯ 10310","13.789905,100.62355000000001",13.789905,100.62355000000001,"วังทองหลาง","รอน้ำลด","","ยังส่งไม่ได้",false,"","",""
1549,"258228","กล้า เนเจอร์ จำกัด","2026-09-28T13:27:00+07:00","ปกติ","ไม่สามารถเข้าส่งได้ น้ำท่วมสูงในพื้นที่","16103","จันทร์","B2B","สาขากรุงเทพกรีฑา","128 ซ.ลาดพร้าว 84 (ประดิษฐ์มนูธรรม 7) ถ.ลาดพร้าว แขวงวังทองหลาง เขตวังทองหลาง จ.กรุงเทพฯ 10310","13.784591437149068,100.60705844596329",13.784591437149068,100.60705844596329,"วังทองหลาง","รอน้ำลด","","ยังส่งไม่ได้",false,"","",""
1550,"258786","สมใจ","2026-09-28T12:32:00+07:00","เสริมน้ำ ตรงรอบ","ไม่สามารถเข้าส่งได้ น้ำท่วมสูงในพื้นที่","16201","จันทร์","B2C","สาขากรุงเทพกรีฑา","318/79 หมู่บ้านเมอริทเพลส  ซ.ลาดพร้าว 87 แยก 10 ถ.ลาดพร้าว แขวงคลองเจ้าคุณสิงห์ เขตวังทองหลาง กรุงเทพฯ 10310","13.789973333333334,100.62417833333332",13.789973333333334,100.62417833333332,"วังทองหลาง","รอน้ำลด","","ยังส่งไม่ได้",false,"","",""
1551,"258916","นลินภัสร์ จิโรจน์คูณธนา","2026-09-28T13:38:00+07:00","โอนงานสิ้นวัน","ไม่สามารถเข้าส่งได้ น้ำท่วมสูงในพื้นที่","16106","เสาร์","B2C","สาขากรุงเทพกรีฑา","595/8 คอนโดเพิ่มสุขเรสซิเด้นท์ โครงการ 2 อาคาร 1 ชั้น 2 ห้อง 8 ซ.ลาดพร้าว 64 ถ.ลาดพร้าว แขวงวังทองหลาง เขตวังทองหลาง จ.กรุงเทพฯ 10310","13.7852658,100.5962891",13.7852658,100.5962891,"วังทองหลาง","รอน้ำลด","","ยังส่งไม่ได้",true,"วุฒิชัย จีปน","26/09/2026","ผู้ทำรายการ:วุฒิชัย จีปน;โอนงานมาจากวันที่:26/09/2026"
1552,"259082","สมพร","2026-09-28T12:49:00+07:00","ปกติ","ไม่สามารถเข้าส่งได้ น้ำท่วมสูงในพื้นที่","16201","จันทร์","B2C","สาขากรุงเทพกรีฑา","318/59 เมอริท เพลส ลาดพร้าว 87 ถ.ลาดพร้าว แขวงคลองเจ้าคุณสิงห์ เขตวังทองหลาง จ.กรุงเทพฯ 10310","13.789998333333331,100.62395999999998",13.789998333333331,100.62395999999998,"วังทองหลาง","รอน้ำลด","","ยังส่งไม่ได้",false,"","",""
1553,"259258","ปกรณ์ อิบู","2026-09-28T12:07:00+07:00","ตามน้ำ","ไม่สามารถเข้าส่งได้ น้ำท่วมสูงในพื้นที่","16203","จันทร์","B2C","สาขากรุงเทพกรีฑา","53 กรีนเฮ้าอพาร์ทเม้น ชั้น 2 ห้อง 209 ซ.รามคำแหง33 ถ.รามคำแหง แขวงหัวหมาก เขตบางกะปิ จ.กรุงเทพฯ 10240","13.757534999999999,100.61247666666668",13.757534999999999,100.61247666666668,"บางกะปิ","รอน้ำลด","","ยังส่งไม่ได้",false,"","",""
1554,"259347","ปิยกมล ย้ายตั้ง","2026-09-28T12:38:00+07:00","ปกติ","ไม่สามารถเข้าส่งได้ น้ำท่วมสูงในพื้นที่","16306","จันทร์","B2C","สาขากรุงเทพกรีฑา","25/684 หมู่บ้านบัวขาว ซ.บัวขาว 49 ซ.รามคำแหง174 แขวงมีนบุรี เขตมีนบุรี จ.กรุงเทพฯ 10510","13.781915,100.72455333333333",13.781915,100.72455333333333,"มีนบุรี","รอน้ำลด","","ยังส่งไม่ได้",false,"","",""
1555,"259444","ANILA","2026-09-28T13:44:00+07:00","ตามน้ำ","ไม่สามารถเข้าส่งได้ น้ำท่วมสูงในพื้นที่","16307","จันทร์","B2C","สาขากรุงเทพกรีฑา","105/41 PRUKSACHAT SAENSUK RAMKHAMHAENG ROAD, SOI 118, SAPAN SUNG SAPHAN SUNG BANGKOK 10240","13.770828333333334,100.68714166666665",13.770828333333334,100.68714166666665,"","รอน้ำลด","","ยังส่งไม่ได้",false,"","",""
1556,"259452","ณัฐิณี บูธ","2026-09-28T14:27:00+07:00","โอนงานสิ้นวัน","ไม่สามารถเข้าส่งได้ น้ำท่วมสูงในพื้นที่","16206","เสาร์","B2C","สาขากรุงเทพกรีฑา","65/55 หมู่บ้าน บ้านเรา ซ.แฮปปี้แลนด์สาย 1 ถ.แฮปปี้แลนด์ แขวงคลองจั่น เขตบางกะปิ จ.กรุงเทพฯ 10240","13.775858333333334,100.64171833333333",13.775858333333334,100.64171833333333,"บางกะปิ","รอน้ำลด","","ยังส่งไม่ได้",true,"วุฒิชัย จีปน","26/09/2026","ผู้ทำรายการ:วุฒิชัย จีปน;โอนงานมาจากวันที่:26/09/2026"
1557,"259459","AVEN THAI CO., LTD.","2026-09-28T13:11:00+07:00","ปกติ","ไม่สามารถเข้าส่งได้ น้ำท่วมสูงในพื้นที่","16205","จันทร์","B2B","สาขากรุงเทพกรีฑา","134/17, 21 SOI RAMKHAMHAENG 24, INTERSECTION 34-1, HUA MAK BANG KAPI BANGKOK 10240","13.753973333333333,100.62828999999998",13.753973333333333,100.62828999999998,"","รอน้ำลด","","ยังส่งไม่ได้",false,"","",""
1558,"259547","ทิพย์จิรา","2026-09-28T13:38:00+07:00","โอนงานสิ้นวัน","ไม่สามารถเข้าส่งได้ เกิดข้อผิดพลาด (เลื่อนวันที่ส่ง)","16106","เสาร์","B2C","สาขากรุงเทพกรีฑา","595/4 คอนโดเพิ่มสุขเรสสิเด้นท์ 2 ชั้น 2 ซ.ลาดพร้าว 64  แขวงวังทองหลาง เขตวังทองหลาง จ.กรุงเทพฯ 10310","13.785241666666666,100.59635666666667",13.785241666666666,100.59635666666667,"วังทองหลาง","รอน้ำลด","","ยังส่งไม่ได้",true,"สถาพร นนท์เข็มพรหม","26/09/2026","ผู้ทำรายการ:สถาพร นนท์เข็มพรหม;โอนงานมาจากวันที่:26/09/2026"
1559,"259884","ปิติรัตน์","2026-09-28T12:44:00+07:00","ปกติ","ไม่สามารถเข้าส่งได้ น้ำท่วมสูงในพื้นที่","16201","จันทร์","B2C","สาขากรุงเทพกรีฑา","697/1 ซ.สังคมสงเคราะห์ 23 ถ.สังคมสงเคราะห์ แขวงสะพานสอง เขตวังทองหลาง กรุงเทพฯ 10310","13.795173333333333,100.601355",13.795173333333333,100.601355,"วังทองหลาง","รอน้ำลด","","ยังส่งไม่ได้",false,"","",""
1560,"259963","สุดารัตน์ อำนวย","2026-09-28T12:08:00+07:00","ตามน้ำ","ไม่สามารถเข้าส่งได้ น้ำท่วมสูงในพื้นที่","16203","เสาร์","B2C","สาขากรุงเทพกรีฑา","4/147 ฝักข้าวโพดคอนโด ตึกปถมาคาร ชั้น 11 ห้อง 147 ซ.40 ถ.รามคำแหง แขวงหัวหมาก เขตบางกะปิ จ.กรุงเทพฯ 10240","13.757005,100.63904833333332",13.757005,100.63904833333332,"บางกะปิ","รอน้ำลด","","ยังส่งไม่ได้",false,"","",""
1561,"259986","ยูนิคลาส จำกัด","2026-09-28T12:47:00+07:00","ปกติ","ไม่สามารถเข้าส่งได้ น้ำท่วมสูงในพื้นที่","16201","จันทร์","B2B","สาขากรุงเทพกรีฑา","171/1 ทิพรัตน์อพาร์ตเม้น ห้อง 101 ซ.ลาดพร้าว53 (โชคชัย4)  แขวงสะพานสอง เขตวังทองหลาง กรุงเทพฯ 10310","13.798815000000001,100.595335",13.798815000000001,100.595335,"วังทองหลาง","รอน้ำลด","","ยังส่งไม่ได้",false,"","",""
1562,"260141","ภักดี","2026-09-28T10:26:00+07:00","ปกติ","ไม่สามารถเข้าส่งได้ น้ำท่วมสูงในพื้นที่","16304","จันทร์","B2C","สาขากรุงเทพกรีฑา","เลขที่ 149 ถ.กรุงเทพกรีฑา แขวงหัวหมาก เขตบางกะปิ จ.กรุงเทพฯ 10240","13.7488721,100.6519457",13.7488721,100.6519457,"บางกะปิ","รอน้ำลด","","ยังส่งไม่ได้",false,"","",""
1563,"260309","สุทัศนีย์ สุเมธาศร","2026-09-28T11:53:00+07:00","ปกติ","ไม่สามารถเข้าส่งได้ น้ำท่วมสูงในพื้นที่","16307","จันทร์","B2C","สาขากรุงเทพกรีฑา","59/279 โฮมเพลสรามคำแหง140 ซ.23 ซ.รามคำแหง 140 ถ.รามคำแหง แขวงสะพานสูง เขตสะพานสูง จ.กรุงเทพฯ 10240","13.775836666666665,100.69228",13.775836666666665,100.69228,"สะพานสูง","รอน้ำลด","","ยังส่งไม่ได้",false,"","",""
1564,"260547","ไท่คงไห่ จำกัด","2026-09-28T13:22:00+07:00","ปกติ","ไม่สามารถเข้าส่งได้ น้ำท่วมสูงในพื้นที่","16103","จันทร์","B2B","สาขากรุงเทพกรีฑา","98/43 บ้านกลางเมือง พระราม 9 - รามคำแหง ซ.รามคำแหง 39 แขวงพลับพลา เขตวังทองหลาง จ.กรุงเทพฯ 10310","13.760553333333332,100.61311333333333",13.760553333333332,100.61311333333333,"วังทองหลาง","รอน้ำลด","","ยังส่งไม่ได้",false,"","",""
1565,"260628","บุษบา ยาตาลี","2026-09-28T12:11:00+07:00","โอนงานสิ้นวัน","ไม่สามารถเข้าส่งได้ น้ำท่วมสูงในพื้นที่","16203","เสาร์","B2C","สาขากรุงเทพกรีฑา","8/33 คอนโดฝักข้าวโพด 3 อาคาร 3 ซ.40 แยก 2 ถ.รามคำแหง แขวงหัวหมาก เขตบางกะปิ จ.กรุงเทพฯ 10240","13.757013333333335,100.63892666666668",13.757013333333335,100.63892666666668,"บางกะปิ","รอน้ำลด","","ยังส่งไม่ได้",true,"วีรวัฒน์ อุดมทรัพย์","28/09/2026","ผู้ทำรายการ:วีรวัฒน์ อุดมทรัพย์;โอนงานมาจากวันที่:28/09/2026"
1566,"260817","กุ","2026-09-28T12:57:00+07:00","ปกติ","ไม่สามารถเข้าส่งได้ น้ำท่วมสูงในพื้นที่","16302","จันทร์","B2C","สาขากรุงเทพกรีฑา","12/5 มาวิสต้า เพรสทีจ วิลเลจ ถ.กรุงเทพกรีฑา แขวงทับช้าง เขตสะพานสูง จ.กรุงเทพฯ 10250","13.745375000000001,100.66572333333333",13.745375000000001,100.66572333333333,"สะพานสูง","รอน้ำลด","","ยังส่งไม่ได้",false,"","",""
1567,"261105","NAY THAW HTOO","2026-09-28T12:08:00+07:00","ตามน้ำ","ไม่สามารถเข้าส่งได้ น้ำท่วมสูงในพื้นที่","16203","จันทร์","B2C","สาขากรุงเทพกรีฑา","THE BASE RAMA-9 RAMKHAMHEANG, CONDO, BUILDING 3, FLOOR 18, ROOM 409, 3, RAMKHAMHEANG HUA MAK, BANG KAPI, BANGKOK, 10240","13.748410000000002,100.60569333333333",13.748410000000002,100.60569333333333,"","รอน้ำลด","","ยังส่งไม่ได้",false,"","",""
1568,"261946","ZIN YE HTET","2026-09-28T12:44:00+07:00","ปกติ","ไม่สามารถเข้าส่งได้ เกิดข้อผิดพลาด (เลื่อนวันที่ส่ง)","16201","จันทร์","B2C","สาขากรุงเทพกรีฑา","10626 CHEWATHAI HALLMARK LADPRAO - CHOKCHAI 4 PHASE 2 BUILDING C,FLOOR 8,ROOM 969/118 SOI SANGKHOM SONGKHRO NUEA 1 WANG THONGLANG WANG THONGLANG BANGKOK 10310","13.795690000000002,100.59988166666666",13.795690000000002,100.59988166666666,"","รอน้ำลด","","ยังส่งไม่ได้",false,"","",""
1569,"262102","วณิภา","2026-09-28T12:45:00+07:00","ปกติ","ไม่สามารถเข้าส่งได้ น้ำท่วมสูงในพื้นที่","16201","จันทร์","B2C","สาขากรุงเทพกรีฑา","1095 โชคชัย 4 ซ.6 (สังคมสงเคราะห์ 31) ถ.ลาดพร้าว แขวงวังทองหลาง เขตวังทองหลาง จ.กรุงเทพฯ 10310","13.796686666666668,100.59729166666666",13.796686666666668,100.59729166666666,"วังทองหลาง","รอน้ำลด","","ยังส่งไม่ได้",false,"","",""
1570,"262449","ฮันเตอร์99 จำกัด","2026-09-28T10:25:00+07:00","ปกติ","ไม่สามารถเข้าส่งได้ น้ำท่วมสูงในพื้นที่","16304","จันทร์","B2B","สาขากรุงเทพกรีฑา","เลขที่ 2 ซ.มอเตอร์เวย์ 7 แยก 2  แขวงทับช้าง เขตสะพานสูง จ.กรุงเทพฯ 10240","13.737390000000001,100.67326833333333",13.737390000000001,100.67326833333333,"สะพานสูง","รอน้ำลด","","ยังส่งไม่ได้",false,"","",""
1571,"262678","มิสซา","2026-09-28T13:23:00+07:00","ปกติ","ไม่สามารถเข้าส่งได้ น้ำท่วมสูงในพื้นที่","16307","จันทร์","B2C","สาขากรุงเทพกรีฑา","79/61 บ้านศิริรินทร์ ซ.รามคำแหง 118 แยก 42-2 ถ.สุขาภิบาล 3 แขวงสะพานสูง เขตสะพานสูง จ.กรุงเทพฯ 10240","13.769336666666668,100.684085",13.769336666666668,100.684085,"สะพานสูง","รอน้ำลด","","ยังส่งไม่ได้",false,"","",""
1572,"262928","XIAOYAN  WU","2026-09-28T12:47:00+07:00","ปกติ","ไม่สามารถเข้าส่งได้ น้ำท่วมสูงในพื้นที่","16302","จันทร์","B2C","สาขากรุงเทพกรีฑา","PATIO SRINAKARIN RAMA 9, 300/99  KRUNGTHEP KREETHA ROAD HUA MAK, BANG KAPI, BANGKOK, 10240","13.741918333333334,100.65802833333333",13.741918333333334,100.65802833333333,"","รอน้ำลด","","ยังส่งไม่ได้",false,"","",""
1573,"263075","จารุณี","2026-09-28T12:40:00+07:00","ปกติ","ไม่สามารถเข้าส่งได้ น้ำท่วมสูงในพื้นที่","16306","จันทร์","B2C","สาขากรุงเทพกรีฑา","48/283 หมู่บ้านเดอะวิลล่ารามคำแหง ซ.รามคำแหง 174 ถ.รามคำแหง แขวงมีนบุรี เขตมีนบุรี จ.กรุงเทพฯ 10510","13.788468333333332,100.71797",13.788468333333332,100.71797,"มีนบุรี","รอน้ำลด","","ยังส่งไม่ได้",false,"","",""
1574,"263337","วาเลนไทน์ ศรีทอง","2026-09-28T12:49:00+07:00","ปกติ","ไม่สามารถเข้าส่งได้ น้ำท่วมสูงในพื้นที่","16306","จันทร์","B2C","สาขากรุงเทพกรีฑา","48/247 THE VILLA ซ.11  แขวงมีนบุรี เขตมีนบุรี จ.กรุงเทพฯ 10510","13.78892,100.71878166666666",13.78892,100.71878166666666,"มีนบุรี","รอน้ำลด","","ยังส่งไม่ได้",false,"","",""
1575,"263449/1","GAA GROUP COMPANY LIMITED","2026-09-28T12:15:00+07:00","โอนงานสิ้นวัน","ไม่สามารถเข้าส่งได้ น้ำท่วมสูงในพื้นที่","16203","พุธ, เสาร์","B2B","สาขากรุงเทพกรีฑา","TERRA 9 + 2 MW PROJECT, 1 SOI RAMKHAMHAENG 28 HUA MAK BANG KAPI BANGKOK 10240","13.758521666666665,100.63281333333335",13.758521666666665,100.63281333333335,"","รอน้ำลด","","ยังส่งไม่ได้",true,"วีรวัฒน์ อุดมทรัพย์","28/09/2026","ผู้ทำรายการ:วีรวัฒน์ อุดมทรัพย์;โอนงานมาจากวันที่:28/09/2026"
1576,"263711","วัชรี เพ็ชรโปรี","2026-09-28T12:47:00+07:00","ปกติ","ไม่สามารถเข้าส่งได้ น้ำท่วมสูงในพื้นที่","16306","จันทร์","B2C","สาขากรุงเทพกรีฑา","568/1 ธรากร ซ.รามคำแหง 164 แยก9 ถ.สุขาภิบาล 3 แขวงมีนบุรี เขตมีนบุรี จ.กรุงเทพฯ 10510","13.793723333333332,100.71137333333333",13.793723333333332,100.71137333333333,"มีนบุรี","รอน้ำลด","","ยังส่งไม่ได้",false,"","",""
1577,"264243","จันทร์ 29 จำกัด (มหาชน)","2026-09-28T12:43:00+07:00","ปกติ","ไม่สามารถเข้าส่งได้ น้ำท่วมสูงในพื้นที่","16201","จันทร์","B2B","สาขากรุงเทพกรีฑา","เลขที่ 529 ซ.ลาดพร้าว 71 แขวงสะพานสอง เขตวังทองหลาง จ.กรุงเทพฯ 10310","13.793315,100.60509666666667",13.793315,100.60509666666667,"วังทองหลาง","รอน้ำลด","","ยังส่งไม่ได้",false,"","",""
1578,"264450","ศุภวรรณ ดำขำ","2026-09-28T12:38:00+07:00","เสริมน้ำ นอกรอบ","ไม่สามารถเข้าส่งได้ เกิดข้อผิดพลาด (เลื่อนวันที่ส่ง)","16205","เสาร์","B2C","สาขากรุงเทพกรีฑา","11/199 THE 1PLUS GRAND HUAMARK ตึก บี ชั้น 7 ห้อง 704B ซ.หัวหมาก18 แขวงหัวหมาก เขตบางกะปิ จ.กรุงเทพฯ 10240","13.752888333333333,100.63645333333334",13.752888333333333,100.63645333333334,"บางกะปิ","รอน้ำลด","","ยังส่งไม่ได้",false,"","",""
1579,"264913","ศักดา ตอศิริกุล","2026-09-28T14:32:00+07:00","ปกติ","ไม่สามารถเข้าส่งได้ น้ำท่วมสูงในพื้นที่","16206","จันทร์","B2C","สาขากรุงเทพกรีฑา","เลขที่ 2 กรทองธารา นวดไทย ห้อง 4 ซ.รามคำแหง 81 ถ.รามคำแหง แขวงหัวหมาก เขตบางกะปิ จ.กรุงเทพฯ 10240","13.7616538,100.6340051",13.7616538,100.6340051,"บางกะปิ","รอน้ำลด","","ยังส่งไม่ได้",false,"","",""
1580,"264920","ชาลิณี","2026-09-28T11:20:00+07:00","โอนงานสิ้นวัน","ไม่สามารถเข้าส่งได้ น้ำท่วมสูงในพื้นที่","16304","เสาร์","B2C","สาขากรุงเทพกรีฑา","11 ซ.5 แยก 4-4 หมู่บ้านนักกีฬาแหลมทอง ถ.กรุงเทพกรีฑา  แขวงทับช้าง เขตสะพานศูล จ.กรุงเทพฯ 10240","13.745566666666665,100.69204333333333",13.745566666666665,100.69204333333333,"สะพานศูล","รอน้ำลด","","ยังส่งไม่ได้",true,"วีรวัฒน์ อุดมทรัพย์","28/09/2026","ผู้ทำรายการ:วีรวัฒน์ อุดมทรัพย์;โอนงานมาจากวันที่:28/09/2026"
1581,"265068","นัยนา ไค","2026-09-28T12:47:00+07:00","ปกติ","ไม่สามารถเข้าส่งได้ น้ำท่วมสูงในพื้นที่","16306","จันทร์","B2C","สาขากรุงเทพกรีฑา","3/4 (ร้านขนม) ซ.รามคำแหง 164  แขวงมีนบุรี เขตมีนบุรี กรุงเทพฯ 10510","13.794731666666667,100.71024833333334",13.794731666666667,100.71024833333334,"มีนบุรี","รอน้ำลด","","ยังส่งไม่ได้",false,"","",""
1582,"265078","นวพร","2026-09-28T12:42:00+07:00","ปกติ","ไม่สามารถเข้าส่งได้ น้ำท่วมสูงในพื้นที่","16306","จันทร์","B2C","สาขากรุงเทพกรีฑา","25/73 หมู่บ้านบัวขาว ซ.25 ถ.รามคำแหง174 แขวงมีนบุรี เขตมีนบุรี จ.กรุงเทพฯ 10510","13.784774999999998,100.72229166666666",13.784774999999998,100.72229166666666,"มีนบุรี","รอน้ำลด","","ยังส่งไม่ได้",false,"","",""
1583,"265454","ธัชจุฑา  คิมหันต์วัฒนาพร","2026-09-28T13:04:00+07:00","ปกติ","ไม่สามารถเข้าส่งได้ น้ำท่วมสูงในพื้นที่","16204","จันทร์","B2C","สาขากรุงเทพกรีฑา","11/84 โครงการเมซอง168 ลาดพร้าว101 ซ.ลาดพร้าว101 ซ.56 ถ.โพธิ์แก้ว แขวงคลองจั่น เขตบางกะปิ จ.กรุงเทพฯ 10240","13.800645000000001,100.62918833333333",13.800645000000001,100.62918833333333,"บางกะปิ","รอน้ำลด","","ยังส่งไม่ได้",false,"","",""
1584,"266057","QUN","2026-09-28T13:10:00+07:00","ปกติ","ไม่สามารถเข้าส่งได้ น้ำท่วมสูงในพื้นที่","16205","จันทร์","B2C","สาขากรุงเทพกรีฑา","879/38 NIRVANA DESING VILLAGE RAMA 9, SUAN LUANG SUAN LUANG BANGKOK 10250","13.744865,100.61980833333334",13.744865,100.61980833333334,"","รอน้ำลด","","ยังส่งไม่ได้",false,"","",""
1585,"266073","ณภัทร ครุฑดำ","2026-09-28T12:42:00+07:00","ปกติ","ไม่สามารถเข้าส่งได้ น้ำท่วมสูงในพื้นที่","16306","จันทร์","B2C","สาขากรุงเทพกรีฑา","48/101 หมู่บ้าน เดอะวิลล่า รามคำแหง174 แขวงมีนบุรี เขตมีนบุรี จ.กรุงเทพฯ 10510","13.7883609,100.7198284",13.7883609,100.7198284,"มีนบุรี","รอน้ำลด","","ยังส่งไม่ได้",false,"","",""
1586,"266258","YAMIN NANDI","2026-09-28T12:55:00+07:00","ตามน้ำ","ไม่สามารถเข้าส่งได้ น้ำท่วมสูงในพื้นที่","16302","จันทร์","B2C","สาขากรุงเทพกรีฑา","THE LIVIN RAMKHAMHAENG, ROOM(8/846), BUILDING B, 19TH FLOOR, RAMKHANHAENG ROAD, HUA MAK BANG KAPI BANGKOK 10240","13.764970000000002,100.64880333333333",13.764970000000002,100.64880333333333,"","รอน้ำลด","","ยังส่งไม่ได้",false,"","",""
1587,"266387","วันวิสาข์","2026-09-28T12:43:00+07:00","ปกติ","ไม่สามารถเข้าส่งได้ น้ำท่วมสูงในพื้นที่","16306","จันทร์","B2C","สาขากรุงเทพกรีฑา","48/132 หมู่บ้านเดอะวิลล่า ซ.รามคำแหง 174 ถ.รามคำแหง แขวงมีนบุรี เขตมีนบุรี จ.กรุงเทพฯ 10510","13.787301666666668,100.71775833333335",13.787301666666668,100.71775833333335,"มีนบุรี","รอน้ำลด","","ยังส่งไม่ได้",false,"","",""
1588,"266460","KYI MIN  KHANT","2026-09-28T17:00:00+07:00","โอนงานสิ้นวัน","ไม่สามารถเข้าส่งได้ เกิดข้อผิดพลาด (เลื่อนวันที่ส่ง)","16107","เสาร์","B2C","สาขากรุงเทพกรีฑา","CHATEAU IN TOWN RATCHADA 10 FLOOR-2 ,ROOM NO.335/3 10 ALLEY, LANE 7 HUAI KHWANG, HUAI KHWANG, BANGKOK, 10310","13.770985405134,100.57398702834",13.770985405134,100.57398702834,"","รอน้ำลด","","ยังส่งไม่ได้",true,"สถาพร นนท์เข็มพรหม","26/09/2026","ผู้ทำรายการ:สถาพร นนท์เข็มพรหม;โอนงานมาจากวันที่:26/09/2026"
1589,"266619","HABEEB  KO KO OO","2026-09-28T11:22:00+07:00","โอนงานสิ้นวัน","ไม่สามารถเข้าส่งได้ น้ำท่วมสูงในพื้นที่","16304","เสาร์","B2C","สาขากรุงเทพกรีฑา","112/09, PRACHASUK CONDO, BUILDING 2, FLOOR 2, ROOM 09, NAKKILA LAEMTHONG 9, KRUNG THEP KRITHA ROAD THAP CHANG, SAPHAN SUNG, BANGKOK, 10250","13.748276666666667,100.69663",13.748276666666667,100.69663,"","รอน้ำลด","","ยังส่งไม่ได้",true,"ฤทธิศักดิ์ สระเงินสิงห์","28/09/2026","ผู้ทำรายการ:ฤทธิศักดิ์ สระเงินสิงห์;โอนงานมาจากวันที่:28/09/2026"
1590,"267271/1","TAIXIN","2026-09-28T14:02:00+07:00","โอนงานสิ้นวัน","ไม่สามารถเข้าส่งได้ น้ำท่วมสูงในพื้นที่","16103","เสาร์","B2C","สาขากรุงเทพกรีฑา","98/136 BAAN KLANG MUANG RAMA 9 - RAMKHAMHAENG WANG THONGLANG WANG THONGLANG BANGKOK 10310","13.762881666666665,100.61212500000002",13.762881666666665,100.61212500000002,"","รอน้ำลด","","ยังส่งไม่ได้",true,"วีรวัฒน์ อุดมทรัพย์","28/09/2026","ผู้ทำรายการ:วีรวัฒน์ อุดมทรัพย์;โอนงานมาจากวันที่:28/09/2026"
1591,"267299","YE LIN AUNG","2026-09-28T16:59:00+07:00","โอนงานสิ้นวัน","ไม่สามารถเข้าส่งได้ น้ำท่วมสูงในพื้นที่","16107","เสาร์","B2C","สาขากรุงเทพกรีฑา","SUPALAI CITY HOME RATCHADA 10, BUILDING I3, FLOOR 6, ROOM 587/112, 1 RATCHADAPHISEK 10 ALLEY HUAI KHWANG, HUAI KHWANG, BANGKOK, 10310","13.770239522372,100.57553708553",13.770239522372,100.57553708553,"","รอน้ำลด","","ยังส่งไม่ได้",true,"วุฒิชัย จีปน","26/09/2026","ผู้ทำรายการ:วุฒิชัย จีปน;โอนงานมาจากวันที่:26/09/2026"
1592,"267422","เอมี่ เจน จำกัด","2026-09-28T13:42:00+07:00","โอนงานสิ้นวัน","ไม่สามารถเข้าส่งได้ น้ำท่วมสูงในพื้นที่","16106","พุธ, เสาร์","B2B","สาขากรุงเทพกรีฑา","175 ซ.ลาดพร้าว 64 (แยก 7) ถ.ลาดพร้าว  แขวงลาดพร้าว เขตลาดพร้าว จ.กรุงเทพฯ 10230","13.788906666666666,100.599725",13.788906666666666,100.599725,"ลาดพร้าว","รอน้ำลด","","ยังส่งไม่ได้",true,"จิรวัฒน์ สัยนิถี","28/09/2026","ผู้ทำรายการ:จิรวัฒน์ สัยนิถี;โอนงานมาจากวันที่:28/09/2026"
1593,"267461","พิชญาธรรม เฮลท์แคร์ จำกัด","2026-09-28T13:05:00+07:00","ปกติ","ไม่สามารถเข้าส่งได้ น้ำท่วมสูงในพื้นที่","16204","จันทร์","B2B","สาขากรุงเทพกรีฑา","32 ธรรมพิชญาคลินิก สาขาโพธิ์แก้ว ซ.โพธิ์แก้ว 3 แขวงคลองจั่น เขตบางกะปิ จ.กรุงเทพฯ 10240","13.8001917,100.6340951",13.8001917,100.6340951,"บางกะปิ","รอน้ำลด","","ยังส่งไม่ได้",false,"","",""
1594,"267992","สุมิตรา","2026-09-28T12:45:00+07:00","ปกติ","ไม่สามารถเข้าส่งได้ น้ำท่วมสูงในพื้นที่","16303","จันทร์","B2C","สาขากรุงเทพกรีฑา","79/178 หมู่บ้านภัทรา ซ.2 ซ.รามคำแหง 76  แขวงหัวหมาก เขตบางกะปิ จ.กรุงเทพฯ 10240","13.766551666666665,100.66452833333332",13.766551666666665,100.66452833333332,"บางกะปิ","รอน้ำลด","","ยังส่งไม่ได้",false,"","",""
1595,"268054","SHEILAR","2026-09-28T13:01:00+07:00","ปกติ","ไม่สามารถเข้าส่งได้ น้ำท่วมสูงในพื้นที่","16302","จันทร์","B2C","สาขากรุงเทพกรีฑา","THE LIVIN RAMKHAMHAENG UNIT 8/1189 FLOOR 25 SOI RAMKHAMHAENG 97/2 HUA MAK BANG KAPI BANGKOK 10240","13.764046666666665,100.64883499999999",13.764046666666665,100.64883499999999,"","รอน้ำลด","","ยังส่งไม่ได้",false,"","",""
1596,"268079","CHAVEEWON  NIKKUNI","2026-09-28T12:08:00+07:00","ตามน้ำ","ไม่สามารถเข้าส่งได้ น้ำท่วมสูงในพื้นที่","16203","เสาร์","B2C","สาขากรุงเทพกรีฑา","NICHE MONO RAMKHAMHAENG, BUILDING BB, FLOOR 15, ROOM 460/964, RAMKHAMHAENG ROAD HUA MAK, BANG KAPI, BANGKOK, 10240","13.7585952,100.637541",13.7585952,100.637541,"","รอน้ำลด","","ยังส่งไม่ได้",false,"","",""
1597,"268377","YE HTUT","2026-09-28T13:02:00+07:00","ปกติ","ไม่สามารถเข้าส่งได้ น้ำท่วมสูงในพื้นที่","16302","จันทร์","B2C","สาขากรุงเทพกรีฑา","THE LIVIN RAMKHAMHAENG, TOWER B, ROOM NO. 8/1150, 8 RAMKHAMHAENG RD,  HUA MAK, BANG KAPI, BANGKOK 10240   ","13.764495,100.64887833333333",13.764495,100.64887833333333,"","รอน้ำลด","","ยังส่งไม่ได้",false,"","",""
1598,"268986","สปาร์คอัพ มีเดีย จำกัด","2026-09-28T12:32:00+07:00","เสริมน้ำ ตรงรอบ","ไม่สามารถเข้าส่งได้ เกิดข้อผิดพลาด (เลื่อนวันที่ส่ง)","16201","จันทร์","B2B","สาขากรุงเทพกรีฑา","318/41 ซ.ลาดพร้าว 87 จันทราสุข) แขวงคลองเจ้าคุณสิงห์ เขตวังทองหลาง จ.กรุงเทพฯ 10310","13.789694999999998,100.62285166666668",13.789694999999998,100.62285166666668,"วังทองหลาง","รอน้ำลด","","ยังส่งไม่ได้",false,"","",""
1599,"268987","วันเพ็ญ กัณฑณาพิพัฒน์","2026-09-28T14:28:00+07:00","โอนงานสิ้นวัน","ไม่สามารถเข้าส่งได้ น้ำท่วมสูงในพื้นที่","16206","เสาร์","B2C","สาขากรุงเทพกรีฑา","823/81 ซ.ศูนย์บันเทิงการค้า ถ.แฮปปี้แลนด์ แขวงคลองจั่น เขตบางกะปิ จ.กรุงเทพฯ 10240","13.778906666666668,100.64283500000002",13.778906666666668,100.64283500000002,"บางกะปิ","รอน้ำลด","","ยังส่งไม่ได้",true,"ฤทธิศักดิ์ สระเงินสิงห์","28/09/2026","ผู้ทำรายการ:ฤทธิศักดิ์ สระเงินสิงห์;โอนงานมาจากวันที่:28/09/2026"
1600,"269099","สาธิต","2026-09-28T11:20:00+07:00","โอนงานสิ้นวัน","ไม่สามารถเข้าส่งได้ น้ำท่วมสูงในพื้นที่","16304","เสาร์","B2C","สาขากรุงเทพกรีฑา","22 (99/73) ซ.นักกรีฑราแหลมทอง 5 แยก 2-3 (ซอย10 ก.)  ถ.กรุงเทพกรีฑา แขวงทับช้าง เขตสะพานสูง จ.กรุงเทพฯ 10250","13.745051666666665,100.69400666666667",13.745051666666665,100.69400666666667,"สะพานสูง","รอน้ำลด","","ยังส่งไม่ได้",true,"วีรวัฒน์ อุดมทรัพย์","28/09/2026","ผู้ทำรายการ:วีรวัฒน์ อุดมทรัพย์;โอนงานมาจากวันที่:28/09/2026"
1601,"269138","กรีน แอสเซท แมนเนจเม้นท์ จำกัด","2026-09-28T12:39:00+07:00","ปกติ","ไม่สามารถเข้าส่งได้ น้ำท่วมสูงในพื้นที่","16201","จันทร์","B2B","สาขากรุงเทพกรีฑา","713/14 ซ.ลาดพร้าว 73 ถ.ประดิษฐ์มนูธรรม  แขวงสะพานสอง เขตวังทองหลาง กรุงเทพมฯ 10310","13.793603333333332,100.60995",13.793603333333332,100.60995,"วังทองหลาง","รอน้ำลด","","ยังส่งไม่ได้",false,"","",""
1602,"269251","เกศรา จั่นงิ้ว","2026-09-28T13:03:00+07:00","ปกติ","ไม่สามารถเข้าส่งได้ น้ำท่วมสูงในพื้นที่","16204","จันทร์","B2C","สาขากรุงเทพกรีฑา","7 ซ.ลาดพร้าว 101 (แยก 54) ถ.ลาดพร้าว แขวงคลองจั่น เขตบางกะปิ จ.กรุงเทพฯ 10240","13.796636666666666,100.62754000000001",13.796636666666666,100.62754000000001,"บางกะปิ","รอน้ำลด","","ยังส่งไม่ได้",false,"","",""
1603,"269313","ชนดา วุฒิพนามงคล","2026-09-28T12:12:00+07:00","โอนงานสิ้นวัน","ไม่สามารถเข้าส่งได้ น้ำท่วมสูงในพื้นที่","16203","เสาร์","B2C","สาขากรุงเทพกรีฑา","460/671 NICHE MONO RAMKAMHEANG อาคาร A ชั้น 32 ห้อง 671 ถ.รามคำแหง แขวงหัวหมาก เขตบางกะปิ จ.กรุงเทพฯ 10240","13.760198333333335,100.63729666666669",13.760198333333335,100.63729666666669,"บางกะปิ","รอน้ำลด","","ยังส่งไม่ได้",true,"สถาพร นนท์เข็มพรหม","26/09/2026","ผู้ทำรายการ:สถาพร นนท์เข็มพรหม;โอนงานมาจากวันที่:26/09/2026"
1604,"269444","PHONE THANT MIN","2026-09-28T13:03:00+07:00","ปกติ","ไม่สามารถเข้าส่งได้ น้ำท่วมสูงในพื้นที่","16302","จันทร์","B2C","สาขากรุงเทพกรีฑา","THE LIVIN RAMKHAMHAENG, LOBBY B, FLOOR 7, ROOM 8/34, RAMKHAMHAENG RD.,  HUA MAK BANG KAPI BANGKOK 10240","13.764833333333335,100.64940499999999",13.764833333333335,100.64940499999999,"","รอน้ำลด","","ยังส่งไม่ได้",false,"","",""
1605,"269887","อารีญา เกื้อกูล","2026-09-28T13:44:00+07:00","ปกติ","ไม่สามารถเข้าส่งได้ น้ำท่วมสูงในพื้นที่","16106","จันทร์","B2C","สาขากรุงเทพกรีฑา","338 อาคารปรีชาคอมเพล็ก (ร้านกาแฟ MEOW RAC) ซ.รัชดาภิเษก 20 แขวงสามเสนนอก เขตห้วยขวาง จ.กรุงเทพฯ 10310","13.79125166666667,100.57458166666666",13.79125166666667,100.57458166666666,"ห้วยขวาง","รอน้ำลด","","ยังส่งไม่ได้",false,"","",""
1606,"269889","มูลนิธิเพื่อสุนัขในซอย","2026-09-28T12:42:00+07:00","ปกติ","ไม่สามารถเข้าส่งได้ น้ำท่วมสูงในพื้นที่","16201","จันทร์","B2B","สาขากรุงเทพกรีฑา","281/2 ซ.สังคมสงเคราะห์ 7 ถ.สังคมสงเคราะห์ แขวงสะพานสอง เขตวังทองหลาง กรุงเทพฯ 10310","13.793265,100.60656166666668",13.793265,100.60656166666668,"วังทองหลาง","รอน้ำลด","","ยังส่งไม่ได้",false,"","",""
1607,"269937","SAM SMITH","2026-09-28T12:58:00+07:00","ปกติ","ไม่สามารถเข้าส่งได้ น้ำท่วมสูงในพื้นที่","16303","จันทร์","B2C","สาขากรุงเทพกรีฑา","PLUM CONDO RAM 60 INTERCHANGE, BUILDING D, FLOOR 3, ROOM 432, RAMKHAMHAENG 60 HUA MAK BANG KAPI BANGKOK 10240","13.758989999999999,100.64947666666667",13.758989999999999,100.64947666666667,"","รอน้ำลด","","ยังส่งไม่ได้",false,"","",""
1608,"270175/2","แม็กซ์วันฟู้ด (ประเทศไทย) จำกัด","2026-09-28T11:49:00+07:00","ปกติ","ไม่สามารถเข้าส่งได้ เกิดข้อผิดพลาด (เลื่อนวันที่ส่ง)","16203","จันทร์","B2C","สาขากรุงเทพกรีฑา","2093-2095 ถ.รามคำแหง แขวงหัวหมาก เขตบางกะปิ จ.กรุงเทพฯ 10240","13.757298333333331,100.61532833333334",13.757298333333331,100.61532833333334,"บางกะปิ","รอน้ำลด","","ยังส่งไม่ได้",false,"","",""
1609,"270196","ทศพร สังข์บูรณ์","2026-09-28T13:17:00+07:00","ปกติ","ไม่สามารถเข้าส่งได้ น้ำท่วมสูงในพื้นที่","16303","จันทร์","B2C","สาขากรุงเทพกรีฑา","301/1003 กิตตินิเวศน์ ซ.รามคำแหง 68 ถ.รามคำแหง แขวงหัวหมาก เขตบางกะปิ จ.กรุงเทพฯ 10240","13.761611666666665,100.66862666666665",13.761611666666665,100.66862666666665,"บางกะปิ","รอน้ำลด","","ยังส่งไม่ได้",false,"","",""
1610,"270246","กิตติพงศ์","2026-09-28T12:43:00+07:00","ปกติ","ไม่สามารถเข้าส่งได้ น้ำท่วมสูงในพื้นที่","16306","จันทร์","B2C","สาขากรุงเทพกรีฑา","48/126 หมู่บ้านเดอะ วิลล่า ซ.รามคำแหง 174  แขวงมีนบุรี เขตมีนบุรี กรุงเทพฯ 10510","13.787771666666666,100.71788333333333",13.787771666666666,100.71788333333333,"มีนบุรี","รอน้ำลด","","ยังส่งไม่ได้",false,"","",""
1611,"270253","สุกัญญา วงค์พุทธา","2026-09-28T13:07:00+07:00","ปกติ","ไม่สามารถเข้าส่งได้ น้ำท่วมสูงในพื้นที่","16204","จันทร์","B2C","สาขากรุงเทพกรีฑา","16/6 ซ.โพธิ์แก้ว 3 แยก 6/1 แขวงคลองจั่น เขตบางกะปิ จ.กรุงเทพฯ 10240","13.801398333333335,100.63387333333334",13.801398333333335,100.63387333333334,"บางกะปิ","รอน้ำลด","","ยังส่งไม่ได้",false,"","",""
1612,"270282","HONGYAN YUAN","2026-09-28T12:43:00+07:00","ปกติ","ไม่สามารถเข้าส่งได้ น้ำท่วมสูงในพื้นที่","16306","จันทร์","B2C","สาขากรุงเทพกรีฑา","48/142 THE VILLA RAMKUMHAENG, SOI RAMKUMHAENG 174, RAMKUMHAENG MIN BURI, MIN BURI, BANGKOK, 10510","13.788635,100.71958166666667",13.788635,100.71958166666667,"","รอน้ำลด","","ยังส่งไม่ได้",false,"","",""
1613,"270665","เอส พี แลมปาดาริ จำกัด","2026-09-28T13:01:00+07:00","โอนงานสิ้นวัน","ไม่สามารถเข้าส่งได้ น้ำท่วมสูงในพื้นที่","16205","เสาร์","B2B","สาขากรุงเทพกรีฑา","18/9 ซ.หัวหมาก 22 ถ.หัวหมาก แขวงหัวหมาก เขตบางกะปิ จ.กรุงเทพฯ 10240","13.753858333333335,100.63559833333332",13.753858333333335,100.63559833333332,"บางกะปิ","รอน้ำลด","","ยังส่งไม่ได้",true,"สถาพร นนท์เข็มพรหม","26/09/2026","ผู้ทำรายการ:สถาพร นนท์เข็มพรหม;โอนงานมาจากวันที่:26/09/2026"
1614,"270856","ดี รวย มาก","2026-09-28T12:47:00+07:00","ปกติ","ไม่สามารถเข้าส่งได้ น้ำท่วมสูงในพื้นที่","16201","จันทร์","B2B","สาขากรุงเทพกรีฑา","139/26 อาคารเดอะเชลเตอร์ ซ.ลาดพร้าว 53 (โชคชัย 4)  ชั้น 2,ซ.ลาดพร้าว 53 แขวงสะพานสอง เขตวังทองหลาง กรุงเทพฯ 10310","13.7974647,100.5952946",13.7974647,100.5952946,"วังทองหลาง","รอน้ำลด","","ยังส่งไม่ได้",false,"","",""
1615,"271268/1","วันฉัตร ไชยวุฒิ","2026-09-28T13:12:00+07:00","ปกติ","ไม่สามารถเข้าส่งได้ น้ำท่วมสูงในพื้นที่","16205","จันทร์","B2C","สาขากรุงเทพกรีฑา","136 เอแบคคอนโดทาวน์ ห้อง 191 ซ.รามคำแหง 24 แยก 34 แขวงหัวหมาก เขตบางกะปิ จ.กรุงเทพฯ 10240","13.75272,100.62853166666667",13.75272,100.62853166666667,"บางกะปิ","รอน้ำลด","","ยังส่งไม่ได้",false,"","",""
1616,"271355","KYAW","2026-09-28T12:45:00+07:00","ตามน้ำ","ไม่สามารถเข้าส่งได้ น้ำท่วมสูงในพื้นที่","16205","เสาร์","B2C","สาขากรุงเทพกรีฑา","130 BAAN SUAN RAMKHAMHEANG RM#1304 RAMKHAMHEANG 52/2 (SINSETTHI), RAMKHAMHEANG RD HUA MAK BANG KAPI BANGKOK 10240","13.75643,100.64451499999998",13.75643,100.64451499999998,"","รอน้ำลด","","ยังส่งไม่ได้",false,"","",""
1617,"271439","อินเตอร์คอสเพ็ด (ประเทศไทย) จำกัด","2026-09-28T13:44:00+07:00","ปกติ","ไม่สามารถเข้าส่งได้ น้ำท่วมสูงในพื้นที่","16106","จันทร์","B2B","สาขากรุงเทพกรีฑา","274/1-2 ซ.รุ่งเรือง แขวงสามเสนนอก เขตห้วยขวาง จ.กรุงเทพฯ 10310","13.795974999999999,100.57660666666668",13.795974999999999,100.57660666666668,"ห้วยขวาง","รอน้ำลด","","ยังส่งไม่ได้",false,"","",""
1618,"271528","โชคชัย","2026-09-28T13:34:00+07:00","เสริมน้ำ ตรงรอบ","ไม่สามารถเข้าส่งได้ เกิดข้อผิดพลาด (เลื่อนวันที่ส่ง)","16308","จันทร์","B2C","สาขากรุงเทพกรีฑา","98/53 พลีโน่พระรามเก้ากรุงเทพกรีฑา 3 ซ.กาญจนาภิเษก 25 แขวงสะพานสูง เขตสะพานสูง จ.กรุงเทพฯ 10240","13.748036666666668,100.70776",13.748036666666668,100.70776,"สะพานสูง","รอน้ำลด","","ยังส่งไม่ได้",false,"","",""
1619,"271710","เล่าแวย","2026-09-28T12:49:00+07:00","ปกติ","ไม่สามารถเข้าส่งได้ น้ำท่วมสูงในพื้นที่","16204","จันทร์","B2C","สาขากรุงเทพกรีฑา","36/17 โครงการ ดิ ออเนอร์ โยธินพัฒนา ถ.โพธิ์แก้ว  แขวงคลองจั่น เขตบางกะปิ จ.กรุงเทพฯ 10240","13.801760000000002,100.63369833333333",13.801760000000002,100.63369833333333,"บางกะปิ","รอน้ำลด","","ยังส่งไม่ได้",false,"","",""
1620,"271751","โวลต์ จำกัด","2026-09-28T12:05:00+07:00","เสริมน้ำ ตรงรอบ","ไม่สามารถเข้าส่งได้ น้ำท่วมสูงในพื้นที่","16203","จันทร์","B2B","สาขากรุงเทพกรีฑา","5/1 อาคาร ฤทธิ์รัตน ชั้น 2 ห้อง 6201 ถ.รามคำแหง แขวงหัวหมาก เขตบางกะปิ จ.กรุงเทพฯ 10240","13.748153333333335,100.60649333333335",13.748153333333335,100.60649333333335,"บางกะปิ","รอน้ำลด","","ยังส่งไม่ได้",false,"","",""
1621,"272002","YA DOU","2026-09-28T13:09:00+07:00","ปกติ","ไม่สามารถเข้าส่งได้ น้ำท่วมสูงในพื้นที่","16204","จันทร์","B2C","สาขากรุงเทพกรีฑา"," 23 SOI PHOKAEO 2 KHLONG CHAN BANG KAPI BANGKOK 10240","13.798020000000001,100.63520833333332",13.798020000000001,100.63520833333332,"","รอน้ำลด","","ยังส่งไม่ได้",false,"","",""
1622,"272241","อีแซด ไลฟ์ เทค จำกัด","2026-09-28T13:53:00+07:00","เสริมน้ำ ตรงรอบ","ไม่สามารถเข้าส่งได้ น้ำท่วมสูงในพื้นที่","16103","จันทร์","B2B","สาขากรุงเทพกรีฑา","98/208 ซ. รามคำแหง 39  แขวงพลับพลา เขตวังทองหลาง จ.กรุงเทพฯ 10310","13.762335,100.61220999999999",13.762335,100.61220999999999,"วังทองหลาง","รอน้ำลด","","ยังส่งไม่ได้",false,"","",""
1623,"272304","ณภัทร","2026-09-28T11:56:00+07:00","ปกติ","ไม่สามารถเข้าส่งได้ น้ำท่วมสูงในพื้นที่","16203","จันทร์","B2C","สาขากรุงเทพกรีฑา","7/407 IDEO พระราม 9 ตัดใหม่ ชั้น 12A ห้อง 7/407 ถ.รามคำแหง แขวงหัวหมาก เขตบางกะปิ จ.กรุงเทพฯ 10240","13.748891666666669,100.60635499999998",13.748891666666669,100.60635499999998,"บางกะปิ","รอน้ำลด","","ยังส่งไม่ได้",false,"","",""
1624,"272420","JING LI SUN","2026-09-28T12:31:00+07:00","ปกติ","ไม่สามารถเข้าส่งได้ น้ำท่วมสูงในพื้นที่","16306","จันทร์","B2C","สาขากรุงเทพกรีฑา","48/255 THE VILLA RAMKUMHAENG, SOI RAMKUMHAENG 174, RAMKUMHAENG RD. MIN BURI MIN BURI BANGKOK 10510","13.789141666666668,100.71924499999999",13.789141666666668,100.71924499999999,"","รอน้ำลด","","ยังส่งไม่ได้",false,"","",""
1625,"272486","HENRY","2026-09-28T11:49:00+07:00","ปกติ","ไม่สามารถเข้าส่งได้ น้ำท่วมสูงในพื้นที่","16307","จันทร์","B2C","สาขากรุงเทพกรีฑา","59/106 MOOBAAN HOME PLACE,SOI RAMKHAMHAENG 140, SAPAN SUNG SAPHAN SUNG BANGKOK 10240","13.779915,100.69003",13.779915,100.69003,"","รอน้ำลด","","ยังส่งไม่ได้",false,"","",""
1626,"272561","ธารทิพย์ นวนลม","2026-09-28T12:57:00+07:00","ปกติ","ไม่สามารถเข้าส่งได้ น้ำท่วมสูงในพื้นที่","16303","จันทร์","B2C","สาขากรุงเทพกรีฑา","8/419 พลัมคอนโด รามคำแหง 60 อินเตอร์เชนต์ อาคาร D ชั้น 2  แขวงหัวหมาก เขตบางกะปิ กรุงเทพมหานคร 10240 ","13.759188333333334,100.64950333333333",13.759188333333334,100.64950333333333,"บางกะปิ","รอน้ำลด","","ยังส่งไม่ได้",false,"","",""
1627,"272787","SHUN  LEI","2026-09-28T13:13:00+07:00","ปกติ","ไม่สามารถเข้าส่งได้ น้ำท่วมสูงในพื้นที่","16205","จันทร์","B2C","สาขากรุงเทพกรีฑา","ABAC CONDO BUILDING B, FLOOR 10, ROOM 138, RAMKHAMHAENG 24 ALLEY, LANE 34,  HUA MAK, BANG KAPI, BANGKOK, 10240","13.752784999999998,100.62859333333333",13.752784999999998,100.62859333333333,"","รอน้ำลด","","ยังส่งไม่ได้",false,"","",""
1628,"272831","นรากร สีบุญเรือง","2026-09-28T13:12:00+07:00","ปกติ","ไม่สามารถเข้าส่งได้ เกิดข้อผิดพลาด (เลื่อนวันที่ส่ง)","16205","จันทร์","B2C","สาขากรุงเทพกรีฑา","132/21 ซ.รามคำแหง 24 แยก 34 ถ.รามคำแหง 24 แขวงหัวหมาก เขตบางกะปิ จ.กรุงเทพฯ 10240","13.754663333333333,100.62800666666665",13.754663333333333,100.62800666666665,"บางกะปิ","รอน้ำลด","","ยังส่งไม่ได้",false,"","",""
1629,"273220","สุพรรษา แสนสุข","2026-09-28T12:48:00+07:00","โอนงานสิ้นวัน","ไม่สามารถเข้าส่งได้ น้ำท่วมสูงในพื้นที่","16205","เสาร์","B2C","สาขากรุงเทพกรีฑา","165/88 เดอะวันพลัส ดี หัวหมาก อาคาร A ชั้น 1 (ร้านกาแฟ) ซ.หัวหมาก 12 ถ.รามคำแหง แขวงหัวหมาก เขตบางกะปิ จ.กรุงเทพฯ 10240","13.753335,100.64043833333332",13.753335,100.64043833333332,"บางกะปิ","รอน้ำลด","","ยังส่งไม่ได้",true,"ฤทธิศักดิ์ สระเงินสิงห์","28/09/2026","ผู้ทำรายการ:ฤทธิศักดิ์ สระเงินสิงห์;โอนงานมาจากวันที่:28/09/2026"
1630,"273335","ขวัญใจ","2026-09-28T12:49:00+07:00","โอนงานสิ้นวัน","ไม่สามารถเข้าส่งได้ น้ำท่วมสูงในพื้นที่","16205","เสาร์","B2C","สาขากรุงเทพกรีฑา","2328/5 ซ.รามคำแหง 52/2  แขวงหัวหมาก เขตบางกะปิ จ.กรุงเทพฯ 10240","13.7604,100.64426333333334",13.7604,100.64426333333334,"บางกะปิ","รอน้ำลด","","ยังส่งไม่ได้",true,"วีรวัฒน์ อุดมทรัพย์","28/09/2026","ผู้ทำรายการ:วีรวัฒน์ อุดมทรัพย์;โอนงานมาจากวันที่:28/09/2026"
1631,"273465","NAW MARTY THEIN","2026-09-28T12:43:00+07:00","เสริมน้ำ ตรงรอบ","ไม่สามารถเข้าส่งได้ น้ำท่วมสูงในพื้นที่","16205","จันทร์","B2C","สาขากรุงเทพกรีฑา","(136/159) ABAC , BUILDING A, FLOOR 6, ROOM 159, YEK 34, RAMKHAMHAENG 24 HUA MAK, BANG KAPI, BANGKOK, 10240","13.752706666666665,100.62832333333333",13.752706666666665,100.62832333333333,"","รอน้ำลด","","ยังส่งไม่ได้",false,"","",""
1632,"273658","SAI TUN","2026-09-28T13:02:00+07:00","ปกติ","ไม่สามารถเข้าส่งได้ น้ำท่วมสูงในพื้นที่","16303","จันทร์","B2C","สาขากรุงเทพกรีฑา","1056/111 CASA CITY RAMKAMHAENG RAMKAMHAENG HUA MAK BANG KAPI BANGKOK 10240","13.76783666666667,100.66397833333333",13.76783666666667,100.66397833333333,"","รอน้ำลด","","ยังส่งไม่ได้",false,"","",""
1633,"273673","พิสมัย ยุทธยงค์","2026-09-28T12:49:00+07:00","ปกติ","ไม่สามารถเข้าส่งได้ น้ำท่วมสูงในพื้นที่","16204","จันทร์","B2C","สาขากรุงเทพกรีฑา","39/8 หมู่บ้านสิริเพลส ลาดพร้าว101 ซ.โพธิ์แก้ว 3 แยก 6/1 ถ.ลาดพร้าว แขวงคลองจั่น เขตบางกะปิ จ.กรุงเทพฯ 10240","13.804258333333333,100.63744",13.804258333333333,100.63744,"บางกะปิ","รอน้ำลด","","ยังส่งไม่ได้",false,"","",""
1634,"273784","วันเพ็ญ","2026-09-28T13:34:00+07:00","เสริมน้ำ ตรงรอบ","ไม่สามารถเข้าส่งได้ น้ำท่วมสูงในพื้นที่","16308","จันทร์","B2C","สาขากรุงเทพกรีฑา","98/51 พลีโน่ พระราม 9-กรุงเทพกรีฑา 3 แขวงสะพานสูง เขตสะพานสูง จ.กรุงเทพฯ 10240","13.748008333333333,100.70800499999999",13.748008333333333,100.70800499999999,"สะพานสูง","รอน้ำลด","","ยังส่งไม่ได้",false,"","",""
1635,"273791","พิทยา","2026-09-28T14:02:00+07:00","โอนงานสิ้นวัน","ไม่สามารถเข้าส่งได้ น้ำท่วมสูงในพื้นที่","16103","เสาร์","B2C","สาขากรุงเทพกรีฑา","633/85 หมู่บ้านรุ่งเรือง ซ.ลาดพร้าว 80 แยก 22  แขวงวังทองหลาง เขตวังทองหลาง จ.กรุงเทพฯ 10310","13.781033333333335,100.59311666666666",13.781033333333335,100.59311666666666,"วังทองหลาง","รอน้ำลด","","ยังส่งไม่ได้",true,"วีรวัฒน์ อุดมทรัพย์","28/09/2026","ผู้ทำรายการ:วีรวัฒน์ อุดมทรัพย์;โอนงานมาจากวันที่:28/09/2026"
1636,"274044","กรัณฑรัตน์","2026-09-28T19:55:00+07:00","โอนงานสิ้นวัน","ไม่สามารถเข้าส่งได้ น้ำท่วมสูงในพื้นที่","16105","เสาร์","B2C","สาขากรุงเทพกรีฑา","676-678 ถ.ประชาราษฎร์บำเพ็ญ26 แยก 12 แขวงสามเสนนอก เขตห้วยขวาง จ.กรุงเทพฯ 10310","13.770195000000001,100.58647166666667",13.770195000000001,100.58647166666667,"ห้วยขวาง","รอน้ำลด","","ยังส่งไม่ได้",true,"วุฒิชัย จีปน","26/09/2026","ผู้ทำรายการ:วุฒิชัย จีปน;โอนงานมาจากวันที่:26/09/2026"
1637,"274126","รังสิมันต์ แก้วสำอางค์","2026-09-28T13:12:00+07:00","ปกติ","ไม่สามารถเข้าส่งได้ น้ำท่วมสูงในพื้นที่","16205","จันทร์","B2C","สาขากรุงเทพกรีฑา","144/39 รามคำแหง 24 แยก 34 ซ.คอลเลจทาวน์ 6 ถ.หัวหมาก แขวงหัวหมาก เขตบางกะปิ จ.กรุงเทพฯ 10240","13.750398333333331,100.62918999999998",13.750398333333331,100.62918999999998,"บางกะปิ","รอน้ำลด","","ยังส่งไม่ได้",false,"","",""
1638,"274299","NANG NYEIN","2026-09-28T11:48:00+07:00","ปกติ","ไม่สามารถเข้าส่งได้ เกิดข้อผิดพลาด (เลื่อนวันที่ส่ง)","16203","จันทร์","B2C","สาขากรุงเทพกรีฑา","163 NATNICHA PLACE FLOOR 9, ROOM 915, RAMKHAMHAENG RD  HUA MAK BANG KAPI BANGKOK 10240","13.755233333333335,100.61253833333333",13.755233333333335,100.61253833333333,"","รอน้ำลด","","ยังส่งไม่ได้",false,"","",""
1639,"274698","ANDREW","2026-09-28T13:04:00+07:00","ปกติ","ไม่สามารถเข้าส่งได้ น้ำท่วมสูงในพื้นที่","16204","จันทร์","B2C","สาขากรุงเทพกรีฑา","ROOM 11/71 MAISON 168, LAT PHRAO 101, THANON LAT PHRAO 101,  KHLONG CHAN, BANG KAPI, BANGKOK 10240","13.80079,100.63002333333334",13.80079,100.63002333333334,"","รอน้ำลด","","ยังส่งไม่ได้",false,"","",""
1640,"274826","KAUNG SI","2026-09-28T12:43:00+07:00","ตามน้ำ","ไม่สามารถเข้าส่งได้ น้ำท่วมสูงในพื้นที่","16205","เสาร์","B2C","สาขากรุงเทพกรีฑา","AC2 APARTMENT FLOOR 3 ROOM 2316 SOI SAHAKON 2 HUA MAK BANG KAPI BANGKOK 10240","13.759771666666666,100.64326166666666",13.759771666666666,100.64326166666666,"","รอน้ำลด","","ยังส่งไม่ได้",false,"","",""
1641,"275110","ธีรภัทร์  ชาวสวน","2026-09-28T12:12:00+07:00","โอนงานสิ้นวัน","ไม่สามารถเข้าส่งได้ น้ำท่วมสูงในพื้นที่","16203","เสาร์","B2C","สาขากรุงเทพกรีฑา","460 NICHEMONO RAM KAMHAENG ตึก A ห้อง 460/103 ชั้น 11 ถ.รามคำแหง แขวงหัวหมาก เขตบางกะปิ จ.กรุงเทพฯ 10240","13.760113333333333,100.63732",13.760113333333333,100.63732,"บางกะปิ","รอน้ำลด","","ยังส่งไม่ได้",true,"วุฒิชัย จีปน","26/09/2026","ผู้ทำรายการ:วุฒิชัย จีปน;โอนงานมาจากวันที่:26/09/2026"
1642,"275136","บีเอฟ แอนด์ เยเต็ก (ประเทศไทย) จำกัด","2026-09-28T12:56:00+07:00","ปกติ","ไม่สามารถเข้าส่งได้ น้ำท่วมสูงในพื้นที่","16204","จันทร์","B2B","สาขากรุงเทพกรีฑา","52/19 ซอย ลาดพร้าว 101 ซอย 46 (กิตติจิตต์)  แขวงคลองจั่น เขตบางกะปิ จ.กรุงเทพฯ 10240","13.794333333333334,100.63206166666666",13.794333333333334,100.63206166666666,"บางกะปิ","รอน้ำลด","","ยังส่งไม่ได้",false,"","",""
1643,"275499","AYE MON","2026-09-28T12:43:00+07:00","ปกติ","ไม่สามารถเข้าส่งได้ น้ำท่วมสูงในพื้นที่","16302","จันทร์","B2C","สาขากรุงเทพกรีฑา","300/57,PATIO SRINAKARIN RAMA 9,KRUNGTHEP KREETHA RD. HUA MAK BANG KAPI BANGKOK 10240","13.741635,100.65981833333332",13.741635,100.65981833333332,"","รอน้ำลด","","ยังส่งไม่ได้",false,"","",""
1644,"276621","WAI MAR OO","2026-09-28T13:02:00+07:00","ปกติ","ไม่สามารถเข้าส่งได้ น้ำท่วมสูงในพื้นที่","16302","จันทร์","B2C","สาขากรุงเทพกรีฑา","1085/1, THE LIVIN RAMKHAMHAENG, FLOOR 31, ROOM 8/1493,  HUA MAK BANG KAPI BANGKOK 10240","13.764886666666666,100.64862",13.764886666666666,100.64862,"","รอน้ำลด","","ยังส่งไม่ได้",false,"","",""
1645,"276939","นานาชาติบริติชแมนดาริน","2026-09-28T13:12:00+07:00","ปกติ","ไม่สามารถเข้าส่งได้ น้ำท่วมสูงในพื้นที่","16303","จันทร์","B2B","สาขากรุงเทพกรีฑา","190/1 ซ.รามคำแหง 68 ถ.รามคำแหง แขวงหัวหมาก เขตบางกะปิ จ.กรุงเทพฯ 10240","13.763976666666668,100.660905",13.763976666666668,100.660905,"บางกะปิ","รอน้ำลด","","ยังส่งไม่ได้",false,"","",""
1646,"277055","YARZAR","2026-09-28T11:57:00+07:00","ปกติ","ไม่สามารถเข้าส่งได้ น้ำท่วมสูงในพื้นที่","16203","จันทร์","B2C","สาขากรุงเทพกรีฑา","IDEO NEW RAMA 9 FL#24, RM#7/947, RAMKHAMHAENG RD, HUA MAK BANG KAPI BANGKOK 10240","13.748098333333333,100.60689166666667",13.748098333333333,100.60689166666667,"","รอน้ำลด","","ยังส่งไม่ได้",false,"","",""
1647,"277134","กุลิสรา","2026-09-28T14:06:00+07:00","ปกติ","ไม่สามารถเข้าส่งได้ น้ำท่วมสูงในพื้นที่","16206","จันทร์","B2C","สาขากรุงเทพกรีฑา","บ้านเลขที่ 529/111 หมู่บ้านอารียาบุษบา ซ.ลาดพร้าว130 แขวงพลับพลา เขตวังทองหลาง จ.กรุงเทพฯ 10310","13.763804999999998,100.62981999999998",13.763804999999998,100.62981999999998,"วังทองหลาง","รอน้ำลด","","ยังส่งไม่ได้",false,"","",""
1648,"27739","อะกอร่า จำกัด","2026-09-28T13:25:00+07:00","ปกติ","ไม่สามารถเข้าส่งได้ เกิดข้อผิดพลาด (เลื่อนวันที่ส่ง)","16103","จันทร์","B2B","สาขากรุงเทพกรีฑา","188/185 ซ.ลาดพร้าว 84 ถ.ลาดพร้าว แขวงวังทองหลาง เขตวังทองหลาง กรุงเทพฯ 10310","13.776780785992742,100.60503174550831",13.776780785992742,100.60503174550831,"วังทองหลาง","รอน้ำลด","","ยังส่งไม่ได้",false,"","",""
1649,"277461","อาชวิน เบ็นโรสมัน","2026-09-28T12:32:00+07:00","เสริมน้ำ ตรงรอบ","ไม่สามารถเข้าส่งได้ น้ำท่วมสูงในพื้นที่","16201","จันทร์","B2C","สาขากรุงเทพกรีฑา","360/309 WYNN CONDO CHOKCHAI 4 อาคาร B ชั้น 7 ห้อง 309 ถ.ลาดพร้าว แขวงสะพานสอง เขตวังทองหลาง กรุงเทพฯ 10310","13.798655,100.59634499999999",13.798655,100.59634499999999,"วังทองหลาง","รอน้ำลด","","ยังส่งไม่ได้",false,"","",""
1650,"277507","ขนิษฐา นวลหนู","2026-09-28T13:04:00+07:00","โอนงานสิ้นวัน","ไม่สามารถเข้าส่งได้ น้ำท่วมสูงในพื้นที่","16205","เสาร์","B2C","สาขากรุงเทพกรีฑา","พี.เอ็ม.แมนชั่น อาคาร 3 ชั้น 8 ห้อง 3810 ซ.รามคำแหง52/2 ถ.รามคำแหง แขวงหัวหมาก เขตบางกะปิ จ.กรุงเทพฯ 10240","13.762035,100.64422166666667",13.762035,100.64422166666667,"บางกะปิ","รอน้ำลด","","ยังส่งไม่ได้",true,"วีรวัฒน์ อุดมทรัพย์","28/09/2026","ผู้ทำรายการ:วีรวัฒน์ อุดมทรัพย์;โอนงานมาจากวันที่:28/09/2026"
1651,"27766","ไชโย โฮสติ้ง จำกัด","2026-09-28T13:12:00+07:00","เสริมน้ำ ตรงรอบ","ไม่สามารถเข้าส่งได้ น้ำท่วมสูงในพื้นที่","16204","จันทร์","B2B","สาขากรุงเทพกรีฑา","3312/33-34 ชั้น 2-3 โซนเอ ซ.ลาดพร้าว 101 ถ.ลาดพร้าว แขวงคลองจั่น เขตบางกะปิ กรุงเทพฯ 10240","13.794066090206256,100.62777794276079",13.794066090206256,100.62777794276079,"บางกะปิ","รอน้ำลด","","ยังส่งไม่ได้",false,"","",""
1652,"278420","น้ำ","2026-09-28T12:06:00+07:00","ตามน้ำ","ไม่สามารถเข้าส่งได้ น้ำท่วมสูงในพื้นที่","16203","จันทร์","B2C","สาขากรุงเทพกรีฑา","2005/86 สินทวีแมนชั่น ซ.รามคำแหง 29 ถ.รามคำแหง แขวงหัวหมาก เขตบางกะปิ จ.กรุงเทพฯ 10240","13.757103333333335,100.61253833333333",13.757103333333335,100.61253833333333,"บางกะปิ","รอน้ำลด","","ยังส่งไม่ได้",false,"","",""
1653,"278474","พัชราวดี","2026-09-28T11:04:00+07:00","โอนงานสิ้นวัน","ไม่สามารถเข้าส่งได้ น้ำท่วมสูงในพื้นที่","16304","เสาร์","B2C","สาขากรุงเทพกรีฑา","222/28  เดอะ ซิตี้ พระราม 9-กรุงเทพกรีฑา  แขวงสะพานสูง เขตสะพานสูง จ.กรุงเทพฯ 10240","13.749688333333332,100.70186166666666",13.749688333333332,100.70186166666666,"สะพานสูง","รอน้ำลด","","ยังส่งไม่ได้",true,"สถาพร นนท์เข็มพรหม","26/09/2026","ผู้ทำรายการ:สถาพร นนท์เข็มพรหม;โอนงานมาจากวันที่:26/09/2026"
1654,"278507/3","GAINSTATION (THAILAND) Co., Ltd.","2026-09-28T12:54:00+07:00","ปกติ","ไม่สามารถเข้าส่งได้ น้ำท่วมสูงในพื้นที่","16204","จันทร์","B2B","สาขากรุงเทพกรีฑา","FITWHEY GYM LADPRAO 101, 3199, 39 SOI LADPRAO 101 KHLONG CHAN, BANG KAPI, BANGKOK,10240","13.792178333333334,100.62766666666667",13.792178333333334,100.62766666666667,"","รอน้ำลด","","ยังส่งไม่ได้",false,"","",""
1655,"278515","THAW ZIN","2026-09-28T13:04:00+07:00","ปกติ","ไม่สามารถเข้าส่งได้ น้ำท่วมสูงในพื้นที่","16302","จันทร์","B2C","สาขากรุงเทพกรีฑา","8/1352,THE LIVIN RAMKHAMHAENG,TOWER B,FLOOR 28 SOI RAMKHAMHAENG 97/2 HUA MAK, BANG KAPI, BANGKOK, 10240","13.764955000000002,100.64852333333334",13.764955000000002,100.64852333333334,"","รอน้ำลด","","ยังส่งไม่ได้",false,"","",""
1656,"27877","โฮคูริขุ อินเตอร์เนชั่นแนล (ประเทศไทย) จำกัด","2026-09-28T12:06:00+07:00","เสริมน้ำ ตรงรอบ","ไม่สามารถเข้าส่งได้ น้ำท่วมสูงในพื้นที่","16203","จันทร์","B2B","สาขากรุงเทพกรีฑา","5/1อาคาร ฤทธิ์รัตน ชั้น 3 ห้อง 6301  แขวงหัวหมาก เขตบางกะปิ จ.กรุงเทพฯ 10240","13.742051666666669,100.601195",13.742051666666669,100.601195,"บางกะปิ","รอน้ำลด","","ยังส่งไม่ได้",false,"","",""
1657,"278915","KYAW MYINT","2026-09-28T11:57:00+07:00","ปกติ","ไม่สามารถเข้าส่งได้ น้ำท่วมสูงในพื้นที่","16203","จันทร์","B2C","สาขากรุงเทพกรีฑา","7/746 IDEO NEW RAMA9 RAMKHAMHAENG SOI 7 RAMKHAMHAENG ROAD HUA MAK BANG KAPI BANGKOK 10240","13.748115,100.60688666666668",13.748115,100.60688666666668,"","รอน้ำลด","","ยังส่งไม่ได้",false,"","",""
1658,"27896","พี.แอนด์ พี.ซี.เอ็นจิเนียริ่ง จำกัด","2026-09-28T13:25:00+07:00","ปกติ","ไม่สามารถเข้าส่งได้ เกิดข้อผิดพลาด (เลื่อนวันที่ส่ง)","16103","จันทร์","B2B","สาขากรุงเทพกรีฑา","188/182-183 ซ.ลาดพร้าว 84 ถ.ลาดพร้าว แขวงวังทองหลาง เขตวังทองหลาง กรุงเทพฯ 10310","13.776983,100.6048618",13.776983,100.6048618,"วังทองหลาง","รอน้ำลด","","ยังส่งไม่ได้",false,"","",""
1659,"279017/1","ทีที แปซิฟิก เอนเนอร์จี จำกัด","2026-09-28T13:21:00+07:00","ปกติ","ไม่สามารถเข้าส่งได้ น้ำท่วมสูงในพื้นที่","16301","จันทร์","B2B","สาขากรุงเทพกรีฑา","77/13 ซ.รามคำแหง 118 แยก 5  แขวงสะพานสูง เขตสะพานสูง กรุงเทพมหานคร 10240","13.777598333333334,100.6808",13.777598333333334,100.6808,"สะพานสูง","รอน้ำลด","","ยังส่งไม่ได้",false,"","",""
1660,"279471","PYAE","2026-09-28T12:44:00+07:00","ตามน้ำ","ไม่สามารถเข้าส่งได้ น้ำท่วมสูงในพื้นที่","16205","เสาร์","B2C","สาขากรุงเทพกรีฑา","18/1 SKP MANSION 1 Soi RAM 50 22/1 RAMKANHEANG 50 HUA MAK BANG KAPI BANGKOK 10240","13.761013333333334,100.64266333333335",13.761013333333334,100.64266333333335,"","รอน้ำลด","","ยังส่งไม่ได้",false,"","",""
1661,"279665","ฉินไทย เทรดดิ้ง จำกัด","2026-09-28T13:46:00+07:00","ปกติ","ไม่สามารถเข้าส่งได้ น้ำท่วมสูงในพื้นที่","16106","จันทร์","B2B","สาขากรุงเทพกรีฑา","48/14 ซ.รุ่งเรือง ถ.รัชดาภิเษก 20  แขวงสามเสนนอก เขตห้วยขวาง จ.กรุงเทพฯ 10310","13.791551666666665,100.57588833333332",13.791551666666665,100.57588833333332,"ห้วยขวาง","รอน้ำลด","","ยังส่งไม่ได้",false,"","",""
1662,"279766","แคมป์เบล ไซเอนทิฟิค เซาท์อีสท์ เอเชีย จำกัด","2026-09-28T13:07:00+07:00","ปกติ","ไม่สามารถเข้าส่งได้ น้ำท่วมสูงในพื้นที่","16205","จันทร์","B2B","สาขากรุงเทพกรีฑา","877/22 เนอวานาแอทเวิร์ค เนอวานาแอทเวิร์ค ถ.พระราม 9 แขวงสวนหลวง เขตสวนหลวง จ.กรุงเทพฯ 10250","13.744368333333334,100.61696500000001",13.744368333333334,100.61696500000001,"สวนหลวง","รอน้ำลด","","ยังส่งไม่ได้",false,"","",""
1663,"279928","เตชิตา นพหิรัญ","2026-09-28T11:56:00+07:00","ปกติ","ไม่สามารถเข้าส่งได้ น้ำท่วมสูงในพื้นที่","16203","จันทร์","B2C","สาขากรุงเทพกรีฑา","5 อาคารฤทธิ์รัตน์ อาคาร B ชั้น 4 ถ.รามคำแหง แขวงหัวหมาก เขตบางกะปิ จ.กรุงเทพฯ 10240","13.748046666666669,100.60660333333333",13.748046666666669,100.60660333333333,"บางกะปิ","รอน้ำลด","","ยังส่งไม่ได้",false,"","",""
1664,"280048","ขนิรัตน์","2026-09-28T12:34:00+07:00","โอนงานสิ้นวัน","ไม่สามารถเข้าส่งได้ น้ำท่วมสูงในพื้นที่","16201","เสาร์","B2C","สาขากรุงเทพกรีฑา","931/5 หมู่บ้านเกตุนุติเชอมีเน่  ซอย 4 ซ.ลาดพร้าว 87 ถ.ลาดพร้าว แขวงคลองจั่น เขตบางกะปิ จ.กรุงเทพฯ 10240","13.801113333333335,100.62061833333334",13.801113333333335,100.62061833333334,"บางกะปิ","รอน้ำลด","","ยังส่งไม่ได้",true,"ฤทธิศักดิ์ สระเงินสิงห์","28/09/2026","ผู้ทำรายการ:ฤทธิศักดิ์ สระเงินสิงห์;โอนงานมาจากวันที่:28/09/2026"
1665,"280219","อารยา  มณีสุวรรณ","2026-09-28T14:06:00+07:00","ปกติ","ไม่สามารถเข้าส่งได้ น้ำท่วมสูงในพื้นที่","16206","จันทร์","B2C","สาขากรุงเทพกรีฑา","185/132 หมู่บ้านพฤกษา the connect ซอยลาดพร้าว 126 ถนนลาดพร้าว แขวงพลับพลา เขตวังทองหลาง จ.กรุงเทพฯ 10310","13.769404999999999,100.62796666666667",13.769404999999999,100.62796666666667,"วังทองหลาง","รอน้ำลด","","ยังส่งไม่ได้",false,"","",""
1666,"280230","สุจิรา","2026-09-28T14:31:00+07:00","เสริมน้ำ นอกรอบ","ไม่สามารถเข้าส่งได้ น้ำท่วมสูงในพื้นที่","16206","ศุกร์","B2C","สาขากรุงเทพกรีฑา","276/3 ชาลีแมนชั่น 2เฟส 1 ตึกสีส้ม ถ.รามคำแหง 65 แขวงวังทองหลาง เขตวังทองหลาง จ.กรุงเทพฯ 10310","13.774113966666668,100.63024426666668",13.774113966666668,100.63024426666668,"วังทองหลาง","รอน้ำลด","","ยังส่งไม่ได้",false,"","",""
1667,"280231","อธิวัฒน์ คงยืน","2026-09-28T14:06:00+07:00","ปกติ","ไม่สามารถเข้าส่งได้ น้ำท่วมสูงในพื้นที่","16206","จันทร์","B2C","สาขากรุงเทพกรีฑา","525/58 หมู่บ้านสราญพฤกษ์ ซ.ลาดพร้าว 130 ถ.ลาดพร้าว แขวงพลับพลา เขตวังทองหลาง จ.กรุงเทพฯ 10310","13.766465066666667,100.62870096666666",13.766465066666667,100.62870096666666,"วังทองหลาง","รอน้ำลด","","ยังส่งไม่ได้",false,"","",""
1668,"280343","SI THU","2026-09-28T12:56:00+07:00","ตามน้ำ","ไม่สามารถเข้าส่งได้ เกิดข้อผิดพลาด (เลื่อนวันที่ส่ง)","16302","จันทร์","B2C","สาขากรุงเทพกรีฑา","THE LIVIN RAMKHAMHAENG TOWER B FLOOR 31 ROOM 8/1514 SOI RAMKHAMHAENG 97/2 HUA MAK BANG KAPI BANGKOK 10240","13.76476,100.64847499999999",13.76476,100.64847499999999,"","รอน้ำลด","","ยังส่งไม่ได้",false,"","",""
1669,"280544","ชนิภรณ์","2026-09-28T13:42:00+07:00","โอนงานสิ้นวัน","ไม่สามารถเข้าส่งได้ น้ำท่วมสูงในพื้นที่","16106","เสาร์","B2C","สาขากรุงเทพกรีฑา","50 ลาดพร้าว 64  แยก 2 ซ.เกตุนุช ถ.ลาดพร้าว แขวงวังทองหลาง เขตลาดพร้าว กรุงเทพฯ10310","13.790593333333334,100.59777666666666",13.790593333333334,100.59777666666666,"ลาดพร้าว","รอน้ำลด","","ยังส่งไม่ได้",true,"ฤทธิศักดิ์ สระเงินสิงห์","28/09/2026","ผู้ทำรายการ:ฤทธิศักดิ์ สระเงินสิงห์;โอนงานมาจากวันที่:28/09/2026"
1670,"281063","เดือนดารา","2026-09-28T12:12:00+07:00","โอนงานสิ้นวัน","ไม่สามารถเข้าส่งได้ น้ำท่วมสูงในพื้นที่","16203","เสาร์","B2C","สาขากรุงเทพกรีฑา","72/205 อาคารฝักข้าวโพด ตึก 1 ชั้น 14 ซ.รามคำแหง 40 ถ.รามคำแหง แขวงหัวหมาก เขตบางกะปิ จ.กรุงเทพฯ 10240","13.757084999999998,100.63888999999999",13.757084999999998,100.63888999999999,"บางกะปิ","รอน้ำลด","","ยังส่งไม่ได้",true,"วีรวัฒน์ อุดมทรัพย์","28/09/2026","ผู้ทำรายการ:วีรวัฒน์ อุดมทรัพย์;โอนงานมาจากวันที่:28/09/2026"
1671,"281103","ไอโกะ คอลเล็คชั่น จำกัด","2026-09-28T17:06:00+07:00","ปกติ","ไม่สามารถเข้าส่งได้ น้ำท่วมสูงในพื้นที่","16107","จันทร์, ศุกร์","B2B","สาขากรุงเทพกรีฑา","202 อาคารจูบิลี่ เพรสทีจ ทาวน์เวอร์ ห้อง 1206 ชั้น 12 ถ.รัชดาภิเษก แขวงห้วยขวาง เขตห้วยขวาง จ.กรุงเทพฯ 10310","13.775070000000001,100.573805",13.775070000000001,100.573805,"ห้วยขวาง","รอน้ำลด","","ยังส่งไม่ได้",false,"","",""
1672,"281289","HTET PAING WIN","2026-09-28T13:02:00+07:00","โอนงานสิ้นวัน","ไม่สามารถเข้าส่งได้ น้ำท่วมสูงในพื้นที่","16205","เสาร์","B2C","สาขากรุงเทพกรีฑา","23 Anusorn Court  AC 4 BUILDING , FLOOR 8, UNIT NUMBER 4817,  RAMKHAMHAENG 52 ALLEY, HUA MAK BANG KAPI BANGKOK 10240","13.760198333333335,100.64274500000002",13.760198333333335,100.64274500000002,"","รอน้ำลด","","ยังส่งไม่ได้",true,"จิรวัฒน์ สัยนิถี","28/09/2026","ผู้ทำรายการ:จิรวัฒน์ สัยนิถี;โอนงานมาจากวันที่:28/09/2026"
1673,"281326","เจษฎา ประทุมสุวรรณ","2026-09-28T13:21:00+07:00","โอนงานสิ้นวัน","ไม่สามารถเข้าส่งได้ น้ำท่วมสูงในพื้นที่","16106","เสาร์","B2C","สาขากรุงเทพกรีฑา","169/2 ซ.ลาดพร้าว 64 แยก 12 ถ.ลาดพร้าว แขวงวังทองหลาง เขตวังทองหลาง จ.กรุงเทพฯ 10310","13.786581666666667,100.59359500000001",13.786581666666667,100.59359500000001,"วังทองหลาง","รอน้ำลด","","ยังส่งไม่ได้",true,"สถาพร นนท์เข็มพรหม","26/09/2026","ผู้ทำรายการ:สถาพร นนท์เข็มพรหม;โอนงานมาจากวันที่:26/09/2026"
1674,"281501","LIU","2026-09-28T12:51:00+07:00","เสริมน้ำ ตรงรอบ","ไม่สามารถเข้าส่งได้ น้ำท่วมสูงในพื้นที่","16302","จันทร์","B2C","สาขากรุงเทพกรีฑา","THE LIVIN RAMKHAMHAENG, BUILDING A, ROOM 8/412, FLOOR 13, SOI RAMKHAMHAENG 97/2,  HUA MAK, BANG KAPI, BANGKOK 10240 ","13.764468333333332,100.64907333333333",13.764468333333332,100.64907333333333,"","รอน้ำลด","","ยังส่งไม่ได้",false,"","",""
1675,"281790","ทิพย์ภาภรณ์","2026-09-28T12:50:00+07:00","เสริมน้ำ ตรงรอบ","ไม่สามารถเข้าส่งได้ น้ำท่วมสูงในพื้นที่","16302","จันทร์","B2C","สาขากรุงเทพกรีฑา"," 8/1012 The Livin Ramkhamhaeng อาคาร A ซ.รามคำแหง 97/2 แขวงหัวหมาก เขตบางกะปิ จ.กรุงเทพฯ 10240","13.7642253,100.6490376",13.7642253,100.6490376,"บางกะปิ","รอน้ำลด","","ยังส่งไม่ได้",false,"","",""
1676,"282079","แมงโก้ เทคโนโลยี จำกัด","2026-09-28T12:55:00+07:00","ปกติ","ไม่สามารถเข้าส่งได้ น้ำท่วมสูงในพื้นที่","16204","จันทร์","B2B","สาขากรุงเทพกรีฑา","99-101 ลาดพร้าว 101 อาคาร 1 ชั้น 1 ซ.99-101 ถ.ลาดพร้าว 101  แขวงคลองจั่น เขตบางกะปิ จ.กรุงเทพฯ 10240","13.793298333333333,100.62745333333332",13.793298333333333,100.62745333333332,"บางกะปิ","รอน้ำลด","","ยังส่งไม่ได้",false,"","",""
1677,"282215","กุลนิภา แซ่หลี่","2026-09-28T12:56:00+07:00","ปกติ","ไม่สามารถเข้าส่งได้ น้ำท่วมสูงในพื้นที่","16204","จันทร์","B2C","สาขากรุงเทพกรีฑา","52/17 ซ.ลาดพร้าว 101 แยก 46 แขวงคลองจั่น เขตบางกะปิ จ.กรุงเทพฯ 10240","13.794368333333333,100.63194666666668",13.794368333333333,100.63194666666668,"บางกะปิ","รอน้ำลด","","ยังส่งไม่ได้",false,"","",""
1678,"282383","กวนเฟิง เฟิง","2026-09-28T13:06:00+07:00","ปกติ","ไม่สามารถเข้าส่งได้ เกิดข้อผิดพลาด (เลื่อนวันที่ส่ง)","16204","จันทร์","B2C","สาขากรุงเทพกรีฑา","25 ซ.โพธิ์แก้ว 3 แยก 6  แขวงคลองจั่น เขตบางกะปิ จ.กรุงเทพฯ 10240","13.801376666666666,100.63389833333333",13.801376666666666,100.63389833333333,"บางกะปิ","รอน้ำลด","","ยังส่งไม่ได้",false,"","",""
1679,"282557","NAY","2026-09-28T11:05:00+07:00","โอนงานสิ้นวัน","ไม่สามารถเข้าส่งได้ น้ำท่วมสูงในพื้นที่","16304","เสาร์","B2C","สาขากรุงเทพกรีฑา","12/116 NIRVANA BEYOND LIFE RAMA9,SOI 2/1,SOI KRUNGTHEP KRITHA 32 THAP CHANG, SAPHAN SUNG, BANGKOK, 10250","13.736818333333334,100.69005",13.736818333333334,100.69005,"","รอน้ำลด","","ยังส่งไม่ได้",true,"ฤทธิศักดิ์ สระเงินสิงห์","28/09/2026","ผู้ทำรายการ:ฤทธิศักดิ์ สระเงินสิงห์;โอนงานมาจากวันที่:28/09/2026"
1680,"282656","อัญชลี แช่ฉั่ว","2026-09-28T12:58:00+07:00","ปกติ","ไม่สามารถเข้าส่งได้ น้ำท่วมสูงในพื้นที่","16204","จันทร์","B2C","สาขากรุงเทพกรีฑา","83/90 หมู่บ้านศิรินเทพ ถนนลาดพร้าว 101 ซอย 46  แขวงคลองจั่น เขตบางกะปิ จ.กรุงเทพฯ 10240","13.795305,100.63553166666667",13.795305,100.63553166666667,"บางกะปิ","รอน้ำลด","","ยังส่งไม่ได้",false,"","",""
1681,"282836","SAI SAN HTOO AUNG","2026-09-28T12:07:00+07:00","ตามน้ำ","ไม่สามารถเข้าส่งได้ น้ำท่วมสูงในพื้นที่","16203","จันทร์","B2C","สาขากรุงเทพกรีฑา","NO.3, THE BASE RAMA9 RAMKHAMHAENG, FLOOR 18, ROOM 403, RAMKHAMHAENG ROAD HUA MAK, BANG KAPI, BANGKOK, 10240","13.748500000000002,100.60646833333334",13.748500000000002,100.60646833333334,"","รอน้ำลด","","ยังส่งไม่ได้",false,"","",""
1682,"282937","HTET HTET  LWIN","2026-09-28T13:04:00+07:00","ปกติ","ไม่สามารถเข้าส่งได้ น้ำท่วมสูงในพื้นที่","16302","จันทร์","B2C","สาขากรุงเทพกรีฑา"," THE LIVIN CONDO NO. 8/271, 11F, BUILDING A, 8 RAMKHAMHAENG RD, HUA MAK BANG KAPI BANGKOK 10240","13.7641845,100.648981",13.7641845,100.648981,"","รอน้ำลด","","ยังส่งไม่ได้",false,"","",""
1683,"283156","เสาวณี บูลภิบาล","2026-09-28T11:11:00+07:00","โอนงานสิ้นวัน","ไม่สามารถเข้าส่งได้ น้ำท่วมสูงในพื้นที่","16304","เสาร์","B2C","สาขากรุงเทพกรีฑา","26 ปรางค์ทิพย์ ซ.นักกีฬาแหลมทอง1 ถ.กรุงเทพกรีฑา แขวงทับช้าง เขตสะพานสูง กรุงเทพฯ 10250","13.742018333333332,100.69030166666668",13.742018333333332,100.69030166666668,"สะพานสูง","รอน้ำลด","","ยังส่งไม่ได้",true,"สถาพร นนท์เข็มพรหม","26/09/2026","ผู้ทำรายการ:สถาพร นนท์เข็มพรหม;โอนงานมาจากวันที่:26/09/2026"
1684,"283453","ซิงเปา อิเล็กทริคอล แอ็พไพลแอนซ์ (ประเทศไทย) จำกัด","2026-09-28T13:09:00+07:00","ปกติ","ไม่สามารถเข้าส่งได้ น้ำท่วมสูงในพื้นที่","16204","จันทร์","B2B","สาขากรุงเทพกรีฑา","17/1 ถ.โพธิ์แก้ว แขวงคลองจั่น เขตบางกะปิ กรุงเทพฯ 10240","13.798023333333333,100.63133166666667",13.798023333333333,100.63133166666667,"บางกะปิ","รอน้ำลด","","ยังส่งไม่ได้",false,"","",""
1685,"283563","ไกรวุฒิ  สิทธิ์ศักดิ์","2026-09-28T12:34:00+07:00","โอนงานสิ้นวัน","ไม่สามารถเข้าส่งได้ น้ำท่วมสูงในพื้นที่","16201","เสาร์","B2C","สาขากรุงเทพกรีฑา","พิณรีคอตร์ ลาดพร้าว 87 แยก2 แขวงคลองเจ้าคุณสิงห์ เขตวังทองหลาง จ.กรุงเทพฯ 10310","13.784769316666665,100.61989335000001",13.784769316666665,100.61989335000001,"วังทองหลาง","รอน้ำลด","","ยังส่งไม่ได้",true,"วีรวัฒน์ อุดมทรัพย์","28/09/2026","ผู้ทำรายการ:วีรวัฒน์ อุดมทรัพย์;โอนงานมาจากวันที่:28/09/2026"
1686,"283855","EBENEZAR  PRABHAKER","2026-09-28T13:00:00+07:00","ปกติ","ไม่สามารถเข้าส่งได้ น้ำท่วมสูงในพื้นที่","16303","จันทร์","B2C","สาขากรุงเทพกรีฑา","1056/27, CASA CITY, BUILDING 27, RD. RAMKHAMHAENG ROAD KHLONG CHAN, BANG KAPI, BANGKOK, 10240","13.76925,100.66347166666668",13.76925,100.66347166666668,"","รอน้ำลด","","ยังส่งไม่ได้",false,"","",""
1687,"283865/3","ปรีชา กรุ๊ป จำกัด (มหาชน)","2026-09-28T13:10:00+07:00","ตามน้ำ","ไม่สามารถเข้าส่งได้ น้ำท่วมสูงในพื้นที่","16106","จันทร์","B2B","สาขากรุงเทพกรีฑา","เลขที่ 338 อาคารโครงการปรีชาคอมเพล็กซ์ ชั้น 12A  ซ.รัชดาภิเษก 20 ถ.รัชดาภิเษก  แขวงสามเสนนอก เขตห้วยขวาง กรุงเทพฯ 10310","13.791258333333333,100.57479166666666",13.791258333333333,100.57479166666666,"ห้วยขวาง","รอน้ำลด","","ยังส่งไม่ได้",false,"","",""
1688,"283971","SWANN YAIR HTET","2026-09-28T13:00:00+07:00","ปกติ","ไม่สามารถเข้าส่งได้ เกิดข้อผิดพลาด (เลื่อนวันที่ส่ง)","16302","จันทร์","B2C","สาขากรุงเทพกรีฑา","THE LIVIN RAMKHAMHAENG, BUILDING A, FLOOR 38, ROOM 1789, RAMKHAMHAENG ROAD HUA MAK, BANG KAPI, BANGKOK, 10240","13.76386,100.64880999999998",13.76386,100.64880999999998,"","รอน้ำลด","","ยังส่งไม่ได้",false,"","",""
1689,"284013","BEN","2026-09-28T12:58:00+07:00","ปกติ","ไม่สามารถเข้าส่งได้ น้ำท่วมสูงในพื้นที่","16204","จันทร์","B2C","สาขากรุงเทพกรีฑา","83/132 หมู่บ้าน ศิรินเทพ ลาดพร้าว101แยก46  แขวงคลองจั่น เขตบางกะปิ จ.กรุงเทพฯ 10240","13.79545,100.63624999999999",13.79545,100.63624999999999,"บางกะปิ","รอน้ำลด","","ยังส่งไม่ได้",false,"","",""
1690,"284088","ARUN MANSINGHANI","2026-09-28T12:13:00+07:00","โอนงานสิ้นวัน","ไม่สามารถเข้าส่งได้ น้ำท่วมสูงในพื้นที่","16203","เสาร์","B2C","สาขากรุงเทพกรีฑา","460/947 NICHE MONO RAMKAMHEANG, BUILDING BB, FLOOR 15, ROOM 947, RAMKANGHEANG ROAD HUA MAK, BANG KAPI, BANGKOK, 10240","13.758551666666666,100.63761666666666",13.758551666666666,100.63761666666666,"","รอน้ำลด","","ยังส่งไม่ได้",true,"วีรวัฒน์ อุดมทรัพย์","28/09/2026","ผู้ทำรายการ:วีรวัฒน์ อุดมทรัพย์;โอนงานมาจากวันที่:28/09/2026"
1691,"284103","โดรา มีเดีย จำกัด","2026-09-28T13:47:00+07:00","ปกติ","ไม่สามารถเข้าส่งได้ น้ำท่วมสูงในพื้นที่","16106","จันทร์","B2B","สาขากรุงเทพกรีฑา","48/26 ถ.รัชดาภิเษก แขวงสามเสนนอก เขตห้วยขวาง จ.กรุงเทพฯ 10310","13.7911147,100.5758834",13.7911147,100.5758834,"ห้วยขวาง","รอน้ำลด","","ยังส่งไม่ได้",false,"","",""
1692,"284457","ฟรีเมน นูทรา (ประเทศไทย) จำกัด","2026-09-28T13:59:00+07:00","ปกติ","ไม่สามารถเข้าส่งได้ น้ำท่วมสูงในพื้นที่","16307","จันทร์","B2B","สาขากรุงเทพกรีฑา","39/9 ห้องเลขที่ 4/2 ชั้นที่ 4 ถ.กรุงเทพกรีฑา แขวงทับช้าง เขตสะพานสูง กรุงเทพมหานคร 10250 ","13.744311666666666,100.67288500000001",13.744311666666666,100.67288500000001,"สะพานสูง","รอน้ำลด","","ยังส่งไม่ได้",false,"","",""
1693,"284666","MAW HTOO CHUN","2026-09-28T13:00:00+07:00","ปกติ","ไม่สามารถเข้าส่งได้ น้ำท่วมสูงในพื้นที่","16302","จันทร์","B2C","สาขากรุงเทพกรีฑา","THE LIVIN RAMKHAMHAENG  FLOOR 17, ROOM 8/680   HUA MAK BANG KAPI BANGKOK 10240","13.76424,100.64902333333333",13.76424,100.64902333333333,"","รอน้ำลด","","ยังส่งไม่ได้",false,"","",""
1694,"284721","XIAO CHEN","2026-09-28T12:44:00+07:00","ปกติ","ไม่สามารถเข้าส่งได้ น้ำท่วมสูงในพื้นที่","16303","จันทร์","B2C","สาขากรุงเทพกรีฑา","79/171 BAAN PATTRA RAMKHAMHAENG 76 RAMKHAMHAENG RD.,  HUA MAK BANG KAPI BANGKOK 10240","13.766733333333331,100.66367333333334",13.766733333333331,100.66367333333334,"","รอน้ำลด","","ยังส่งไม่ได้",false,"","",""
1695,"284867","KHANT KYAW HTET","2026-09-28T12:43:00+07:00","ตามน้ำ","ไม่สามารถเข้าส่งได้ น้ำท่วมสูงในพื้นที่","16205","จันทร์","B2C","สาขากรุงเทพกรีฑา","265 SIKARIN VILLAGE, SOI RAMKHAMHAENG 24, INTERSECTION 30 HUA MAK BANG KAPI BANGKOK 10240","13.749438333333334,100.62839000000001",13.749438333333334,100.62839000000001,"","รอน้ำลด","","ยังส่งไม่ได้",false,"","",""
1696,"285072","YA MONE  THET KHAING","2026-09-28T12:52:00+07:00","ตามน้ำ","ไม่สามารถเข้าส่งได้ น้ำท่วมสูงในพื้นที่","16302","จันทร์","B2C","สาขากรุงเทพกรีฑา","THE LIVIN RAMKHAMHAENG BUILDING B, FLOOR 38, ROOM 8/1808 HUA MAK BANG KAPI BANGKOK 10240","13.764375,100.64922999999999",13.764375,100.64922999999999,"","รอน้ำลด","","ยังส่งไม่ได้",false,"","",""
1697,"285271","ซีเค ซัพแมน จำกัด","2026-09-28T12:51:00+07:00","ปกติ","ไม่สามารถเข้าส่งได้ น้ำท่วมสูงในพื้นที่","16303","จันทร์","B2B","สาขากรุงเทพกรีฑา","16 ซ.รามคำแหง 76 แขวงหัวหมาก เขตบางกะปิ จ.กรุงเทพฯ 10240","13.770245,100.66343333333334",13.770245,100.66343333333334,"บางกะปิ","รอน้ำลด","","ยังส่งไม่ได้",false,"","",""
1698,"285274","สุริยา","2026-09-28T13:06:00+07:00","ปกติ","ไม่สามารถเข้าส่งได้ เกิดข้อผิดพลาด (เลื่อนวันที่ส่ง)","16205","จันทร์","B2C","สาขากรุงเทพกรีฑา","เลขที่ 27 เดอะ บางกอกเรสเด้นท์ ชั้น 1 ซ.รามคำแหง 24 แยก 2  แขวงหัวหมาก เขตบางกะปิ จ.กรุงเทพฯ 10240","13.747718333333333,100.61695",13.747718333333333,100.61695,"บางกะปิ","รอน้ำลด","","ยังส่งไม่ได้",false,"","",""
1699,"285419","KALYAR","2026-09-28T13:31:00+07:00","ตามน้ำ","ไม่สามารถเข้าส่งได้ น้ำท่วมสูงในพื้นที่","16303","จันทร์","B2C","สาขากรุงเทพกรีฑา","18/1 JC APARTMENT 3FL.,R#304 SOI RAMKHAMHANG 76 HUA MAK BANG KAPI BANGKOK 10240","13.770075,100.66357500000001",13.770075,100.66357500000001,"","รอน้ำลด","","ยังส่งไม่ได้",false,"","",""
1700,"285561","XIAO XIAO ZHANG","2026-09-28T18:11:00+07:00","โอนงานสิ้นวัน","ไม่สามารถเข้าส่งได้ น้ำท่วมสูงในพื้นที่","16105","เสาร์","B2C","สาขากรุงเทพกรีฑา","490,SOI 5, YU CHAROEN VILLAGE 29 ,RATCHADA 18 RD. SAMSEN NOK HUAI KHWANG BANGKOK 10310","13.784581666666668,100.58193166666666",13.784581666666668,100.58193166666666,"","รอน้ำลด","","ยังส่งไม่ได้",true,"วีรวัฒน์ อุดมทรัพย์","28/09/2026","ผู้ทำรายการ:วีรวัฒน์ อุดมทรัพย์;โอนงานมาจากวันที่:28/09/2026"
1701,"285581","วราภรณ์ กิตติเลิศไพโรจน์","2026-09-28T16:54:00+07:00","ตามน้ำ","ไม่สามารถเข้าส่งได้ น้ำท่วมสูงในพื้นที่","16107","เสาร์","B2C","สาขากรุงเทพกรีฑา","569/68 ซิตี้โฮมรัชดา อาคาร A1 ชั้น 8 ซ.รัชดาภิเษก10 ถ.รัชดาภิเษก แขวงห้วยขวาง เขตห้วยขวาง จ.กรุงเทพฯ 10310","13.772866666666667,100.57599",13.772866666666667,100.57599,"ห้วยขวาง","รอน้ำลด","","ยังส่งไม่ได้",false,"","",""
1702,"285681","LAO","2026-09-28T13:04:00+07:00","ปกติ","ไม่สามารถเข้าส่งได้ น้ำท่วมสูงในพื้นที่","16302","จันทร์","B2C","สาขากรุงเทพกรีฑา","THE LIVIN RAMKHAMHAENG ,RM# 8/443,12A FLOOR, BUILDING B, SOI RAMKHAMHAENG 97/2 HUA MAK, BANG KAPI, BANGKOK, 10240","13.764601666666666,100.64870166666667",13.764601666666666,100.64870166666667,"","รอน้ำลด","","ยังส่งไม่ได้",false,"","",""
1703,"285796","MA NING","2026-09-28T12:59:00+07:00","ปกติ","ไม่สามารถเข้าส่งได้ น้ำท่วมสูงในพื้นที่","16302","จันทร์","B2C","สาขากรุงเทพกรีฑา","3 THE LIVIN RAMKHAMHAENG  LOBBY A, FLOOR 31, ROOM 8/1492, SOI RAMKHAMHAENG 97/2, HUA MAK, BANG KAPI, BANGKOK 10240","13.7641532,100.6489958",13.7641532,100.6489958,"","รอน้ำลด","","ยังส่งไม่ได้",false,"","",""
1704,"286009","LI XIAO","2026-09-28T12:43:00+07:00","ปกติ","ไม่สามารถเข้าส่งได้ น้ำท่วมสูงในพื้นที่","16303","จันทร์","B2C","สาขากรุงเทพกรีฑา","79/170 BAN PATTRA RAMKHAMHAENG 76 RAMKHAMHAENG 76 ALLEY, RD. - HUA MAK, BANG KAPI, BANGKOK, 10240","13.766826666666669,100.66330833333335",13.766826666666669,100.66330833333335,"","รอน้ำลด","","ยังส่งไม่ได้",false,"","",""
1705,"286116","LWIN MIN  KHANT","2026-09-28T12:50:00+07:00","โอนงานสิ้นวัน","ไม่สามารถเข้าส่งได้ น้ำท่วมสูงในพื้นที่","16205","เสาร์","B2C","สาขากรุงเทพกรีฑา","61/1 AC SPORT VILLAGE, BUILDING MINI, FLOOR 2ND, ROOM C135,RAMKHAMHAENG 50 HUA MAK, BANG KAPI, BANGKOK, 10240","13.7574707,100.6429992",13.7574707,100.6429992,"","รอน้ำลด","","ยังส่งไม่ได้",true,"วีรวัฒน์ อุดมทรัพย์","28/09/2026","ผู้ทำรายการ:วีรวัฒน์ อุดมทรัพย์;โอนงานมาจากวันที่:28/09/2026"
1706,"286260","ภัคพงศ์ สุทธโสม","2026-09-28T12:43:00+07:00","ปกติ","ไม่สามารถเข้าส่งได้ น้ำท่วมสูงในพื้นที่","16201","จันทร์","B2C","สาขากรุงเทพกรีฑา","449 ซ.สังคมสงเคราะห์ 11 ถ.ลาดพร้าว 71 แขวงสะพานสอง เขตวังทองหลาง กรุงเทพฯ 10310","13.7930516,100.6057849",13.7930516,100.6057849,"วังทองหลาง","รอน้ำลด","","ยังส่งไม่ได้",false,"","",""
1707,"286624","กุลนิษฐ์ เรเชอ","2026-09-28T12:40:00+07:00","ปกติ","ไม่สามารถเข้าส่งได้ น้ำท่วมสูงในพื้นที่","16201","จันทร์","B2C","สาขากรุงเทพกรีฑา","85 ซ.ลาดพร้าว 71 ถ.ลาดพร้าว แขวงสะพานสอง เขตวังทองหลาง จ.กรุงเทพฯ 10310","13.793574999999999,100.60861666666666",13.793574999999999,100.60861666666666,"วังทองหลาง","รอน้ำลด","","ยังส่งไม่ได้",false,"","",""
1708,"286724","ภัทร์ธีรา เชวงชััยยง","2026-09-28T11:55:00+07:00","ตามน้ำ","ไม่สามารถเข้าส่งได้ เกิดข้อผิดพลาด (เลื่อนวันที่ส่ง)","16203","จันทร์","B2C","สาขากรุงเทพกรีฑา","3/214 คอนโดเดอะเบส พระรามเก้า-รามคำแหง ชั้น 11 ห้อง 214 ถ.รามคำแหง แขวงหัวหมาก เขตบางกะปิ จ.กรุงเทพฯ 10240","13.748471666666667,100.60564833333335",13.748471666666667,100.60564833333335,"บางกะปิ","รอน้ำลด","","ยังส่งไม่ได้",false,"","",""
1709,"287138","รัญจวน ปิระเต","2026-09-28T11:00:00+07:00","โอนงานสิ้นวัน","ไม่สามารถเข้าส่งได้ น้ำท่วมสูงในพื้นที่","16304","เสาร์","B2C","สาขากรุงเทพกรีฑา","481 หมูบ้านนักกีฬาแหลมทอง 5 ซอย 10 ถนนกรุงเทพกรีฑา แขวงสะพานสูง เขตสะพานสูง จ.กรุงเทพฯ 10240","13.745306666666666,100.69278000000001",13.745306666666666,100.69278000000001,"สะพานสูง","รอน้ำลด","","ยังส่งไม่ได้",true,"ฤทธิศักดิ์ สระเงินสิงห์","28/09/2026","ผู้ทำรายการ:ฤทธิศักดิ์ สระเงินสิงห์;โอนงานมาจากวันที่:28/09/2026"
1710,"287189","KHIN NYEIN AYE","2026-09-28T12:56:00+07:00","ตามน้ำ","ไม่สามารถเข้าส่งได้ น้ำท่วมสูงในพื้นที่","16302","จันทร์","B2C","สาขากรุงเทพกรีฑา","1155/112 ORIGIN PLUG & PLAY RAMKHAMHAENG TRIPLE STATION, FL.#6, RM.#625, RAMKHAMHAENG 103 HUA MAK, BANG KAPI, BANGKOK, 10240","13.764465,100.65105166666666",13.764465,100.65105166666666,"","รอน้ำลด","","ยังส่งไม่ได้",false,"","",""
1711,"287293","THAR HTET AUNG","2026-09-28T12:38:00+07:00","ปกติ","ไม่สามารถเข้าส่งได้ น้ำท่วมสูงในพื้นที่","16104","จันทร์","B2C","สาขากรุงเทพกรีฑา","44 RAMKHAMHAENG SOI 21 BENGALI HUA MAK BANGKOK HUA MAK, BANG KAPI, BANGKOK, 10240","13.755376666666667,100.609945",13.755376666666667,100.609945,"","รอน้ำลด","","ยังส่งไม่ได้",false,"","",""
1712,"287544","KO KO MAUNG","2026-09-28T13:01:00+07:00","ปกติ","ไม่สามารถเข้าส่งได้ น้ำท่วมสูงในพื้นที่","16303","จันทร์","B2C","สาขากรุงเทพกรีฑา","1056/101 CASA CITY VILLAGE, RAMKHAMHAENG ROAD. HUA MAK, BANG KAPI, BANGKOK, 10240","13.7683,100.66386833333333",13.7683,100.66386833333333,"","รอน้ำลด","","ยังส่งไม่ได้",false,"","",""
1713,"287756","DAI BAOFENG","2026-09-28T13:05:00+07:00","ปกติ","ไม่สามารถเข้าส่งได้ น้ำท่วมสูงในพื้นที่","16302","จันทร์","B2C","สาขากรุงเทพกรีฑา","THE LIVIN RAMKHAMHAENG, BUILDING B, FLOOR 34, ROOM 1649, RD. RAMKHAMHAENG ROAD HUA MAK, BANG KAPI, BANGKOK, 10240","13.76481,100.64878500000002",13.76481,100.64878500000002,"","รอน้ำลด","","ยังส่งไม่ได้",false,"","",""
1714,"287837","ชนน เเซ่ย่าง","2026-09-28T12:52:00+07:00","เสริมน้ำ ตรงรอบ","ไม่สามารถเข้าส่งได้ น้ำท่วมสูงในพื้นที่","16302","จันทร์","B2C","สาขากรุงเทพกรีฑา","8/629 เดอะ ลิฟวิ่น อาคาร A ชั้น 16 ห้อง 8/629 ถ.รามคำแหง แขวงหัวหมาก เขตบางกะปิ จ.กรุงเทพฯ 10240","13.764226666666666,100.64912833333334",13.764226666666666,100.64912833333334,"บางกะปิ","รอน้ำลด","","ยังส่งไม่ได้",false,"","",""
1715,"288391","NAING OO  WAI","2026-09-28T12:50:00+07:00","โอนงานสิ้นวัน","ไม่สามารถเข้าส่งได้ น้ำท่วมสูงในพื้นที่","16205","เสาร์","B2C","สาขากรุงเทพกรีฑา","SKP MANSION , FLOOR 5TH, ROOM 510, SOI RAKHAMHAENG 50 RD. HUA MAK BANG KAPI BANGKOK 10240","13.760844999999998,100.64265833333333",13.760844999999998,100.64265833333333,"","รอน้ำลด","","ยังส่งไม่ได้",true,"วีรวัฒน์ อุดมทรัพย์","28/09/2026","ผู้ทำรายการ:วีรวัฒน์ อุดมทรัพย์;โอนงานมาจากวันที่:28/09/2026"
1716,"288436","THEIN ZAW","2026-09-28T13:00:00+07:00","ปกติ","ไม่สามารถเข้าส่งได้ น้ำท่วมสูงในพื้นที่","16303","จันทร์","B2C","สาขากรุงเทพกรีฑา","PLUM CONDO RAM 60 INTERCHANGE, BUILDING E, 8 FLOOR, UNIT 643  HUA MAK, BANG KAPI, BANGKOK, 10240","13.759125,100.64949166666665",13.759125,100.64949166666665,"","รอน้ำลด","","ยังส่งไม่ได้",false,"","",""
1717,"288742","เอสเจเค คอนแทรคเตอร์ เอ็นจิเนียริ่ง จำกัด","2026-09-28T14:19:00+07:00","โอนงานสิ้นวัน","ไม่สามารถเข้าส่งได้ น้ำท่วมสูงในพื้นที่","16206","เสาร์","B2B","สาขากรุงเทพกรีฑา","74 ซ.ลาดพร้าว 138 แขวงคลองจั่น เขตบางกะปิ จ.กรุงเทพฯ 10240","13.7663149,100.6378468",13.7663149,100.6378468,"บางกะปิ","รอน้ำลด","","ยังส่งไม่ได้",true,"จิรวัฒน์ สัยนิถี","28/09/2026","ผู้ทำรายการ:จิรวัฒน์ สัยนิถี;โอนงานมาจากวันที่:28/09/2026"
1718,"288812","สุพัตรา ราชวงษ์","2026-09-28T16:56:00+07:00","โอนงานสิ้นวัน","ไม่สามารถเข้าส่งได้ เกิดข้อผิดพลาด (เลื่อนวันที่ส่ง)","16107","เสาร์","B2C","สาขากรุงเทพกรีฑา","587/102 ชั้น 6 ตึก ไอ 3 คอนโดศุภาลัยซิตี้โฮม ซ.รัชดาภิเษก10 ถ.รัชดาภิเษก แขวงห้วยขวาง เขตห้วยขวาง กรุงเทพฯ 10310","13.7702609,100.5757165",13.7702609,100.5757165,"ห้วยขวาง","รอน้ำลด","","ยังส่งไม่ได้",true,"สถาพร นนท์เข็มพรหม","26/09/2026","ผู้ทำรายการ:สถาพร นนท์เข็มพรหม;โอนงานมาจากวันที่:26/09/2026"
1719,"288853","HONEY AUNG","2026-09-28T14:28:00+07:00","โอนงานสิ้นวัน","ไม่สามารถเข้าส่งได้ น้ำท่วมสูงในพื้นที่","16206","เสาร์","B2C","สาขากรุงเทพกรีฑา","3075/1 WARAPAS MANSION, ROOM 231, FLOOR 2, LAT PHRAO ROAD,  KHLONG CHAN BANG KAPI BANGKOK 10240","13.770824733333333,100.63739580000001",13.770824733333333,100.63739580000001,"","รอน้ำลด","","ยังส่งไม่ได้",true,"ฤทธิศักดิ์ สระเงินสิงห์","28/09/2026","ผู้ทำรายการ:ฤทธิศักดิ์ สระเงินสิงห์;โอนงานมาจากวันที่:28/09/2026"
1720,"288919","AUNG KYAW","2026-09-28T14:23:00+07:00","ตามน้ำ","ไม่สามารถเข้าส่งได้ น้ำท่วมสูงในพื้นที่","16206","เสาร์","B2C","สาขากรุงเทพกรีฑา","LUMPINI CENTER LADPRAIO, BUILDING A, FLOOR 3, ROOM 58/24, RD. LAT PHARO 111 KHLONG CHAN, BANG KAPI, BANGKOK, 10240","13.771458713992,100.63705891371",13.771458713992,100.63705891371,"","รอน้ำลด","","ยังส่งไม่ได้",false,"","",""
1721,"288952","EI MAR TOE","2026-09-28T13:03:00+07:00","ปกติ","ไม่สามารถเข้าส่งได้ น้ำท่วมสูงในพื้นที่","16302","จันทร์","B2C","สาขากรุงเทพกรีฑา","THE LIVIN RAMKHAMHAENG LOBBY B FLOOR 15 ROOM 8/575 RAMKHAMHAENG 2 RD HUA MAK BANG KAPI BANGKOK 10240","13.7648702,100.6487224",13.7648702,100.6487224,"","รอน้ำลด","","ยังส่งไม่ได้",false,"","",""
1722,"288969","WAI YAN HEIN","2026-09-28T12:50:00+07:00","โอนงานสิ้นวัน","ไม่สามารถเข้าส่งได้ น้ำท่วมสูงในพื้นที่","16205","เสาร์","B2C","สาขากรุงเทพกรีฑา","6 RAMKHAMHAENG 52 FLOOR2 ROOM 206 RAMKHAMHAENG RD. HUA MAK BANG KAPI BANGKOK 10240","13.7613851,100.6432154",13.7613851,100.6432154,"","รอน้ำลด","","ยังส่งไม่ได้",true,"จิรวัฒน์ สัยนิถี","28/09/2026","ผู้ทำรายการ:จิรวัฒน์ สัยนิถี;โอนงานมาจากวันที่:28/09/2026"
1723,"289000","MON MON NYEIN CHAN","2026-09-28T19:42:00+07:00","เสริมน้ำ ตรงรอบ","ไม่สามารถเข้าส่งได้ น้ำท่วมสูงในพื้นที่","16105","จันทร์","B2C","สาขากรุงเทพกรีฑา","3, THE LILO PRIVATE RESIDENCE, BUILDING 2, FLOOR 5, ROOM 507, SOI PRAMUAN SUK 3 , SUTTHISARN WINICHAI RD. SAMSEN NOK HUAI KHWANG BANGKOK 10310","13.790496666666664,100.58038666666668",13.790496666666664,100.58038666666668,"","รอน้ำลด","","ยังส่งไม่ได้",false,"","",""
1724,"289003","SHINE LWIN HTET","2026-09-28T13:03:00+07:00","ปกติ","ไม่สามารถเข้าส่งได้ น้ำท่วมสูงในพื้นที่","16302","จันทร์","B2C","สาขากรุงเทพกรีฑา","THE LIVIN RAMKHAMHAENG CONDO BUILDING B FLOOR 11 ROOM 8/296 SOI RAMKHAMHAENG 97/2 RAMKHAMHAENG ROAD  HUA MAK BANG KAPI BANGKOK 10240","13.7648799,100.6487019",13.7648799,100.6487019,"","รอน้ำลด","","ยังส่งไม่ได้",false,"","",""
1725,"289065","SOE MYAT TINT","2026-09-28T12:51:00+07:00","โอนงานสิ้นวัน","ไม่สามารถเข้าส่งได้ น้ำท่วมสูงในพื้นที่","16205","เสาร์","B2C","สาขากรุงเทพกรีฑา","106, JO JOKE MANSION, FLOOR 7, ROOM 701-2, SOI RAMKHAMHAENG 52/2 HUA MAK, BANG KAPI, BANGKOK, 10240","13.758450000000002,100.64443666666666",13.758450000000002,100.64443666666666,"","รอน้ำลด","","ยังส่งไม่ได้",true,"วีรวัฒน์ อุดมทรัพย์","28/09/2026","ผู้ทำรายการ:วีรวัฒน์ อุดมทรัพย์;โอนงานมาจากวันที่:28/09/2026"
1726,"289137","พงษ์พณิช วงษ์ดีไทย","2026-09-28T12:45:00+07:00","ปกติ","ไม่สามารถเข้าส่งได้ น้ำท่วมสูงในพื้นที่","16302","จันทร์","B2C","สาขากรุงเทพกรีฑา","300/27 พาทีโอ ศรีนครินทร์ พระราม9 ถ.กรุงเทพกรีฑา แขวงหัวหมาก เขตบางกะปิ จ.กรุงเทพฯ 10240","13.741233333333332,100.66128166666667",13.741233333333332,100.66128166666667,"บางกะปิ","รอน้ำลด","","ยังส่งไม่ได้",false,"","",""
1727,"289144","PYAE SONE SOE","2026-09-28T17:00:00+07:00","โอนงานสิ้นวัน","ไม่สามารถเข้าส่งได้ น้ำท่วมสูงในพื้นที่","16107","เสาร์","B2C","สาขากรุงเทพกรีฑา","335/66, CHATEAU IN TOWN RATCHADA 10, FLOOR 7, SOI RATCHADAPHISEK 10 HUAI KHWANG, HUAI KHWANG, BANGKOK, 10310","13.771051666666665,100.57402500000002",13.771051666666665,100.57402500000002,"","รอน้ำลด","","ยังส่งไม่ได้",true,"จิรวัฒน์ สัยนิถี","28/09/2026","ผู้ทำรายการ:จิรวัฒน์ สัยนิถี;โอนงานมาจากวันที่:28/09/2026"
1728,"289207","HTWE WIN","2026-09-28T12:53:00+07:00","ตามน้ำ","ไม่สามารถเข้าส่งได้ เกิดข้อผิดพลาด (เลื่อนวันที่ส่ง)","16302","จันทร์","B2C","สาขากรุงเทพกรีฑา","97/2 THE LIVIN RAMKHAMHAENG , LOBBY A, FLOOR 12A, ROOM 8462, SOI BANGKOK, RD. RAMKHAMHAENG HUA MAK, BANG KAPI, BANGKOK, 10240","13.76423,100.6489809",13.76423,100.6489809,"","รอน้ำลด","","ยังส่งไม่ได้",false,"","",""
1729,"289245","อัมภิกา ประวัติวงษ์","2026-09-28T13:22:00+07:00","โอนงานสิ้นวัน","ไม่สามารถเข้าส่งได้ น้ำท่วมสูงในพื้นที่","16106","เสาร์","B2C","สาขากรุงเทพกรีฑา","495/4-5 VILLA DE PAPA อาคาร A ชั้น 2 ห้อง A2 ซ.ลาดพร้าว 64 ถ.เกตุนุติ12 แขวงวังทองหลาง เขตวังทองหลาง จ.กรุงเทพฯ 10310","13.7860908,100.6007103",13.7860908,100.6007103,"วังทองหลาง","รอน้ำลด","","ยังส่งไม่ได้",true,"ฤทธิศักดิ์ สระเงินสิงห์","28/09/2026","ผู้ทำรายการ:ฤทธิศักดิ์ สระเงินสิงห์;โอนงานมาจากวันที่:28/09/2026"
1730,"289250","WAN FA TAW","2026-09-28T12:59:00+07:00","ปกติ","ไม่สามารถเข้าส่งได้ น้ำท่วมสูงในพื้นที่","16303","จันทร์","B2C","สาขากรุงเทพกรีฑา","PLUM CONDO RAM 60 INTERCHANGE, BUILDING D, FLOOR 491 ROOM 7 HUA MAK BANG KAPI BANGKOK 10240","13.759126666666669,100.64955",13.759126666666669,100.64955,"","รอน้ำลด","","ยังส่งไม่ได้",false,"","",""
1731,"289387","LIN YATI OO","2026-09-28T12:53:00+07:00","โอนงานสิ้นวัน","ไม่สามารถเข้าส่งได้ น้ำท่วมสูงในพื้นที่","16205","เสาร์","B2C","สาขากรุงเทพกรีฑา","AC-TULA ,RAMKHAMHAENG SOI 50, FLOOR 6, ROOM 610, SOI 50, RAMKHAMHAENG RD. HUA MAK, BANG KAPI, BANGKOK, 10240","13.75998,100.64331333333332",13.75998,100.64331333333332,"","รอน้ำลด","","ยังส่งไม่ได้",true,"วุฒิชัย จีปน","26/09/2026","ผู้ทำรายการ:วุฒิชัย จีปน;โอนงานมาจากวันที่:26/09/2026"
1732,"289436","วิลัยพร พิณพงษ์","2026-09-28T11:49:00+07:00","ปกติ","ไม่สามารถเข้าส่งได้ น้ำท่วมสูงในพื้นที่","16307","จันทร์","B2C","สาขากรุงเทพกรีฑา","59/205 หมู่บ้านโฮมเพลส รามคำแหง 140 ซ.รามคำแหง140 ถ.รามคำแหง แขวงราษฎร์พัฒนา เขตสะพานสูง จ.กรุงเทพฯ 10240","13.780558333333333,100.69045",13.780558333333333,100.69045,"สะพานสูง","รอน้ำลด","","ยังส่งไม่ได้",false,"","",""
1733,"289467","PHYU THANT","2026-09-28T12:09:00+07:00","ตามน้ำ","ไม่สามารถเข้าส่งได้ น้ำท่วมสูงในพื้นที่","16203","เสาร์","B2C","สาขากรุงเทพกรีฑา","FAK KHAO PODE CONDO, BUILDING 3, FLOOR 2, ROOM 76/8, SOI RAMKHAMHAENG 40, RAMKHAMHAENG 40 HUA MAK, BANG KAPI, BANGKOK, 10240","13.756256666666665,100.63897999999999",13.756256666666665,100.63897999999999,"","รอน้ำลด","","ยังส่งไม่ได้",false,"","",""
1734,"289586","SAN MIN NAING","2026-09-28T12:54:00+07:00","โอนงานสิ้นวัน","ไม่สามารถเข้าส่งได้ น้ำท่วมสูงในพื้นที่","16205","เสาร์","B2C","สาขากรุงเทพกรีฑา","ARNUSORN COURT 1, BUILDING AC 1, FLOOR 1, ROOM 513, SOI 50, RAMKHAMHAENG RD HUA MAK, BANG KAPI, BANGKOK, 10240","13.758741666666667,100.64279833333333",13.758741666666667,100.64279833333333,"","รอน้ำลด","","ยังส่งไม่ได้",true,"ฤทธิศักดิ์ สระเงินสิงห์","28/09/2026","ผู้ทำรายการ:ฤทธิศักดิ์ สระเงินสิงห์;โอนงานมาจากวันที่:28/09/2026"
1735,"289598","ศุภกานต์ ธารแผ้ว","2026-09-28T11:12:00+07:00","โอนงานสิ้นวัน","ไม่สามารถเข้าส่งได้ น้ำท่วมสูงในพื้นที่","16304","เสาร์","B2C","สาขากรุงเทพกรีฑา","88 หมู่บ้านนักกีฬาแหลมทอง ซ.นักกีฬาแหลมทอง7 ถ.กรุงเทพกรีฑา แขวงทับช้าง เขตสะพานสูง กรุงเทพฯ 10250","13.749005,100.69325333333333",13.749005,100.69325333333333,"สะพานสูง","รอน้ำลด","","ยังส่งไม่ได้",true,"วีรวัฒน์ อุดมทรัพย์","28/09/2026","ผู้ทำรายการ:วีรวัฒน์ อุดมทรัพย์;โอนงานมาจากวันที่:28/09/2026"
1736,"289920","ทิพย์ นาคชุ่ม","2026-09-28T11:13:00+07:00","โอนงานสิ้นวัน","ไม่สามารถเข้าส่งได้ น้ำท่วมสูงในพื้นที่","16304","เสาร์","B2C","สาขากรุงเทพกรีฑา","7 (99/1417) ซ.นักกีฬาแหลมทอง15 ถ.กรุงเทพกรีฑา แขวงทับช้าง เขตสะพานสูง กรุงเทพฯ 10250","13.749591666666667,100.69664499999999",13.749591666666667,100.69664499999999,"สะพานสูง","รอน้ำลด","","ยังส่งไม่ได้",true,"วุฒิชัย จีปน","26/09/2026","ผู้ทำรายการ:วุฒิชัย จีปน;โอนงานมาจากวันที่:26/09/2026"
1737,"290002","KIRILL  ZALISHCHANSKII","2026-09-28T12:53:00+07:00","ตามน้ำ","ไม่สามารถเข้าส่งได้ น้ำท่วมสูงในพื้นที่","16302","จันทร์","B2C","สาขากรุงเทพกรีฑา"," 8 THE LIVIN RAMKHAMHAENG , FLOOR 18, ROOM 8/772, RD. 8 RAMKHAMHAENG RD HUA MAK, BANG KAPI, BANGKOK, 10240","13.764385,100.64920333333333",13.764385,100.64920333333333,"","รอน้ำลด","","ยังส่งไม่ได้",false,"","",""
1738,"290038","PAING PHYO THU","2026-09-28T12:58:00+07:00","ปกติ","ไม่สามารถเข้าส่งได้ เกิดข้อผิดพลาด (เลื่อนวันที่ส่ง)","16302","จันทร์","B2C","สาขากรุงเทพกรีฑา","THE LIVIN CONDO BUILDING A, FLOOR 24, ROOM 8/1122, SOI 8 RAMKHAMHAENG RD HUA MAK BANG KAPI BANGKOK 10240","13.7642183,100.6489728",13.7642183,100.6489728,"","รอน้ำลด","","ยังส่งไม่ได้",false,"","",""
1739,"290157","ณัฏฐกานต์ กระฉอดนอก","2026-09-28T13:02:00+07:00","ปกติ","ไม่สามารถเข้าส่งได้ น้ำท่วมสูงในพื้นที่","16302","จันทร์","B2C","สาขากรุงเทพกรีฑา","เดอะ ลิฟวิ่น รามคำแหง อาคาร A ชั้น 8 ห้อง 8/73 ถ.รามคำแหง แขวงหัวหมาก เขตบางกะปิ จ.กรุงเทพฯ 10240","13.764331666666665,100.64877166666665",13.764331666666665,100.64877166666665,"บางกะปิ","รอน้ำลด","","ยังส่งไม่ได้",false,"","",""
1740,"290412","อลิษา อวนอ่อน","2026-09-28T12:13:00+07:00","โอนงานสิ้นวัน","ไม่สามารถเข้าส่งได้ น้ำท่วมสูงในพื้นที่","16203","เสาร์","B2C","สาขากรุงเทพกรีฑา","GALLERY RESIDENCE, GALLERY RESIDENCE อาคาร B ชั้น 3 ห้อง 314B ถ.รามคำแหง แขวงหัวหมาก เขตบางกะปิ จ.กรุงเทพฯ 10240","13.755655,100.63940333333333",13.755655,100.63940333333333,"บางกะปิ","รอน้ำลด","","ยังส่งไม่ได้",true,"วีรวัฒน์ อุดมทรัพย์","28/09/2026","ผู้ทำรายการ:วีรวัฒน์ อุดมทรัพย์;โอนงานมาจากวันที่:28/09/2026"
1741,"290497","กฤษปภณ","2026-09-28T12:50:00+07:00","ปกติ","ไม่สามารถเข้าส่งได้ น้ำท่วมสูงในพื้นที่","16201","จันทร์","B2C","สาขากรุงเทพกรีฑา","338/387 หมู่บ้านสุขสบายวิลล่า ซ.6 ซ.ลาดพร้าว 87 แยก 10 ถ.ลาดพร้าว แขวงคลองเจ้าคุณสิงห์ เขตวังทองหลาง จ.กรุงเทพฯ 10310","13.7923906,100.6222492",13.7923906,100.6222492,"วังทองหลาง","รอน้ำลด","","ยังส่งไม่ได้",false,"","",""
1742,"290623","รำพู ฉายรื่น","2026-09-28T11:13:00+07:00","โอนงานสิ้นวัน","ไม่สามารถเข้าส่งได้ น้ำท่วมสูงในพื้นที่","16304","เสาร์","B2C","สาขากรุงเทพกรีฑา","99 นักกรีฬาแหลมทอง ซ.3 แยก 7ก/2 ถ.กรุงเทพกรีฑา แขวงทับช้าง เขตสะพานสูง กรุงเทพฯ 10250","13.743439999999998,100.68957999999999",13.743439999999998,100.68957999999999,"สะพานสูง","รอน้ำลด","","ยังส่งไม่ได้",true,"จิรวัฒน์ สัยนิถี","28/09/2026","ผู้ทำรายการ:จิรวัฒน์ สัยนิถี;โอนงานมาจากวันที่:28/09/2026"
1743,"290819","AUNG MYO  OO","2026-09-28T12:51:00+07:00","ปกติ","ไม่สามารถเข้าส่งได้ น้ำท่วมสูงในพื้นที่","16303","จันทร์","B2C","สาขากรุงเทพกรีฑา","1056/23 SOI MUBAN CASA CITY RAMKHAMHAENG RAMKHAMHAENG RD HUA MAK, BANG KAPI, BANGKOK, 10240","13.769565,100.66328",13.769565,100.66328,"","รอน้ำลด","","ยังส่งไม่ได้",false,"","",""
1744,"290824","NYEIN WAI HEIN","2026-09-28T13:04:00+07:00","ปกติ","ไม่สามารถเข้าส่งได้ น้ำท่วมสูงในพื้นที่","16303","จันทร์","B2C","สาขากรุงเทพกรีฑา","PLUM CONDO RAM 60 INTERCHANGE, BUILDING B, FLOOR 2, ROOM 152, SOI RAMKHAMHAENG HUA MAK BANG KAPI BANGKOK 10240","13.760430000000001,100.64933666666666",13.760430000000001,100.64933666666666,"","รอน้ำลด","","ยังส่งไม่ได้",false,"","",""
1745,"290836","เฉลิมชัย นวลขาว","2026-09-28T14:24:00+07:00","โอนงานสิ้นวัน","ไม่สามารถเข้าส่งได้ น้ำท่วมสูงในพื้นที่","16206","เสาร์","B2C","สาขากรุงเทพกรีฑา","580/62 อาคาร ลุมพินีเซ็นเตอร์ ตึกH ถ.แฮปปี้แลนด์สาย 2 แขวงคลองจั่น เขตบางกะปิ จ.กรุงเทพฯ 10240","13.774284611213,100.64231720203",13.774284611213,100.64231720203,"บางกะปิ","รอน้ำลด","","ยังส่งไม่ได้",true,"วีรวัฒน์ อุดมทรัพย์","28/09/2026","ผู้ทำรายการ:วีรวัฒน์ อุดมทรัพย์;โอนงานมาจากวันที่:28/09/2026"
1746,"290869","น้ำฝน มาอยู่วัง","2026-09-28T14:14:00+07:00","โอนงานสิ้นวัน","ไม่สามารถเข้าส่งได้ น้ำท่วมสูงในพื้นที่","16206","เสาร์","B2C","สาขากรุงเทพกรีฑา","15 ธนาสิริ เพลส ชั้น 4 ห้อง 402 ซ.ลาดพร้าว 136 แยก 1 ถ.ลาดพร้าว แขวงคลองจั่น เขตบางกะปิ จ.กรุงเทพฯ 10240","13.7691329,100.6370509",13.7691329,100.6370509,"บางกะปิ","รอน้ำลด","","ยังส่งไม่ได้",true,"วุฒิชัย จีปน","26/09/2026","ผู้ทำรายการ:วุฒิชัย จีปน;โอนงานมาจากวันที่:26/09/2026"
1747,"291111","ชัชพงษ์ เพิ่มพงศาเจริญ","2026-09-28T12:13:00+07:00","โอนงานสิ้นวัน","ไม่สามารถเข้าส่งได้ น้ำท่วมสูงในพื้นที่","16203","เสาร์","B2C","สาขากรุงเทพกรีฑา","460/265 NICHE MONO RAMKHAMHAENG อาคาร A ถ.รามคำแหง แขวงหัวหมาก เขตบางกะปิ จ.กรุงเทพฯ 10240","13.760306666666668,100.63764",13.760306666666668,100.63764,"บางกะปิ","รอน้ำลด","","ยังส่งไม่ได้",true,"จิรวัฒน์ สัยนิถี","28/09/2026","ผู้ทำรายการ:จิรวัฒน์ สัยนิถี;โอนงานมาจากวันที่:28/09/2026"
1748,"291167","JUN MA","2026-09-28T11:13:00+07:00","โอนงานสิ้นวัน","ไม่สามารถเข้าส่งได้ เกิดข้อผิดพลาด (เลื่อนวันที่ส่ง)","16304","เสาร์","B2C","สาขากรุงเทพกรีฑา","222/18 THE CITY RAMA 9 -KRUNGTHEP KREETHA  SAPAN SUNG SAPHAN SUNG BANGKOK 10240","13.750508333333334,100.70021999999999",13.750508333333334,100.70021999999999,"","รอน้ำลด","","ยังส่งไม่ได้",true,"สถาพร นนท์เข็มพรหม","26/09/2026","ผู้ทำรายการ:สถาพร นนท์เข็มพรหม;โอนงานมาจากวันที่:26/09/2026"
1749,"291241","พชร","2026-09-28T13:23:00+07:00","โอนงานสิ้นวัน","ไม่สามารถเข้าส่งได้ น้ำท่วมสูงในพื้นที่","16106","เสาร์","B2C","สาขากรุงเทพกรีฑา","240/4 ซ.ลาดพร้าว 64 (กรองทอง 4) แขวงวังทองหลาง เขตวังทองหลาง จ.กรุงเทพฯ 10310","13.7859637,100.5929361",13.7859637,100.5929361,"วังทองหลาง","รอน้ำลด","","ยังส่งไม่ได้",true,"ฤทธิศักดิ์ สระเงินสิงห์","28/09/2026","ผู้ทำรายการ:ฤทธิศักดิ์ สระเงินสิงห์;โอนงานมาจากวันที่:28/09/2026"
1750,"291273","ธนวัฒน์ ครัวรัมย์","2026-09-28T12:44:00+07:00","ปกติ","ไม่สามารถเข้าส่งได้ น้ำท่วมสูงในพื้นที่","16201","จันทร์","B2C","สาขากรุงเทพกรีฑา","969/291 ชีวาทัย ฮอลล์มาร์ค ลาดพร้าว-โชคชัย 4  เฟส 2 ตึก D ถ.สังคมสงเคราะห์ แขวงสะพานสอง เขตวังทองหลาง กรุงเทพฯ 10310","13.795561666666666,100.60005500000001",13.795561666666666,100.60005500000001,"วังทองหลาง","รอน้ำลด","","ยังส่งไม่ได้",false,"","",""
1751,"291775","KAUNG HTET WIN","2026-09-28T14:24:00+07:00","โอนงานสิ้นวัน","ไม่สามารถเข้าส่งได้ น้ำท่วมสูงในพื้นที่","16206","เสาร์","B2C","สาขากรุงเทพกรีฑา","598, SARAN VILLE CONDOMINIUM, BUILDING B OR 2, FLOOR 5, ROOM 598/102,  HAPPY LAND SAI 1 RD KHLONG CHAN, BANG KAPI, BANGKOK, 10240","13.7778637338,100.64198914938",13.7778637338,100.64198914938,"","รอน้ำลด","","ยังส่งไม่ได้",true,"วุฒิชัย จีปน","26/09/2026","ผู้ทำรายการ:วุฒิชัย จีปน;โอนงานมาจากวันที่:26/09/2026"
1752,"292000","SITHU WIN","2026-09-28T13:14:00+07:00","ปกติ","ไม่สามารถเข้าส่งได้ น้ำท่วมสูงในพื้นที่","16205","จันทร์","B2C","สาขากรุงเทพกรีฑา","128,21 LOTUS HOUSE DORMITORY, FLOOR 4TH, ROOM C42, SOI 24, RD. 60 HUA MAK, BANG KAPI, BANGKOK, 10240","13.754245,100.62671166666665",13.754245,100.62671166666665,"","รอน้ำลด","","ยังส่งไม่ได้",false,"","",""
1753,"29257/1","อะเบาท์ พีอาร์ จำกัด","2026-09-28T13:20:00+07:00","ปกติ","ไม่สามารถเข้าส่งได้ น้ำท่วมสูงในพื้นที่","16103","จันทร์","B2B","สาขากรุงเทพกรีฑา","142 ( โรงงานสหยูเนี่ยน บ้านคุณซัง ) ถ.ลาดพร้าว 80 แยก 22 แขวงวังทองหลาง เขตวังทองหลาง จ.กรุงเทพฯ 10310","13.779838333333332,100.59872166666668",13.779838333333332,100.59872166666668,"วังทองหลาง","รอน้ำลด","","ยังส่งไม่ได้",false,"","",""
1754,"292643","ปรียาวดี จงพร้า","2026-09-28T12:13:00+07:00","โอนงานสิ้นวัน","ไม่สามารถเข้าส่งได้ น้ำท่วมสูงในพื้นที่","16203","เสาร์","B2C","สาขากรุงเทพกรีฑา","8/266 คอนโดฝักข้าวโพด 3 อาคาร 3 ชั้น 18 ห้อง 266 ซ.รามคำแหง40 ถ.รามคำแหง แขวงหัวหมาก เขตบางกะปิ จ.กรุงเทพฯ 10240","13.756515000000002,100.63896000000001",13.756515000000002,100.63896000000001,"บางกะปิ","รอน้ำลด","","ยังส่งไม่ได้",true,"ฤทธิศักดิ์ สระเงินสิงห์","28/09/2026","ผู้ทำรายการ:ฤทธิศักดิ์ สระเงินสิงห์;โอนงานมาจากวันที่:28/09/2026"
1755,"292769","ซิ่น ด๋า จำกัด","2026-09-28T12:38:00+07:00","เสริมน้ำ นอกรอบ","ไม่สามารถเข้าส่งได้ น้ำท่วมสูงในพื้นที่","16205","จันทร์","B2B","สาขากรุงเทพกรีฑา","877/21 โฮมออฟฟิศ เนอวานา แอทเวิร์ค พระราม 9 - รามคำแหง ถ.พระราม 9 แขวงสวนหลวง เขตสวนหลวง จ.กรุงเทพฯ 10250","13.74461,100.61668666666668",13.74461,100.61668666666668,"สวนหลวง","รอน้ำลด","","ยังส่งไม่ได้",false,"","",""
1756,"292807","ฉันฐรัฐ เหมมาลา","2026-09-28T12:57:00+07:00","ปกติ","ไม่สามารถเข้าส่งได้ น้ำท่วมสูงในพื้นที่","16204","จันทร์","B2C","สาขากรุงเทพกรีฑา","34/82 คอนโดเย็นสบายดี  อาคาร B ชั้น 6 ห้อง B602 ซ.ลาดพร้าว 101 แยก 46 ถ.ลาดพร้าว แขวงคลองจั่น เขตบางกะปิ จ.กรุงเทพฯ 10240","13.793529999999999,100.62957833333333",13.793529999999999,100.62957833333333,"บางกะปิ","รอน้ำลด","","ยังส่งไม่ได้",false,"","",""
1757,"292887","ปภัสสรา สุทธิสาคร","2026-09-28T17:31:00+07:00","โอนงานสิ้นวัน","ไม่สามารถเข้าส่งได้ น้ำท่วมสูงในพื้นที่","16105","เสาร์","B2C","สาขากรุงเทพกรีฑา","HI SUTTHISAN CONDO อาคาร B ชั้น 3 ห้อง 236/34 ซอย 20 มิถุนา แยก 5   แขวงสามเสนนอก เขตห้วยขวาง จ.กรุงเทพฯ 10310","13.785696666666668,100.58819166666666",13.785696666666668,100.58819166666666,"ห้วยขวาง","รอน้ำลด","","ยังส่งไม่ได้",true,"จิรวัฒน์ สัยนิถี","28/09/2026","ผู้ทำรายการ:จิรวัฒน์ สัยนิถี;โอนงานมาจากวันที่:28/09/2026"
1758,"293067","KYAW ZIN THAW","2026-09-28T13:05:00+07:00","ปกติ","ไม่สามารถเข้าส่งได้ เกิดข้อผิดพลาด (เลื่อนวันที่ส่ง)","16302","จันทร์","B2C","สาขากรุงเทพกรีฑา","THE LIVIN RAMKHAMHAENG CONDO ROOM-8/794, 18TH FLOOR, BUILDING B HUA MAK, BANG KAPI, BANGKOK, 10240","13.764601666666666,100.64870166666667",13.764601666666666,100.64870166666667,"","รอน้ำลด","","ยังส่งไม่ได้",false,"","",""
1759,"293221","สุวนันท์","2026-09-28T13:15:00+07:00","ปกติ","ไม่สามารถเข้าส่งได้ น้ำท่วมสูงในพื้นที่","16303","จันทร์","B2C","สาขากรุงเทพกรีฑา","เลขที่ 56 (โฮมออฟฟิศ) ซ.สุภาพงษ์ 2/2 ถ.รามคำแหง 68 แขวงหัวหมาก เขตบางกะปิ จ.กรุงเทพฯ 10240","13.763593333333331,100.66201166666666",13.763593333333331,100.66201166666666,"บางกะปิ","รอน้ำลด","","ยังส่งไม่ได้",false,"","",""
1760,"293308","รดา อ่อนหิรัญ","2026-09-28T14:02:00+07:00","โอนงานสิ้นวัน","ไม่สามารถเข้าส่งได้ น้ำท่วมสูงในพื้นที่","16103","เสาร์","B2C","สาขากรุงเทพกรีฑา"," 98/109 บ้านกลางเมือง พระราม 9 ซ.รามคำแหง 39  แขวงพลับพลา เขตวังทองหลาง จ.กรุงเทพฯ 10310","13.761873333333332,100.61290333333334",13.761873333333332,100.61290333333334,"วังทองหลาง","รอน้ำลด","","ยังส่งไม่ได้",true,"วีรวัฒน์ อุดมทรัพย์","28/09/2026","ผู้ทำรายการ:วีรวัฒน์ อุดมทรัพย์;โอนงานมาจากวันที่:28/09/2026"
1761,"293705","AYE AUNG THET","2026-09-28T12:54:00+07:00","โอนงานสิ้นวัน","ไม่สามารถเข้าส่งได้ น้ำท่วมสูงในพื้นที่","16205","เสาร์","B2C","สาขากรุงเทพกรีฑา","SINSETTHI NIWET, BUILDING 2, FLOOR6, ROOM 2328/373 ,  HUA MAK BANG KAPI BANGKOK 10240","13.760076666666665,100.64332",13.760076666666665,100.64332,"","รอน้ำลด","","ยังส่งไม่ได้",true,"วุฒิชัย จีปน","26/09/2026","ผู้ทำรายการ:วุฒิชัย จีปน;โอนงานมาจากวันที่:26/09/2026"
1762,"293885","ไทย สตาร์ไลน์ แอร์เวย์ส จำกัด","2026-09-28T17:05:00+07:00","ปกติ","ไม่สามารถเข้าส่งได้ น้ำท่วมสูงในพื้นที่","16107","จันทร์","B2B","สาขากรุงเทพกรีฑา","202 อาคาร จูบิลี่ เพรสทีจ ทาวเวอร์ ชั้น 20 ห้อง 2009 ถ.รัชดาภิเษก แขวงห้วยขวาง เขตห้วยขวาง จ.กรุงเทพฯ 10310","13.775521666666668,100.5744",13.775521666666668,100.5744,"ห้วยขวาง","รอน้ำลด","","ยังส่งไม่ได้",false,"","",""
1763,"293942","ELI GUO","2026-09-28T12:46:00+07:00","ปกติ","ไม่สามารถเข้าส่งได้ น้ำท่วมสูงในพื้นที่","16201","จันทร์","B2C","สาขากรุงเทพกรีฑา","559/11, SOI LAT PHRAO 73,  SAPHAN SONG, WANG THONGLANG, BANGKOK, 10310","13.787346666666668,100.60840166666667",13.787346666666668,100.60840166666667,"","รอน้ำลด","","ยังส่งไม่ได้",false,"","",""
1764,"294292","KYAW  ZIN THANT","2026-09-28T12:54:00+07:00","โอนงานสิ้นวัน","ไม่สามารถเข้าส่งได้ น้ำท่วมสูงในพื้นที่","16205","เสาร์","B2C","สาขากรุงเทพกรีฑา"," AC-3 ROMM NO 3515, AC GROUP, BUILDING AC-3, FLOOR 5, ROOM 3515, SOI RAMKHAMHAENG 52, RD. RAMKHAMHAENG HUA MAK, BANG KAPI, BANGKOK, 10240","13.760016666666669,100.64311666666666",13.760016666666669,100.64311666666666,"","รอน้ำลด","","ยังส่งไม่ได้",true,"ฤทธิศักดิ์ สระเงินสิงห์","28/09/2026","ผู้ทำรายการ:ฤทธิศักดิ์ สระเงินสิงห์;โอนงานมาจากวันที่:28/09/2026"
1765,"294376","THAE HTUT SANDI","2026-09-28T12:55:00+07:00","โอนงานสิ้นวัน","ไม่สามารถเข้าส่งได้ น้ำท่วมสูงในพื้นที่","16205","เสาร์","B2C","สาขากรุงเทพกรีฑา","AC TULA, FLOOR 9, ROOM 921, RD. RAMKHAMHAENG 50 HUA MAK, BANG KAPI, BANGKOK, 10240","13.759998333333332,100.64315833333333",13.759998333333332,100.64315833333333,"","รอน้ำลด","","ยังส่งไม่ได้",true,"วีรวัฒน์ อุดมทรัพย์","28/09/2026","ผู้ทำรายการ:วีรวัฒน์ อุดมทรัพย์;โอนงานมาจากวันที่:28/09/2026"
1766,"294378","ศิรินันท์ การบรรจง","2026-09-28T14:08:00+07:00","ปกติ","ไม่สามารถเข้าส่งได้ น้ำท่วมสูงในพื้นที่","16206","จันทร์","B2C","สาขากรุงเทพกรีฑา","30/72 คอนโดเลอฌ็อง LE CHAMPS PREMIUM อาคาร B ชั้น 6 ห้อง 30/72 ซ.ลาดพร้าว 112/1 ถ.ลาดพร้าว แขวงพลับพลา เขตวังทองหลาง จ.กรุงเทพฯ 10310","13.777799222148,100.62000075609",13.777799222148,100.62000075609,"วังทองหลาง","รอน้ำลด","","ยังส่งไม่ได้",false,"","",""
1767,"294381","สหัสวรรษ บุญเทียน","2026-09-28T12:49:00+07:00","เสริมน้ำ นอกรอบ","ไม่สามารถเข้าส่งได้ น้ำท่วมสูงในพื้นที่","16302","จันทร์","B2C","สาขากรุงเทพกรีฑา","8 THE LIVIN RAMKHAMHAENG, อาคาร A ชั้น 20 ห้อง 8/870 ถ.รามคำแหง แขวงหัวหมาก เขตบางกะปิ จ.กรุงเทพฯ 10240","13.764305000000002,100.64937333333334",13.764305000000002,100.64937333333334,"บางกะปิ","รอน้ำลด","","ยังส่งไม่ได้",false,"","",""
1768,"294427","ทีซีที วาตาชิ กรุ๊ป จำกัด","2026-09-28T13:30:00+07:00","ปกติ","ไม่สามารถเข้าส่งได้ เกิดข้อผิดพลาด (เลื่อนวันที่ส่ง)","16307","จันทร์","B2B","สาขากรุงเทพกรีฑา","105/23 หมู่บ้านพฤกษชาติ แสนสุข ถ.รามคำแหง 118 แยก 33 แขวงสะพานสูง เขตสะพานสูง จ.กรุงเทพฯ 10240","13.770023333333333,100.68742666666667",13.770023333333333,100.68742666666667,"สะพานสูง","รอน้ำลด","","ยังส่งไม่ได้",false,"","",""
1769,"294580","เมเม่เฉอแล่หย่า","2026-09-28T13:08:00+07:00","ปกติ","ไม่สามารถเข้าส่งได้ น้ำท่วมสูงในพื้นที่","16303","จันทร์","B2B","สาขากรุงเทพกรีฑา"," ร้านหมาล่า ซ.รามคำเหง 68 แยก 1 แขวงหัวหมาก เขตบางกะปิ จ.กรุงเทพฯ 10240","13.765105000000002,100.65723166666666",13.765105000000002,100.65723166666666,"บางกะปิ","รอน้ำลด","","ยังส่งไม่ได้",false,"","",""
1770,"294741","ปนันท์ชิตา ชิมาชิน","2026-09-28T11:09:00+07:00","โอนงานสิ้นวัน","ไม่สามารถเข้าส่งได้ น้ำท่วมสูงในพื้นที่","16306","เสาร์","B2C","สาขากรุงเทพกรีฑา","15/2 ซ.รามคำแหง186/1 ถ.รามคำแหง186/1 แขวงมีนบุรี เขตมีนบุรี จ.กรุงเทพฯ 10510","13.802620000000001,100.72485999999999",13.802620000000001,100.72485999999999,"มีนบุรี","รอน้ำลด","","ยังส่งไม่ได้",true,"วีรวัฒน์ อุดมทรัพย์","28/09/2026","ผู้ทำรายการ:วีรวัฒน์ อุดมทรัพย์;โอนงานมาจากวันที่:28/09/2026"
1771,"294783","HSU  SANDI","2026-09-28T12:35:00+07:00","โอนงานสิ้นวัน","ไม่สามารถเข้าส่งได้ น้ำท่วมสูงในพื้นที่","16201","เสาร์","B2C","สาขากรุงเทพกรีฑา","PIYAPOOM BUILDING,FLOOR 2ND FLOOR, ROOM 208, SOI 87, RD. LATPHRAO KHLONG CHAO KHUN SING, WANG THONGLANG, BANGKOK, 10310","13.783396666666667,100.61935",13.783396666666667,100.61935,"","รอน้ำลด","","ยังส่งไม่ได้",true,"วุฒิชัย จีปน","26/09/2026","ผู้ทำรายการ:วุฒิชัย จีปน;โอนงานมาจากวันที่:26/09/2026"
1772,"294839","NYAN LINN AUNG","2026-09-28T12:55:00+07:00","โอนงานสิ้นวัน","ไม่สามารถเข้าส่งได้ น้ำท่วมสูงในพื้นที่","16205","เสาร์","B2C","สาขากรุงเทพกรีฑา","35 TULA AC GROUP, FLOOR 4, ROOM 406, SOI RAMKHAMHAENG 50, RAMKHAMHAENG RD.  HUA MAK BANG KAPI BANGKOK 10240","13.76004,100.64326833333334",13.76004,100.64326833333334,"","รอน้ำลด","","ยังส่งไม่ได้",true,"จิรวัฒน์ สัยนิถี","28/09/2026","ผู้ทำรายการ:จิรวัฒน์ สัยนิถี;โอนงานมาจากวันที่:28/09/2026"
1773,"295104","THAW THUREIN SOE","2026-09-28T12:44:00+07:00","ตามน้ำ","ไม่สามารถเข้าส่งได้ น้ำท่วมสูงในพื้นที่","16205","เสาร์","B2C","สาขากรุงเทพกรีฑา","ARNUSORN COURT 6, ROOM 6515, FLOOR 5, RAMKHAMHAENG SOI 52,  HUA MAK, BANG KAPI, BANGKOK, 10240","13.759648333333333,100.64328666666667",13.759648333333333,100.64328666666667,"","รอน้ำลด","","ยังส่งไม่ได้",false,"","",""
1774,"295433","วุฒิภัทร","2026-09-28T13:25:00+07:00","ปกติ","ไม่สามารถเข้าส่งได้ น้ำท่วมสูงในพื้นที่","16103","จันทร์","B2C","สาขากรุงเทพกรีฑา","188/168 ลาดพร้าว 84, ซ.ลาดพร้าว 84 ถ.ลาดพร้าว แขวงวังทองหลาง เขตวังทองหลาง จ.กรุงเทพฯ 10310","13.775920000000001,100.60466666666667",13.775920000000001,100.60466666666667,"วังทองหลาง","รอน้ำลด","","ยังส่งไม่ได้",false,"","",""
1775,"295771","JIAN ZENG","2026-09-28T11:13:00+07:00","โอนงานสิ้นวัน","ไม่สามารถเข้าส่งได้ น้ำท่วมสูงในพื้นที่","16304","เสาร์","B2C","สาขากรุงเทพกรีฑา","NIRVANA BEYOND LITE RAMA 9 .HOUSE NO.12/20 SOI KRUNGTHEP KREETHA 32 SAPHAN SUNG, SAPHAN SUNG, BANGKOK, 10240","13.737046666666666,100.69174",13.737046666666666,100.69174,"","รอน้ำลด","","ยังส่งไม่ได้",true,"วีรวัฒน์ อุดมทรัพย์","28/09/2026","ผู้ทำรายการ:วีรวัฒน์ อุดมทรัพย์;โอนงานมาจากวันที่:28/09/2026"
1776,"295783","สิรินทรา","2026-09-28T12:04:00+07:00","เสริมน้ำ ตรงรอบ","ไม่สามารถเข้าส่งได้ น้ำท่วมสูงในพื้นที่","16203","จันทร์","B2C","สาขากรุงเทพกรีฑา","71 อาคารธิติกร ซ.รามคำแหง 19-19/1 แขวงหัวหมาก เขตบางกะปิ จ.กรุงเทพฯ 10240","13.753338333333334,100.61030000000001",13.753338333333334,100.61030000000001,"บางกะปิ","รอน้ำลด","","ยังส่งไม่ได้",false,"","",""
1777,"295805","AYE AYE AUNG","2026-09-28T12:55:00+07:00","โอนงานสิ้นวัน","ไม่สามารถเข้าส่งได้ น้ำท่วมสูงในพื้นที่","16205","เสาร์","B2C","สาขากรุงเทพกรีฑา","SINSETTHEE RESIDENCE TOWN 2, FLOOR 3, ROOM 1707, SOI RAMKHAMHAENG 52/2 HUA MAK, BANG KAPI, BANGKOK, 10240","13.756496666666665,100.64459666666669",13.756496666666665,100.64459666666669,"","รอน้ำลด","","ยังส่งไม่ได้",true,"จิรวัฒน์ สัยนิถี","28/09/2026","ผู้ทำรายการ:จิรวัฒน์ สัยนิถี;โอนงานมาจากวันที่:28/09/2026"
1778,"295969","PAING MIN KHANT","2026-09-28T12:57:00+07:00","ปกติ","ไม่สามารถเข้าส่งได้ เกิดข้อผิดพลาด (เลื่อนวันที่ส่ง)","16302","จันทร์","B2C","สาขากรุงเทพกรีฑา","THE LIVING RAMKHAMHAENG, BUILDING  A,  FLOOR 10,UNIT NO. 8/190, SOI RAMKHAMHAENG 97/2, HUA MAK, BANG KAPI, BANGKOK, 10240","13.764456666666668,100.64937666666668",13.764456666666668,100.64937666666668,"","รอน้ำลด","","ยังส่งไม่ได้",false,"","",""
1779,"296172","NYEIN CHAN","2026-09-28T12:44:00+07:00","ตามน้ำ","ไม่สามารถเข้าส่งได้ น้ำท่วมสูงในพื้นที่","16205","เสาร์","B2C","สาขากรุงเทพกรีฑา","S.K.P. MANSION RAMKHAMHAENG 22/1 ROOM NO 209, FL#1 SOI RAMKHAMHAENG 50 HUA MAK, BANG KAPI, BANGKOK, 10240","13.760134999999998,100.64273166666665",13.760134999999998,100.64273166666665,"","รอน้ำลด","","ยังส่งไม่ได้",false,"","",""
1780,"296373","HTET OO YAN","2026-09-28T12:14:00+07:00","โอนงานสิ้นวัน","ไม่สามารถเข้าส่งได้ น้ำท่วมสูงในพื้นที่","16203","เสาร์","B2C","สาขากรุงเทพกรีฑา","NICHE MONO RAMKHAMHAENG, ROOM 460/499, FLOOR 26, BUILDING A, RAMKHAMHAENG RD, HUA MAK, BANG KAPI, BANGKOK, 10240","13.76016,100.63749833333334",13.76016,100.63749833333334,"","รอน้ำลด","","ยังส่งไม่ได้",true,"วีรวัฒน์ อุดมทรัพย์","28/09/2026","ผู้ทำรายการ:วีรวัฒน์ อุดมทรัพย์;โอนงานมาจากวันที่:28/09/2026"
1781,"296576","เอกพงศ์","2026-09-28T13:06:00+07:00","ปกติ","ไม่สามารถเข้าส่งได้ น้ำท่วมสูงในพื้นที่","16205","จันทร์","B2C","สาขากรุงเทพกรีฑา","877/19 หมู่บ้านเนอวานา แอทเวิร์ค ถ.พระรามเก้า 39/1 แขวงสวนหลวง เขตสวนหลวง จ.กรุงเทพฯ 10250","13.744779999999999,100.61685666666666",13.744779999999999,100.61685666666666,"สวนหลวง","รอน้ำลด","","ยังส่งไม่ได้",false,"","",""
1782,"296680","THI HA","2026-09-28T14:25:00+07:00","โอนงานสิ้นวัน","ไม่สามารถเข้าส่งได้ น้ำท่วมสูงในพื้นที่","16206","เสาร์","B2C","สาขากรุงเทพกรีฑา","WARAPAS MANSION, BUILDING 3075/1, FLOOR 3, ROOM 304, RD. LATPHRAO 111 YU YEN ALLEY KHLONG CHAN, BANG KAPI, BANGKOK, 10240","13.771087,100.6373165",13.771087,100.6373165,"","รอน้ำลด","","ยังส่งไม่ได้",true,"จิรวัฒน์ สัยนิถี","28/09/2026","ผู้ทำรายการ:จิรวัฒน์ สัยนิถี;โอนงานมาจากวันที่:28/09/2026"
1783,"296693","AYE THTET MON","2026-09-28T12:56:00+07:00","โอนงานสิ้นวัน","ไม่สามารถเข้าส่งได้ น้ำท่วมสูงในพื้นที่","16205","เสาร์","B2C","สาขากรุงเทพกรีฑา","ANUSORN COURT 6, BUILDING 6, FLOOR 4, ROOM 6417, SOI RAMKHAMHAENG 52. HUA MAK, BANG KAPI, BANGKOK, 10240","13.760442338634,100.64331643309",13.760442338634,100.64331643309,"","รอน้ำลด","","ยังส่งไม่ได้",true,"สถาพร นนท์เข็มพรหม","26/09/2026","ผู้ทำรายการ:สถาพร นนท์เข็มพรหม;โอนงานมาจากวันที่:26/09/2026"
1784,"296763","KYU KYU","2026-09-28T12:54:00+07:00","ตามน้ำ","ไม่สามารถเข้าส่งได้ น้ำท่วมสูงในพื้นที่","16302","จันทร์","B2C","สาขากรุงเทพกรีฑา","1085/1 THE LIVIN RAMKHAMHAENG CONDO FLOOR 23 ROOM 8/1090 SOI RAMKHAMHAENG 97/2 HUA MAK BANG KAPI BANGKOK 10240","13.764326666666667,100.64900333333331",13.764326666666667,100.64900333333331,"","รอน้ำลด","","ยังส่งไม่ได้",false,"","",""
1785,"296799","HARRY LI","2026-09-28T12:52:00+07:00","ปกติ","ไม่สามารถเข้าส่งได้ น้ำท่วมสูงในพื้นที่","16201","จันทร์","B2C","สาขากรุงเทพกรีฑา","316/36  MERIT PLACE LADPRAO 87, LADPRAO RD. KHLONG CHAO KHUN SING, WANG THONGLANG, BANGKOK, 10310","13.791123333333333,100.62227833333333",13.791123333333333,100.62227833333333,"","รอน้ำลด","","ยังส่งไม่ได้",false,"","",""
1786,"296962","พิมพ์วิภา สะใบงาม","2026-09-28T12:33:00+07:00","ตามน้ำ","ไม่สามารถเข้าส่งได้ น้ำท่วมสูงในพื้นที่","16201","จันทร์","B2C","สาขากรุงเทพกรีฑา","360/79 WYNN CONDO CHOKCHAI4 อาคาร เอ ชั้น 6 ห้อง 360/79 ถ.โชคชัย 4 แขวงสะพานสอง เขตวังทองหลาง จ.กรุงเทพฯ 10310","13.798625,100.59629333333332",13.798625,100.59629333333332,"วังทองหลาง","รอน้ำลด","","ยังส่งไม่ได้",false,"","",""
1787,"297081","WANT","2026-09-28T13:01:00+07:00","ปกติ","ไม่สามารถเข้าส่งได้ น้ำท่วมสูงในพื้นที่","16302","จันทร์","B2C","สาขากรุงเทพกรีฑา","8/1612 THE LIVIN RAMKHAMHAENG, SOI RAMKHAMHAENG 97/2, RAMKHAMHAENG RD HUA MAK BANG KAPI BANGKOK 10240","13.764475000000001,100.64920333333333",13.764475000000001,100.64920333333333,"","รอน้ำลด","","ยังส่งไม่ได้",false,"","",""
1788,"297525","SHUHONGCHEN YANG","2026-09-28T12:54:00+07:00","ตามน้ำ","ไม่สามารถเข้าส่งได้ เกิดข้อผิดพลาด (เลื่อนวันที่ส่ง)","16302","จันทร์","B2C","สาขากรุงเทพกรีฑา","8/398 THE LIVIN RAMKHAMHAENG FLOOR 12A,  HUA MAK, BANG KAPI, BANGKOK, 10240","13.76422,100.64901499999999",13.76422,100.64901499999999,"","รอน้ำลด","","ยังส่งไม่ได้",false,"","",""
1789,"297549","วิชชุ","2026-09-28T13:24:00+07:00","โอนงานสิ้นวัน","ไม่สามารถเข้าส่งได้ น้ำท่วมสูงในพื้นที่","16106","เสาร์","B2C","สาขากรุงเทพกรีฑา","เลขที่ 91, ซ.ลาดพร้าว 64 แยก 12, ถ.ลาดพร้าว แขวงวังทองหลาง เขตวังทองหลาง จ.กรุงเทพฯ 10310","13.786551666666666,100.59674666666666",13.786551666666666,100.59674666666666,"วังทองหลาง","รอน้ำลด","","ยังส่งไม่ได้",true,"ฤทธิศักดิ์ สระเงินสิงห์","28/09/2026","ผู้ทำรายการ:ฤทธิศักดิ์ สระเงินสิงห์;โอนงานมาจากวันที่:28/09/2026"
1790,"297644","JOHN GODBOLD","2026-09-28T12:45:00+07:00","ปกติ","ไม่สามารถเข้าส่งได้ น้ำท่วมสูงในพื้นที่","16306","จันทร์","B2C","สาขากรุงเทพกรีฑา","20 MALEE HAIR SALON SOI RAMKHAMHAENG 164, MIN BURI MIN BURI BANGKOK 10510","13.793758333333335,100.71068833333332",13.793758333333335,100.71068833333332,"","รอน้ำลด","","ยังส่งไม่ได้",false,"","",""
1791,"297788","แอดวานซ์หทัยราษฎร์ จำกัด","2026-09-28T13:09:00+07:00","ปกติ","ไม่สามารถเข้าส่งได้ น้ำท่วมสูงในพื้นที่","16303","จันทร์","B2B","สาขากรุงเทพกรีฑา","เลขที่ 954,956 ถ.รามคำแหง 68 แขวงหัวหมาก เขตบางกะปิ จ.กรุงเทพฯ 10240","13.766128333333333,100.65596666666667",13.766128333333333,100.65596666666667,"บางกะปิ","รอน้ำลด","","ยังส่งไม่ได้",false,"","",""
1792,"297794","THET HTET YEE LINN","2026-09-28T12:54:00+07:00","ตามน้ำ","ไม่สามารถเข้าส่งได้ น้ำท่วมสูงในพื้นที่","16302","จันทร์","B2C","สาขากรุงเทพกรีฑา","THE LIVIN RAMKHAMHEANG, BUILDING A, FLOOR 12A, ROOM 8/404, SOI RAMKHAMHAENG 97/2 HUA MAK, BANG KAPI, BANGKOK, 10240","13.764389999999999,100.64953833333333",13.764389999999999,100.64953833333333,"","รอน้ำลด","","ยังส่งไม่ได้",false,"","",""
1793,"297905","LISA KLAEVER","2026-09-28T13:00:00+07:00","ปกติ","ไม่สามารถเข้าส่งได้ น้ำท่วมสูงในพื้นที่","16302","จันทร์","B2C","สาขากรุงเทพกรีฑา","8/1085 RAMKHAMHAENG 97/2, THE LIVIN RAMKHAMHAENG, BUILDING B, FLOOR 23,  HUA MAK, BANG KAPI, BANGKOK, 10240","13.764323333333333,100.64907166666666",13.764323333333333,100.64907166666666,"","รอน้ำลด","","ยังส่งไม่ได้",false,"","",""
1794,"297932","NILS HUFNAGEL","2026-09-28T12:59:00+07:00","ปกติ","ไม่สามารถเข้าส่งได้ น้ำท่วมสูงในพื้นที่","16302","จันทร์","B2C","สาขากรุงเทพกรีฑา","THE LIVIN RAMKHAMHAENG FLOOR 20 ROOM 8/884 HUA MAK, BANG KAPI, BANGKOK, 10240","13.764460000000001,100.64898666666667",13.764460000000001,100.64898666666667,"","รอน้ำลด","","ยังส่งไม่ได้",false,"","",""
1795,"298041","HSU YADANAR ZAW","2026-09-28T12:45:00+07:00","ตามน้ำ","ไม่สามารถเข้าส่งได้ น้ำท่วมสูงในพื้นที่","16205","เสาร์","B2C","สาขากรุงเทพกรีฑา","SINSETTHEE RESIDENT BUILDING 2 ROOM NO.1740 RAMKAMHENG HUAMAK SOI 52/2  HUA MAK BANG KAPI BANGKOK 10240","13.757126666666666,100.64463333333333",13.757126666666666,100.64463333333333,"","รอน้ำลด","","ยังส่งไม่ได้",false,"","",""
1796,"298110","ภัทรวดี","2026-09-28T14:18:00+07:00","โอนงานสิ้นวัน","ไม่สามารถเข้าส่งได้ น้ำท่วมสูงในพื้นที่","16206","เสาร์","B2C","สาขากรุงเทพกรีฑา","248 มหาดไทยคอนโดเทล ชั้น 11 ห้อง 1112 ซ.ลาดพร้าว 122 แยก 24 แขวงพลับพลา เขตวังทองหลาง จ.กรุงเทพฯ 10310","13.7696286,100.622171",13.7696286,100.622171,"วังทองหลาง","รอน้ำลด","","ยังส่งไม่ได้",true,"วุฒิชัย จีปน","26/09/2026","ผู้ทำรายการ:วุฒิชัย จีปน;โอนงานมาจากวันที่:26/09/2026"
1797,"298490","AUNG NAING TUN","2026-09-28T11:50:00+07:00","ปกติ","ไม่สามารถเข้าส่งได้ น้ำท่วมสูงในพื้นที่","16307","จันทร์","B2C","สาขากรุงเทพกรีฑา","59/323, HOME PLACE, SOI RAMKHAMHAENG 140, RD. RAMKHAMHAENG RAT PHATTHANA, SAPHAN SUNG, BANGKOK, 10240","13.77942,100.69124500000001",13.77942,100.69124500000001,"","รอน้ำลด","","ยังส่งไม่ได้",false,"","",""
1798,"298575","KHIN MYO THET","2026-09-28T12:56:00+07:00","โอนงานสิ้นวัน","ไม่สามารถเข้าส่งได้ เกิดข้อผิดพลาด (เลื่อนวันที่ส่ง)","16205","เสาร์","B2C","สาขากรุงเทพกรีฑา","NO 27,COURT 7 SOI52,FLOOR 2 ,ROOM 7207, RAMKHAMHAENG RD. HUA MAK, BANG KAPI, BANGKOK, 10240","13.759864999999998,100.64327166666665",13.759864999999998,100.64327166666665,"","รอน้ำลด","","ยังส่งไม่ได้",true,"สถาพร นนท์เข็มพรหม","26/09/2026","ผู้ทำรายการ:สถาพร นนท์เข็มพรหม;โอนงานมาจากวันที่:26/09/2026"
1799,"298598","HSU HSET","2026-09-28T12:57:00+07:00","โอนงานสิ้นวัน","ไม่สามารถเข้าส่งได้ น้ำท่วมสูงในพื้นที่","16205","เสาร์","B2C","สาขากรุงเทพกรีฑา","AC4 BUILDING 4 23 RAMKHANHAENG 52 FLOOR 8, ROOM 4806 HUA MAK, BANG KAPI, BANGKOK, 10240","13.760355,100.64323666666665",13.760355,100.64323666666665,"","รอน้ำลด","","ยังส่งไม่ได้",true,"ฤทธิศักดิ์ สระเงินสิงห์","28/09/2026","ผู้ทำรายการ:ฤทธิศักดิ์ สระเงินสิงห์;โอนงานมาจากวันที่:28/09/2026"
1800,"298622","มั่งมีไทย ฟู๊ด จำกัด","2026-09-28T13:11:00+07:00","เสริมน้ำ ตรงรอบ","ไม่สามารถเข้าส่งได้ น้ำท่วมสูงในพื้นที่","16204","จันทร์","B2B","สาขากรุงเทพกรีฑา","โกดัง D23 ซ.โพธิ์แก้ว 3 แยก 4 แขวงคลองจั่น เขตบางกะปิ จ.กรุงเทพฯ 10240","13.801739999999999,100.637295",13.801739999999999,100.637295,"บางกะปิ","รอน้ำลด","","ยังส่งไม่ได้",false,"","",""
1801,"298837","อินทิรา","2026-09-28T11:14:00+07:00","โอนงานสิ้นวัน","ไม่สามารถเข้าส่งได้ น้ำท่วมสูงในพื้นที่","16304","เสาร์","B2C","สาขากรุงเทพกรีฑา","144 หมู่บ้านนักกีฬาแหลมทอง ซ.นักกีฬาแหลมทอง 3  แขวงทับช้าง เขตสะพานสูง กรุงเทพ 10240","13.74379,100.68988333333333",13.74379,100.68988333333333,"สะพานสูง","รอน้ำลด","","ยังส่งไม่ได้",true,"วุฒิชัย จีปน","26/09/2026","ผู้ทำรายการ:วุฒิชัย จีปน;โอนงานมาจากวันที่:26/09/2026"
1802,"298973","ZE WANG","2026-09-28T12:50:00+07:00","เสริมน้ำ ตรงรอบ","ไม่สามารถเข้าส่งได้ น้ำท่วมสูงในพื้นที่","16302","จันทร์","B2C","สาขากรุงเทพกรีฑา","THE LIVIN RAMKHAMHAENG, 8/306 SOI RAMKHAMHAENG 97/2, RAMKHAMHAENG RD HUA MAK, BANG KAPI, BANGKOK, 10240","13.764375,100.64882000000001",13.764375,100.64882000000001,"","รอน้ำลด","","ยังส่งไม่ได้",false,"","",""
1803,"299040","สมชาย เพลงแสงศรี","2026-09-28T14:25:00+07:00","โอนงานสิ้นวัน","ไม่สามารถเข้าส่งได้ น้ำท่วมสูงในพื้นที่","16206","เสาร์","B2C","สาขากรุงเทพกรีฑา","67/86 ถ.แฮปปี้แลนด์สาย 1 แขวงคลองจั่น เขตบางกะปิ จ.กรุงเทพฯ 10240","13.7774446,100.641416",13.7774446,100.641416,"บางกะปิ","รอน้ำลด","","ยังส่งไม่ได้",true,"สถาพร นนท์เข็มพรหม","26/09/2026","ผู้ทำรายการ:สถาพร นนท์เข็มพรหม;โอนงานมาจากวันที่:26/09/2026"
1804,"299043","YEYINT PAING","2026-09-28T13:31:00+07:00","ตามน้ำ","ไม่สามารถเข้าส่งได้ น้ำท่วมสูงในพื้นที่","16303","จันทร์","B2C","สาขากรุงเทพกรีฑา","PLUM CONDO RAM 60 INTERCHANGE, BUILDING D, FLOOR 1, ROOM 393,  SOI 60 ALLEY 12 RAMKHAMHAENG 60 RD HUA MAK, BANG KAPI, BANGKOK, 10240","13.759199999999998,100.64954333333331",13.759199999999998,100.64954333333331,"","รอน้ำลด","","ยังส่งไม่ได้",false,"","",""
1805,"299397","NAING LIN HTUN","2026-09-28T13:26:00+07:00","โอนงานสิ้นวัน","ไม่สามารถเข้าส่งได้ น้ำท่วมสูงในพื้นที่","16106","เสาร์","B2C","สาขากรุงเทพกรีฑา","114 LAT PHRAO 64 ALLEY, LANE 12 WANG THONGLANG WANG THONGLANG BANGKOK 10310","13.785178333333333,100.59359",13.785178333333333,100.59359,"","รอน้ำลด","","ยังส่งไม่ได้",true,"วีรวัฒน์ อุดมทรัพย์","28/09/2026","ผู้ทำรายการ:วีรวัฒน์ อุดมทรัพย์;โอนงานมาจากวันที่:28/09/2026"
1806,"299506","THEIN KHINE WIN","2026-09-28T12:58:00+07:00","โอนงานสิ้นวัน","ไม่สามารถเข้าส่งได้ น้ำท่วมสูงในพื้นที่","16205","เสาร์","B2C","สาขากรุงเทพกรีฑา"," AC TULA, FLOOR 9, ROOM 918, SOI RAMKHAMHAENG 52  HUA MAK, BANG KAPI, BANGKOK, 10240","13.7599849,100.6431422",13.7599849,100.6431422,"","รอน้ำลด","","ยังส่งไม่ได้",true,"วุฒิชัย จีปน","26/09/2026","ผู้ทำรายการ:วุฒิชัย จีปน;โอนงานมาจากวันที่:26/09/2026"
1807,"299697","โครแนกซ์ เอ็นเตอร์เทนเมนท์ จำกัด","2026-09-28T13:03:00+07:00","เสริมน้ำ ตรงรอบ","ไม่สามารถเข้าส่งได้ น้ำท่วมสูงในพื้นที่","16106","จันทร์","B2B","สาขากรุงเทพกรีฑา","10/35-36 ถ.รัชดาภิเษก   แขวงจันทรเกษม เขตจตุจักร กรุงเทพฯ 10900","13.794084999999999,100.58318833333333",13.794084999999999,100.58318833333333,"จตุจักร","รอน้ำลด","","ยังส่งไม่ได้",false,"","",""
1808,"299828","HNIN","2026-09-28T12:58:00+07:00","โอนงานสิ้นวัน","ไม่สามารถเข้าส่งได้ เกิดข้อผิดพลาด (เลื่อนวันที่ส่ง)","16205","เสาร์","B2C","สาขากรุงเทพกรีฑา","AC TULA 324 BUILDING AC, FLOOR 3, ROOM 24, SOI 50 RAMKANHAENG RD HUA MAK, BANG KAPI, BANGKOK, 10240","13.760014,100.642918",13.760014,100.642918,"","รอน้ำลด","","ยังส่งไม่ได้",true,"สถาพร นนท์เข็มพรหม","26/09/2026","ผู้ทำรายการ:สถาพร นนท์เข็มพรหม;โอนงานมาจากวันที่:26/09/2026"
1809,"29986","สมองอิ่ม จำกัด","2026-09-28T11:50:00+07:00","ปกติ","ไม่สามารถเข้าส่งได้ น้ำท่วมสูงในพื้นที่","16307","จันทร์","B2B","สาขากรุงเทพกรีฑา","59/208 หมู่บ้านโฮมเพลส ถ.สุขาภิบาล 3 แขวงสะพานสูง เขตสะพานสูง กรุงเทพฯ 10240","13.78039,100.68988499999999",13.78039,100.68988499999999,"สะพานสูง","รอน้ำลด","","ยังส่งไม่ได้",false,"","",""
1810,"300020","นัทธชัย","2026-09-28T13:19:00+07:00","ตามน้ำ","ไม่สามารถเข้าส่งได้ น้ำท่วมสูงในพื้นที่","16301","จันทร์","B2C","สาขากรุงเทพกรีฑา","234/6 ซอย G14 สัมมากร-รามคำแหง ซ.รามคำแหง 110 ถ.รามคำแหง110 แขวงสะพานสูง เขตสะพานสูง จ.กรุงเทพฯ 10240","13.773656666666666,100.67677833333333",13.773656666666666,100.67677833333333,"สะพานสูง","รอน้ำลด","","ยังส่งไม่ได้",false,"","",""
1811,"300048","SANIT OH","2026-09-28T12:35:00+07:00","โอนงานสิ้นวัน","ไม่สามารถเข้าส่งได้ น้ำท่วมสูงในพื้นที่","16201","เสาร์","B2C","สาขากรุงเทพกรีฑา","91/36 MOO 1, LAT PHRAO ROAD, SOI LAT PHRAO 87, YAEK 3 WANG THONGLANG WANG THONGLANG BANGKOK 10310","13.786475,100.61617333333334",13.786475,100.61617333333334,"","รอน้ำลด","","ยังส่งไม่ได้",true,"วุฒิชัย จีปน","26/09/2026","ผู้ทำรายการ:วุฒิชัย จีปน;โอนงานมาจากวันที่:26/09/2026"
1812,"300108","EI MYAT MOE NAING","2026-09-28T12:58:00+07:00","โอนงานสิ้นวัน","ไม่สามารถเข้าส่งได้ น้ำท่วมสูงในพื้นที่","16205","เสาร์","B2C","สาขากรุงเทพกรีฑา","  AC3, BUILDING 3, FLOOR 6, ROOM 3621, SOI 50, RD. RAMKHAMHAENG HUA MAK, BANG KAPI, BANGKOK, 10240","13.759916666666667,100.64323666666665",13.759916666666667,100.64323666666665,"","รอน้ำลด","","ยังส่งไม่ได้",true,"จิรวัฒน์ สัยนิถี","28/09/2026","ผู้ทำรายการ:จิรวัฒน์ สัยนิถี;โอนงานมาจากวันที่:28/09/2026"
1813,"300253","KYAL SIN TUN","2026-09-28T13:19:00+07:00","ปกติ","ไม่สามารถเข้าส่งได้ น้ำท่วมสูงในพื้นที่","16303","จันทร์","B2C","สาขากรุงเทพกรีฑา","26, PLUM CONDO RAM 60 INTERCHANGE, BUILDING B, RD. . HUA MAK, BANG KAPI, BANGKOK, 10240","13.773521666666666,100.66790999999999",13.773521666666666,100.66790999999999,"","รอน้ำลด","","ยังส่งไม่ได้",false,"","",""
1814,"300329","AHMED MOHAMMED QASEM","2026-09-28T12:46:00+07:00","ปกติ","ไม่สามารถเข้าส่งได้ น้ำท่วมสูงในพื้นที่","16205","จันทร์","B2C","สาขากรุงเทพกรีฑา","27 THE BANGKOK RESIDENCE ROOM 104 SOI RAMKHAMHAENG 24 YEAK 2 HUA MAK BANG KAPI BANGKOK 10240","13.757031666666668,100.62847666666667",13.757031666666668,100.62847666666667,"","รอน้ำลด","","ยังส่งไม่ได้",false,"","",""
1815,"300452","นิวเริล เดฟ จำกัด","2026-09-28T13:18:00+07:00","ปกติ","ไม่สามารถเข้าส่งได้ น้ำท่วมสูงในพื้นที่","16303","จันทร์","B2B","สาขากรุงเทพกรีฑา"," 1056/56 หมู่บ้านคาซ่าซิตี้   แขวงหัวหมาก เขตบางกะปิ จ.กรุงเทพฯ 10240","13.767923333333332,100.66405666666667",13.767923333333332,100.66405666666667,"บางกะปิ","รอน้ำลด","","ยังส่งไม่ได้",false,"","",""
1816,"300453","AUNG LIN HTET","2026-09-28T13:03:00+07:00","โอนงานสิ้นวัน","ไม่สามารถเข้าส่งได้ น้ำท่วมสูงในพื้นที่","16205","เสาร์","B2C","สาขากรุงเทพกรีฑา","2328 SINSETTHEE RESIDENT TOWN FLOOR 9, ROOM 2002, SOI RAMKHAMHAENG 52/2, HUA MAK BANG KAPI BANGKOK 10240","13.7565577,100.644506",13.7565577,100.644506,"","รอน้ำลด","","ยังส่งไม่ได้",true,"วุฒิชัย จีปน","26/09/2026","ผู้ทำรายการ:วุฒิชัย จีปน;โอนงานมาจากวันที่:26/09/2026"
1817,"300463","ซูฮา ยูโซ๊ะ","2026-09-28T13:10:00+07:00","ปกติ","ไม่สามารถเข้าส่งได้ น้ำท่วมสูงในพื้นที่","16204","จันทร์","B2C","สาขากรุงเทพกรีฑา","15 ตึกพฤกษาอพาร์ทเม้นท์ อาคาร A ชั้น 2 ห้อง 208 ซ.โพธิ์แก้ว 3 แยก 1 ถ.โพธิ์แก้ว แขวงคลองจั่น เขตบางกะปิ จ.กรุงเทพฯ 10240","13.7990712,100.6320389",13.7990712,100.6320389,"บางกะปิ","รอน้ำลด","","ยังส่งไม่ได้",false,"","",""
1818,"300468","AEINT CHIT","2026-09-28T13:18:00+07:00","ปกติ","ไม่สามารถเข้าส่งได้ เกิดข้อผิดพลาด (เลื่อนวันที่ส่ง)","16303","พฤหัสบดี","B2C","สาขากรุงเทพกรีฑา","DCONDO RAMKHAMHAENG 64 BUILDING B, FLOOR 7, ROOM 449, SOI RAMKHAMHAENG 64/2  HUA MAK BANG KAPI BANGKOK 10240","13.763591735637,100.65432932237",13.763591735637,100.65432932237,"","รอน้ำลด","","ยังส่งไม่ได้",false,"","",""
1819,"300485","XISHI HUANG","2026-09-28T12:47:00+07:00","ปกติ","ไม่สามารถเข้าส่งได้ น้ำท่วมสูงในพื้นที่","16205","พุธ","B2C","สาขากรุงเทพกรีฑา","SUPALAI VERANDA RAMKHAMHAENG, BUILDING B, FLOOR 32, ROOM 1431 HUA MAK BANG KAPI BANGKOK 10240","13.7582964,100.6284353",13.7582964,100.6284353,"","รอน้ำลด","","ยังส่งไม่ได้",false,"","",""
1820,"300492","TIANG CHUAN","2026-09-28T13:17:00+07:00","ปกติ","ไม่สามารถเข้าส่งได้ น้ำท่วมสูงในพื้นที่","16303","จันทร์","B2C","สาขากรุงเทพกรีฑา","79/18 BAAN PATTRA SOI 1 SOI  RAMKHAMHAENG 76  HUA MAK BANG KAPI BANGKOK 10240","13.940731, 100.588074",13.940731,100.588074,"","รอน้ำลด","","ยังส่งไม่ได้",false,"","",""
1821,"31064","สุเทพ ไตรสัจจ์","2026-09-28T19:51:00+07:00","โอนงานสิ้นวัน","ไม่สามารถเข้าส่งได้ น้ำท่วมสูงในพื้นที่","16105","เสาร์","B2C","สาขากรุงเทพกรีฑา","666/53 ซ.ประชาราษฏร์บำเพ็ญ แยก 26 ถ.ประชาราษฏร์บำเพ็ญ แขวงสามเสนนอก เขตห้วยขวาง จ.กรุงเทพฯ 10310","13.7805026,100.5895029",13.7805026,100.5895029,"ห้วยขวาง","รอน้ำลด","","ยังส่งไม่ได้",true,"วุฒิชัย จีปน","26/09/2026","ผู้ทำรายการ:วุฒิชัย จีปน;โอนงานมาจากวันที่:26/09/2026"
1822,"32395","พิญญา สตัมภรัตน์","2026-09-28T13:06:00+07:00","ปกติ","ไม่สามารถเข้าส่งได้ น้ำท่วมสูงในพื้นที่","16303","จันทร์","B2C","สาขากรุงเทพกรีฑา","69 ซ.รามคำแหง 72 ถ.รามคำแหง แขวงหัวหมาก เขตบางกะปิ กรุงเทพฯ 10240","13.767184922707212,100.6612589540859",13.767184922707212,100.6612589540859,"บางกะปิ","รอน้ำลด","","ยังส่งไม่ได้",false,"","",""
1823,"32623/10","คิวทีซีจี จำกัด (มหาชน)","2026-09-28T12:51:00+07:00","ปกติ","ไม่สามารถเข้าส่งได้ น้ำท่วมสูงในพื้นที่","16306","จันทร์","B2B","สาขากรุงเทพกรีฑา","42 ซ.รามคำแหง187 แยก2 แขวงมีนบุรี เขตมีนบุรี กรุงเทพฯ 10510","13.798846779598883,100.71206714980036",13.798846779598883,100.71206714980036,"มีนบุรี","รอน้ำลด","","ยังส่งไม่ได้",false,"","",""
1824,"32916","ฟินน์นีน่า จำกัด","2026-09-28T19:47:00+07:00","โอนงานสิ้นวัน","ไม่สามารถเข้าส่งได้ น้ำท่วมสูงในพื้นที่","16105","เสาร์","B2B","สาขากรุงเทพกรีฑา","5 ซอย 20 มิถุนา 11 แยก 8 แขวงสามเสนนอก เขตห้วยขวาง จ.กรุงเทพฯ 10310","13.786625708453357,100.58302111923695",13.786625708453357,100.58302111923695,"ห้วยขวาง","รอน้ำลด","","ยังส่งไม่ได้",true,"ฤทธิศักดิ์ สระเงินสิงห์","28/09/2026","ผู้ทำรายการ:ฤทธิศักดิ์ สระเงินสิงห์;โอนงานมาจากวันที่:28/09/2026"
1825,"33096","มีทวี ทัวร์ จำกัด","2026-09-28T14:08:00+07:00","ปกติ","ไม่สามารถเข้าส่งได้ น้ำท่วมสูงในพื้นที่","16206","จันทร์","B2B","สาขากรุงเทพกรีฑา","468/14-15 ซ.ลาดพร้าว130 (มหาดไทย 2) ถ.ลาดพร้าว แขวงคลองจั่น เขตบางกะปิ กรุงเทพฯ 10240","13.772243063251908,100.63041196342186",13.772243063251908,100.63041196342186,"บางกะปิ","รอน้ำลด","","ยังส่งไม่ได้",false,"","",""
1826,"35143","ธนาคารกรุงศรีอยุธยา สาขาถนนศรีนครินทร์-กรุงเทพกรีฑา","2026-09-28T10:51:00+07:00","ปกติ","ไม่สามารถเข้าส่งได้ น้ำท่วมสูงในพื้นที่","16304","จันทร์","B2B","สาขากรุงเทพกรีฑา","304 อาคารทีเอฟกรุ๊ป ถ.ศรีนครินทร์ แขวงหัวหมาก เขตบางกะปิ กรุงเทพฯ 10240","13.7524043,100.6449206",13.7524043,100.6449206,"บางกะปิ","รอน้ำลด","","ยังส่งไม่ได้",false,"","",""
1827,"35229/1","คอมพิวเตอร์ยูเนี่ยน จำกัด","2026-09-28T13:27:00+07:00","ปกติ","ไม่สามารถเข้าส่งได้ น้ำท่วมสูงในพื้นที่","16103","จันทร์","B2B","สาขากรุงเทพกรีฑา","142/1 ซ.ลาดพร้าว 80 (จันทิมา) ถ.ลาดพร้าว แขวงวังทองหลาง เขตวังทองหลาง กรุงเทพฯ 10310","13.7803284,100.6044588",13.7803284,100.6044588,"วังทองหลาง","รอน้ำลด","","ยังส่งไม่ได้",false,"","",""
1828,"35229/2","คอมพิวเตอร์ยูเนี่ยน จำกัด","2026-09-28T13:28:00+07:00","ปกติ","ไม่สามารถเข้าส่งได้ เกิดข้อผิดพลาด (เลื่อนวันที่ส่ง)","16103","จันทร์","B2B","สาขากรุงเทพกรีฑา","142/2 (ฝ่ายบริการ) ซ.ลาดพร้าว 80 (จันทิมา) ถ.ลาดพร้าว แขวงวังทองหลาง เขตวังทองหลาง จ.กรุงเทพฯ 10310","13.780416,100.604496",13.780416,100.604496,"วังทองหลาง","รอน้ำลด","","ยังส่งไม่ได้",false,"","",""
1829,"35339/229","เงินติดล้อ จำกัด (มหาชน)","2026-09-28T12:44:00+07:00","เสริมน้ำ ตรงรอบ","ไม่สามารถเข้าส่งได้ น้ำท่วมสูงในพื้นที่","16306","จันทร์","B2B","สาขากรุงเทพกรีฑา","เลขที่ 9 ซ.รามคำแหง 166 แขวงมีนบุรี เขตมีนบุรี จ.กรุงเทพฯ 10510","13.79660422,100.71163743",13.79660422,100.71163743,"มีนบุรี","รอน้ำลด","","ยังส่งไม่ได้",false,"","",""
1830,"35804/1","อภิชาติ เจริญสุข","2026-09-28T12:51:00+07:00","ปกติ","ไม่สามารถเข้าส่งได้ น้ำท่วมสูงในพื้นที่","16201","จันทร์","B2C","สาขากรุงเทพกรีฑา","312/56 ซ.ลาดพร้าว101 แยก 39 ถ.ลาดพร้าว แขวงวังทองหลาง เขตวังทองหลางกรุงเทพฯ 10310","13.791570000000002,100.624105",13.791570000000002,100.624105,"วังทองหลางกรุงเทพฯ","รอน้ำลด","","ยังส่งไม่ได้",false,"","",""
1831,"36946/1","เอ็นพีเอส สยาม สอบบัญชี จำกัด","2026-09-28T13:01:00+07:00","โอนงานสิ้นวัน","ไม่สามารถเข้าส่งได้ น้ำท่วมสูงในพื้นที่","16205","เสาร์","B2B","สาขากรุงเทพกรีฑา","90 (2328/28เก่า) ซ.รามคำแหง 52/2 ถ.รามคำแหง แขวงหัวหมาก เขตบางกะปิ กรุงเทพฯ 10240","13.7594457,100.6443879",13.7594457,100.6443879,"บางกะปิ","รอน้ำลด","","ยังส่งไม่ได้",true,"วุฒิชัย จีปน","26/09/2026","ผู้ทำรายการ:วุฒิชัย จีปน;โอนงานมาจากวันที่:26/09/2026"
1832,"38027","กาญจนา หย่างไพบูลย์","2026-09-28T14:08:00+07:00","ปกติ","ไม่สามารถเข้าส่งได้ น้ำท่วมสูงในพื้นที่","16206","จันทร์","B2C","สาขากรุงเทพกรีฑา","525/18 หมู่บ้านสราญพฤกษ์ ซ.ลาดพร้าว 130 ถ.ลาดพร้าว แขวงวังทองหลาง เขตวังทองหลาง กรุงเทพฯ 10310","13.767720200000001,100.62841689999999",13.767720200000001,100.62841689999999,"วังทองหลาง","รอน้ำลด","","ยังส่งไม่ได้",false,"","",""
1833,"39257","เพรสโต จำกัด","2026-09-28T14:02:00+07:00","โอนงานสิ้นวัน","ไม่สามารถเข้าส่งได้ น้ำท่วมสูงในพื้นที่","16103","เสาร์","B2B","สาขากรุงเทพกรีฑา","98/308 หมู่บ้านกลางเมือง พระราม9-รามคำแหง ซ.รามคำแหง39 แขวงพลับพลา เขตวังทองหลาง กรุงเทพฯ 10310","13.7624986,100.6110154",13.7624986,100.6110154,"วังทองหลาง","รอน้ำลด","","ยังส่งไม่ได้",true,"สถาพร นนท์เข็มพรหม","26/09/2026","ผู้ทำรายการ:สถาพร นนท์เข็มพรหม;โอนงานมาจากวันที่:26/09/2026"
1834,"41453","อภิวัฒน์ อัสโสรัตน์กุล","2026-09-28T12:50:00+07:00","ปกติ","ไม่สามารถเข้าส่งได้ น้ำท่วมสูงในพื้นที่","16303","จันทร์","B2C","สาขากรุงเทพกรีฑา","21/94 หมู่บ้านปรีชาล้ำเพชร ซ.16 ถ.รามคำแหง 76  แขวงหัวหมาก เขตบางกะปิ กรุงเทพฯ 10240 ","13.766196,100.6674475",13.766196,100.6674475,"บางกะปิ","รอน้ำลด","","ยังส่งไม่ได้",false,"","",""
1835,"41707","ฐิติกาญจน์ เอื้อประดิษฐ์","2026-09-28T13:42:00+07:00","โอนงานสิ้นวัน","ไม่สามารถเข้าส่งได้ น้ำท่วมสูงในพื้นที่","16106","เสาร์","B2C","สาขากรุงเทพกรีฑา","106 ซ.พุ่มอุไร (ซ.2) ถ.สุทธิสาร แขวงสามเสนนอก เขตห้วยขวาง กรุงเทพฯ 10310","13.790591666666668,100.583915",13.790591666666668,100.583915,"ห้วยขวาง","รอน้ำลด","","ยังส่งไม่ได้",true,"วีรวัฒน์ อุดมทรัพย์","28/09/2026","ผู้ทำรายการ:วีรวัฒน์ อุดมทรัพย์;โอนงานมาจากวันที่:28/09/2026"
1836,"42310","บอยเมอร์ กรุ๊ป (ประเทศไทย) จำกัด","2026-09-28T11:48:00+07:00","ปกติ","ไม่สามารถเข้าส่งได้ น้ำท่วมสูงในพื้นที่","16203","จันทร์","B2B","สาขากรุงเทพกรีฑา","348 อาคาร พี3 ชั้น 8 ถ.รามคำแหง  แขวงหัวหมาก เขตบางกะปิ จ.กรุงเทพฯ 10240","13.75971,100.63021333333333",13.75971,100.63021333333333,"บางกะปิ","รอน้ำลด","","ยังส่งไม่ได้",false,"","",""
1837,"42881","เอกชัย สุตะวิริยะวัฒน์","2026-09-28T13:00:00+07:00","ปกติ","ไม่สามารถเข้าส่งได้ น้ำท่วมสูงในพื้นที่","16204","จันทร์","B2C","สาขากรุงเทพกรีฑา","83/8 หมู่บ้านศิรินเทพ ซ.46(กิตติจิตต์) ซ.ลาดพร้าว 101 ถ.ลาดพร้าว แขวงคลองจั่น เขตบางกะปิ กรุงเทพฯ 10240","13.795631560496986,100.63483418896794",13.795631560496986,100.63483418896794,"บางกะปิ","รอน้ำลด","","ยังส่งไม่ได้",false,"","",""
1838,"43981","มาลินี ฐานะพันธ์","2026-09-28T12:03:00+07:00","เสริมน้ำ นอกรอบ","ไม่สามารถเข้าส่งได้ เกิดข้อผิดพลาด (เลื่อนวันที่ส่ง)","16203","เสาร์","B2C","สาขากรุงเทพกรีฑา","76/12 อาคารฝักข้าวโพด 3 ห้อง12 ชั้น2 ซ.รามคำแหง40 แยก2 แขวงหัวหมาก เขตบางกะปิ กรุงเทพฯ 10240","13.7561254,100.6388618",13.7561254,100.6388618,"บางกะปิ","รอน้ำลด","","ยังส่งไม่ได้",false,"","",""
1839,"44236/1","วันดี เดคคอร์ จำกัด","2026-09-28T12:50:00+07:00","ปกติ","ไม่สามารถเข้าส่งได้ น้ำท่วมสูงในพื้นที่","16201","จันทร์","B2B","สาขากรุงเทพกรีฑา","338/96 ซ.ลาดพร้าว 87 แยก 10 ถ.ลาดพร้าว แขวงวังทองหลาง เขตวังทองหลาง กรุงเทพฯ 10310","13.793046246282756,100.62058503739536",13.793046246282756,100.62058503739536,"วังทองหลาง","รอน้ำลด","","ยังส่งไม่ได้",false,"","",""
1840,"44638","แนคโคห์แลน จำกัด","2026-09-28T12:39:00+07:00","ปกติ","ไม่สามารถเข้าส่งได้ น้ำท่วมสูงในพื้นที่","16201","จันทร์","B2B","สาขากรุงเทพกรีฑา","999/3,5 ถ.ประดิษฐ์มนูธรรม แขวงสะพานสอง เขตวังทองหลาง กรุงเทพฯ 10310","13.7913177,100.6090129",13.7913177,100.6090129,"วังทองหลาง","รอน้ำลด","","ยังส่งไม่ได้",false,"","",""
1841,"44863","อำพล อิทธิสิทธิกุล","2026-09-28T12:39:00+07:00","ปกติ","ไม่สามารถเข้าส่งได้ น้ำท่วมสูงในพื้นที่","16303","จันทร์","B2C","สาขากรุงเทพกรีฑา","79/28 หมู่บ้านภัทรา ซ.5 ซ.รามคำแหง 76 ถ.รามคำแหง แขวงหัวหมาก เขตบางกะปิ กรุงเทพฯ 10240","13.76489235431064,100.66556353427791",13.76489235431064,100.66556353427791,"บางกะปิ","รอน้ำลด","","ยังส่งไม่ได้",false,"","",""
1842,"45136","อรวรรณ เตชะศรีอมรรัตน์","2026-09-28T12:36:00+07:00","โอนงานสิ้นวัน","ไม่สามารถเข้าส่งได้ น้ำท่วมสูงในพื้นที่","16201","เสาร์","B2C","สาขากรุงเทพกรีฑา","607/28 หมู่บ้านอุ่นรัก ซ.ลาดพร้าว 87 แยก 21 (จันทราสุข)  แขวงคลองเจ้าคุณสิงห์ เขตวังทองหลาง จ.กรุงเทพฯ 10310","13.798855,100.61749166666665",13.798855,100.61749166666665,"วังทองหลาง","รอน้ำลด","","ยังส่งไม่ได้",true,"จิรวัฒน์ สัยนิถี","28/09/2026","ผู้ทำรายการ:จิรวัฒน์ สัยนิถี;โอนงานมาจากวันที่:28/09/2026"
1843,"45413/1","แอด เดอะ โมเมนท์ จำกัด","2026-09-28T13:00:00+07:00","ปกติ","ไม่สามารถเข้าส่งได้ น้ำท่วมสูงในพื้นที่","16204","จันทร์","B2B","สาขากรุงเทพกรีฑา","66/2 ซ.ลาดพร้าว 101 ซอย 46 (กิตติจิตต์) แขวงคลองจั่น เขตบางกะปิ กรุงเทพฯ 10240","13.794856666666666,100.63503166666666",13.794856666666666,100.63503166666666,"บางกะปิ","รอน้ำลด","","ยังส่งไม่ได้",false,"","",""
1844,"45826","ไอยูเอส โซลูชั่น จำกัด","2026-09-28T13:27:00+07:00","เสริมน้ำ ตรงรอบ","ไม่สามารถเข้าส่งได้ น้ำท่วมสูงในพื้นที่","16303","จันทร์","B2B","สาขากรุงเทพกรีฑา","63 ซ.รามคำแหง 68 (สุภาพงษ์) แขวงหัวหมาก เขตบางกะปิ กรุงเทพฯ 10240","13.7639291,100.6593417",13.7639291,100.6593417,"บางกะปิ","รอน้ำลด","","ยังส่งไม่ได้",false,"","",""
1845,"46965","TRANSITION SYSTEMS & NETWORKS (THAILAND) CO.,LTD.","2026-09-28T17:01:00+07:00","ปกติ","ไม่สามารถเข้าส่งได้ น้ำท่วมสูงในพื้นที่","16107","จันทร์","B2B","สาขากรุงเทพกรีฑา","202 JUBILEE PRESTIGE R#2201, 22TH FL., RATCHADAPISEK RD., HUAYKWANG, HUAYKWANG, BANGKOK 10310","13.775946666666668,100.57413666666667",13.775946666666668,100.57413666666667,"","รอน้ำลด","","ยังส่งไม่ได้",false,"","",""
1846,"47099","สุรวุฒิ รักษาวงศ์","2026-09-28T12:35:00+07:00","ปกติ","ไม่สามารถเข้าส่งได้ น้ำท่วมสูงในพื้นที่","16306","จันทร์","B2C","สาขากรุงเทพกรีฑา","48/277 หมู่บ้านเดอะวิลล่า ซ.รามคำแหง 174 แขวงมีนบุรี เขตมีนบุรี กรุงเทพฯ 10510","13.788670000000002,100.71822333333333",13.788670000000002,100.71822333333333,"มีนบุรี","รอน้ำลด","","ยังส่งไม่ได้",false,"","",""
1847,"47227","หทัยรัตน์ แก้วแหวน","2026-09-28T11:19:00+07:00","โอนงานสิ้นวัน","ไม่สามารถเข้าส่งได้ น้ำท่วมสูงในพื้นที่","16306","เสาร์","B2C","สาขากรุงเทพกรีฑา","86/542 หมู่บ้านปรีชา 9 ซ.รามคำแหง 186 แขวงมีนบุรี เขตมีนบุรี กรุงเทพฯ 10510","13.793589999999998,100.72735166666668",13.793589999999998,100.72735166666668,"มีนบุรี","รอน้ำลด","","ยังส่งไม่ได้",true,"จิรวัฒน์ สัยนิถี","28/09/2026","ผู้ทำรายการ:จิรวัฒน์ สัยนิถี;โอนงานมาจากวันที่:28/09/2026"
1848,"47440","จิราพร งดงามสกุล","2026-09-28T11:15:00+07:00","โอนงานสิ้นวัน","ไม่สามารถเข้าส่งได้ เกิดข้อผิดพลาด (เลื่อนวันที่ส่ง)","16304","เสาร์","B2C","สาขากรุงเทพกรีฑา","99/705 หมู่บ้านนักกีฬา ซ.11 ค ถ.กรุงเทพกรีฑา แขวงสะพานสูง เขตสะพานสูง กรุงเทพฯ 10240","13.74602405,100.69176935",13.74602405,100.69176935,"สะพานสูง","รอน้ำลด","","ยังส่งไม่ได้",true,"สถาพร นนท์เข็มพรหม","26/09/2026","ผู้ทำรายการ:สถาพร นนท์เข็มพรหม;โอนงานมาจากวันที่:26/09/2026"
1849,"48526","ทีทีไอ อิเลคทรอนิคส์ (ประเทศไทย) จำกัด","2026-09-28T17:04:00+07:00","ปกติ","ไม่สามารถเข้าส่งได้ น้ำท่วมสูงในพื้นที่","16107","จันทร์","B2B","สาขากรุงเทพกรีฑา","202 อาคาร จูบิลี่ เพรสทีจ ทาวน์เวอร์ ชั้นที่ 20 ห้อง 2011 ถ.รัชดาภิเษก แขวงห้วยขวาง เขตห้วยขวาง จ.กรุงเทพฯ 10310","13.775834999999999,100.57385333333335",13.775834999999999,100.57385333333335,"ห้วยขวาง","รอน้ำลด","","ยังส่งไม่ได้",false,"","",""
1850,"49461","รุ่งชัย หงษ์ทอง","2026-09-28T13:26:00+07:00","ปกติ","ไม่สามารถเข้าส่งได้ น้ำท่วมสูงในพื้นที่","16103","จันทร์","B2C","สาขากรุงเทพกรีฑา","78 ซ.ลาดพร้าว 84 ถ.ลาดพร้าว แขวงวังทองหลาง เขตวังทองหลาง กรุงเทพฯ 10310","13.784331874921918,100.60682522132993",13.784331874921918,100.60682522132993,"วังทองหลาง","รอน้ำลด","","ยังส่งไม่ได้",false,"","",""
1851,"50311","สุภาภรณ์ อุชุภาพ","2026-09-28T14:03:00+07:00","โอนงานสิ้นวัน","ไม่สามารถเข้าส่งได้ น้ำท่วมสูงในพื้นที่","16103","เสาร์","B2C","สาขากรุงเทพกรีฑา","98/313 โครงการบ้านกลางเมืองพระราม9 - รามคำแหง ถ.รามคำแหง  แขวงพลับพลา เขตวังทองหลาง กรุงเทพ 10310","13.762786318548024,100.61095003969967",13.762786318548024,100.61095003969967,"วังทองหลาง","รอน้ำลด","","ยังส่งไม่ได้",true,"วุฒิชัย จีปน","26/09/2026","ผู้ทำรายการ:วุฒิชัย จีปน;โอนงานมาจากวันที่:26/09/2026"
1852,"50482","กรีนสปอต จำกัด","2026-09-28T10:27:00+07:00","ปกติ","ไม่สามารถเข้าส่งได้ น้ำท่วมสูงในพื้นที่","16304","จันทร์, พฤหัสบดี","B2B","สาขากรุงเทพกรีฑา","288 ถ.ศรีนครินทร์ แขวงหัวหมาก เขตบางกะปิ กรุงเทพฯ 10240","13.75438502,100.64564278",13.75438502,100.64564278,"บางกะปิ","รอน้ำลด","","ยังส่งไม่ได้",false,"","",""
1853,"50843","พัชรินทร์ แซ่ลิ้ม","2026-09-28T14:12:00+07:00","ปกติ","ไม่สามารถเข้าส่งได้ น้ำท่วมสูงในพื้นที่","16206","จันทร์","B2C","สาขากรุงเทพกรีฑา","185/71 หมู่บ้านเดอะ คอนเนค อัพ 3 ซ.ลาดพร้าว 126 แขวงพลับพลา เขตวังทองหลาง กรุงเทพฯ 10312","13.769053333333334,100.62872333333334",13.769053333333334,100.62872333333334,"วังทองหลาง","รอน้ำลด","","ยังส่งไม่ได้",false,"","",""
1854,"50969","นงนุช จันทร์ธำรงกุล","2026-09-28T12:39:00+07:00","เสริมน้ำ ตรงรอบ","ไม่สามารถเข้าส่งได้ น้ำท่วมสูงในพื้นที่","16205","จันทร์","B2C","สาขากรุงเทพกรีฑา","879/42 หมู่บ้านเนอวานา ดีฟายน์ พระราม 9 ถ.ถาวรธวัช  แขวงสวนหลวง เขตประเวศ จ.กรุงเทพฯ 10250","13.745448333333332,100.61974666666669",13.745448333333332,100.61974666666669,"ประเวศ","รอน้ำลด","","ยังส่งไม่ได้",false,"","",""
1855,"51251","รัชนี ปทุมานนท์","2026-09-28T19:29:00+07:00","โอนงานสิ้นวัน","ไม่สามารถเข้าส่งได้ น้ำท่วมสูงในพื้นที่","16105","เสาร์","B2C","สาขากรุงเทพกรีฑา","91/23 หมู่บ้าน วัฒนาวิลล์ ซ.วัฒนานิเวศน์ 4 แยก 3 ถ.สุทธิสาร แขวงสามเสนนอก เขตห้วยขวาง กรุงเทพฯ 10310","13.796713333333333,100.58015666666667",13.796713333333333,100.58015666666667,"ห้วยขวาง","รอน้ำลด","","ยังส่งไม่ได้",true,"วีรวัฒน์ อุดมทรัพย์","28/09/2026","ผู้ทำรายการ:วีรวัฒน์ อุดมทรัพย์;โอนงานมาจากวันที่:28/09/2026"
1856,"51736","เอแพค โลจิสติกส์ จำกัด","2026-09-28T11:52:00+07:00","ปกติ","ไม่สามารถเข้าส่งได้ น้ำท่วมสูงในพื้นที่","16203","จันทร์","B2B","สาขากรุงเทพกรีฑา","2 ซ.รามคำแหง 44 แขวงหัวหมาก เขตบางกะปิ กรุงเทพฯ 10240","13.7615061,100.6411034",13.7615061,100.6411034,"บางกะปิ","รอน้ำลด","","ยังส่งไม่ได้",false,"","",""
1857,"52373","เสียเชิน แซ่เฉ่า","2026-09-28T12:59:00+07:00","ปกติ","ไม่สามารถเข้าส่งได้ น้ำท่วมสูงในพื้นที่","16204","จันทร์","B2C","สาขากรุงเทพกรีฑา","83/12 หมู่บ้านศิรินเทพ ถ.ลาดพร้าว 101 แขวงคลองจั่น เขตบางกะปิ กรุงเทพฯ 10240","13.7957051,100.6352856",13.7957051,100.6352856,"บางกะปิ","รอน้ำลด","","ยังส่งไม่ได้",false,"","",""
1858,"52382","ลัคกี้ เซอร์กิต เอ็นจิเนียริ่ง จำกัด","2026-09-28T13:11:00+07:00","ปกติ","ไม่สามารถเข้าส่งได้ เกิดข้อผิดพลาด (เลื่อนวันที่ส่ง)","16303","จันทร์","B2B","สาขากรุงเทพกรีฑา","202/648 ซ.รามคำแหง 68 ถ.รามคำแหง แขวงหัวหมาก เขตบางกะปิ กรุงเทพฯ 10240","13.763898747974627,100.65924378409629",13.763898747974627,100.65924378409629,"บางกะปิ","รอน้ำลด","","ยังส่งไม่ได้",false,"","",""
1859,"52619","ชมพูนุท บุญสัมพันธ์","2026-09-28T19:29:00+07:00","โอนงานสิ้นวัน","ไม่สามารถเข้าส่งได้ น้ำท่วมสูงในพื้นที่","16105","เสาร์","B2C","สาขากรุงเทพกรีฑา","91/35 หมู่บ้านวัฒนานิเวศน์ ซ.วัฒนานิเวศน์4 แยก3 ถ.สุทธิสาร แขวงสามเสนนอก เขตห้วยขวาง กทม.10320","13.795926666666666,100.58030833333332",13.795926666666666,100.58030833333332,"ห้วยขวาง","รอน้ำลด","","ยังส่งไม่ได้",true,"ฤทธิศักดิ์ สระเงินสิงห์","28/09/2026","ผู้ทำรายการ:ฤทธิศักดิ์ สระเงินสิงห์;โอนงานมาจากวันที่:28/09/2026"
1860,"53548","ซิลเวอร์สพูน แฟคทอรี จำกัด","2026-09-28T12:46:00+07:00","ปกติ","ไม่สามารถเข้าส่งได้ น้ำท่วมสูงในพื้นที่","16302","จันทร์","B2B","สาขากรุงเทพกรีฑา","300/47 พาทิโอ ศรีนครินทร์-พระราม 9 ถ.กรุงเทพกรีฑา แขวงหัวหมาก เขตบางกะปิ กรุงเทพฯ 10240","13.741516666666666,100.660385",13.741516666666666,100.660385,"บางกะปิ","รอน้ำลด","","ยังส่งไม่ได้",false,"","",""
1861,"53959","วิริยะ สถิรแพทย์","2026-09-28T14:12:00+07:00","ปกติ","ไม่สามารถเข้าส่งได้ น้ำท่วมสูงในพื้นที่","16206","จันทร์","B2C","สาขากรุงเทพกรีฑา","52 ซ.ลาดพร้าว 130/1 ถ.ลาดพร้าว แขวงคลองจั่น เขตบางกะปิ กรุงเทพฯ 10240","13.77157521,100.63288828",13.77157521,100.63288828,"บางกะปิ","รอน้ำลด","","ยังส่งไม่ได้",false,"","",""
1862,"54997","ณัฐพล พวงสุข","2026-09-28T09:32:00+07:00","ปกติ","ไม่สามารถเข้าส่งได้ น้ำท่วมสูงในพื้นที่","16308","จันทร์","B2C","สาขากรุงเทพกรีฑา","109/41 หมู่บ้านนลินวิลล์ 3 ถ.ราษฎร์พัฒนา 20 แขวงสะพานสูง เขตสะพานสูง กรุงเทพฯ 10240","13.771032605858146,100.70343376417708",13.771032605858146,100.70343376417708,"สะพานสูง","รอน้ำลด","","ยังส่งไม่ได้",false,"","",""
1863,"55169","สมบัติ เตชะมนตรีกุล","2026-09-28T14:03:00+07:00","โอนงานสิ้นวัน","ไม่สามารถเข้าส่งได้ น้ำท่วมสูงในพื้นที่","16103","เสาร์","B2C","สาขากรุงเทพกรีฑา","417 ซ.ลาดพร้าว 80 แยก 22 ถ.ลาดพร้าว แขวงวังทองหลาง เขตวังทองหลาง กรุงเทพฯ 10310","13.7817661,100.5962896",13.7817661,100.5962896,"วังทองหลาง","รอน้ำลด","","ยังส่งไม่ได้",true,"สถาพร นนท์เข็มพรหม","26/09/2026","ผู้ทำรายการ:สถาพร นนท์เข็มพรหม;โอนงานมาจากวันที่:26/09/2026"
1864,"55742","ณัฐสินี นิธิภัทร์โชติชัย","2026-09-28T13:33:00+07:00","โอนงานสิ้นวัน","ไม่สามารถเข้าส่งได้ น้ำท่วมสูงในพื้นที่","16106","เสาร์","B2C","สาขากรุงเทพกรีฑา","58 หมู่บ้านวัฒนานิเวศน์ ซ.5 ถ.สุทธิสาร แขวงสามเสนนอก เขตห้วยขวาง กรุงเทพฯ 10310","13.79447968,100.58219671",13.79447968,100.58219671,"ห้วยขวาง","รอน้ำลด","","ยังส่งไม่ได้",true,"ฤทธิศักดิ์ สระเงินสิงห์","28/09/2026","ผู้ทำรายการ:ฤทธิศักดิ์ สระเงินสิงห์;โอนงานมาจากวันที่:28/09/2026"
1865,"56003","ดวงแก้ว วิชะหัตถา","2026-09-28T13:00:00+07:00","ปกติ","ไม่สามารถเข้าส่งได้ น้ำท่วมสูงในพื้นที่","16204","จันทร์","B2C","สาขากรุงเทพกรีฑา","83/11 หมู่บ้านศิรินเทพ ถ.ลาดพร้าว 101 แขวงคลองจั่น เขตบางกะปิ กรุงเทพฯ 10240","13.79567724186927,100.6354060024023",13.79567724186927,100.6354060024023,"บางกะปิ","รอน้ำลด","","ยังส่งไม่ได้",false,"","",""
1866,"56592","อันเซ็น ซิสเต็ม จำกัด","2026-09-28T12:31:00+07:00","เสริมน้ำ ตรงรอบ","ไม่สามารถเข้าส่งได้ น้ำท่วมสูงในพื้นที่","16201","จันทร์","B2B","สาขากรุงเทพกรีฑา","316/21 ซ.ลาดพร้าว87 (จันทราสุข) แขวงคลองเจ้าคุณสิงห์ เขตวังทองหลาง กรุงเทพฯ 10310","13.7910557,100.6234192",13.7910557,100.6234192,"วังทองหลาง","รอน้ำลด","","ยังส่งไม่ได้",false,"","",""
1867,"57263","อีเอ็มเอ เทรดดิ้ง จำกัด","2026-09-28T12:42:00+07:00","ปกติ","ไม่สามารถเข้าส่งได้ น้ำท่วมสูงในพื้นที่","16201","จันทร์","B2B","สาขากรุงเทพกรีฑา","191/1 ถ.สังคมสงเคาระห์ ซ.5 ลาดพร้าว 71 แขวงสะพานสอง เขตวังทองหลาง กรุงเทพฯ 10310","13.7940972,100.6071337",13.7940972,100.6071337,"วังทองหลาง","รอน้ำลด","","ยังส่งไม่ได้",false,"","",""
1868,"58140","เมดิคอลไลน์ แล็บ จำกัด","2026-09-28T14:13:00+07:00","เสริมน้ำ ตรงรอบ","ไม่สามารถเข้าส่งได้ เกิดข้อผิดพลาด (เลื่อนวันที่ส่ง)","16206","จันทร์","B2B","สาขากรุงเทพกรีฑา","2782 ซ.ลาดพร้าว 128/4 ถ.ลาดพร้าว  แขวงคลองจั่น เขตบางกะปิ กรุงเทพฯ 10240","13.77304916,100.63022988",13.77304916,100.63022988,"บางกะปิ","รอน้ำลด","","ยังส่งไม่ได้",false,"","",""
1869,"58524","พนิดา ดอร์น","2026-09-28T11:16:00+07:00","โอนงานสิ้นวัน","ไม่สามารถเข้าส่งได้ น้ำท่วมสูงในพื้นที่","16304","เสาร์","B2C","สาขากรุงเทพกรีฑา","12/121 หมู่บ้าน เนอวานา ซ.กรุงเทพกรีฑา 32 แขวงสะพานสูง เขตสะพานสูง จ.กรุงเทพฯ 10240","13.7368888,100.6892218",13.7368888,100.6892218,"สะพานสูง","รอน้ำลด","","ยังส่งไม่ได้",true,"ฤทธิศักดิ์ สระเงินสิงห์","28/09/2026","ผู้ทำรายการ:ฤทธิศักดิ์ สระเงินสิงห์;โอนงานมาจากวันที่:28/09/2026"
1870,"58619","กรุง เหลืองมโนธรรม","2026-09-28T13:35:00+07:00","โอนงานสิ้นวัน","ไม่สามารถเข้าส่งได้ น้ำท่วมสูงในพื้นที่","16106","เสาร์","B2C","สาขากรุงเทพกรีฑา","37 หมู่บ้านวัฒนานิเวศน์ ซอย6 ถ.สุทธิสาร แขวงสามเสนนอก เขตห้วยขวาง กรุงเทพฯ 10310","13.79418178461492,100.58328213170171",13.79418178461492,100.58328213170171,"ห้วยขวาง","รอน้ำลด","","ยังส่งไม่ได้",true,"วีรวัฒน์ อุดมทรัพย์","28/09/2026","ผู้ทำรายการ:วีรวัฒน์ อุดมทรัพย์;โอนงานมาจากวันที่:28/09/2026"
1871,"58977","แอคเคานท์ ดีไซน์ จำกัด","2026-09-28T12:04:00+07:00","ปกติ","ไม่สามารถเข้าส่งได้ น้ำท่วมสูงในพื้นที่","16307","จันทร์","B2B","สาขากรุงเทพกรีฑา","294/45 ม.นลินอเวนิว ซ.รามคำแหง 138 แขวงสะพานสูง เขตสะพานสูง กรุงเทพฯ 10240","13.7826475,100.6892572",13.7826475,100.6892572,"สะพานสูง","รอน้ำลด","","ยังส่งไม่ได้",false,"","",""
1872,"59145","ชุติมา สีพุธ","2026-09-28T13:01:00+07:00","ปกติ","ไม่สามารถเข้าส่งได้ น้ำท่วมสูงในพื้นที่","16204","จันทร์","B2C","สาขากรุงเทพกรีฑา","48/8 หมู่บ้านแสงวิภาโฮม ซ.ลาดพร้าว 101 แขวงลาดพร้าว เขตลาดพร้าว กรุงเทพฯ 10230","13.793991666666667,100.631995",13.793991666666667,100.631995,"ลาดพร้าว","รอน้ำลด","","ยังส่งไม่ได้",false,"","",""
1873,"59368","ศุภิสรา ขันเพ็ชร","2026-09-28T11:17:00+07:00","โอนงานสิ้นวัน","ไม่สามารถเข้าส่งได้ น้ำท่วมสูงในพื้นที่","16304","เสาร์","B2C","สาขากรุงเทพกรีฑา","12/118 หมู่บ้านเนอวานา พระราม 9 ซ.กรุงเทพกรีฑา 32 แขวงสะพานสูง เขตสะพานสูง กรุงเทพฯ 10240","13.7369259,100.6895643",13.7369259,100.6895643,"สะพานสูง","รอน้ำลด","","ยังส่งไม่ได้",true,"สถาพร นนท์เข็มพรหม","26/09/2026","ผู้ทำรายการ:สถาพร นนท์เข็มพรหม;โอนงานมาจากวันที่:26/09/2026"
1874,"60216","มงคลชัยพัฒนา จำกัด","2026-09-28T13:26:00+07:00","ปกติ","ไม่สามารถเข้าส่งได้ น้ำท่วมสูงในพื้นที่","16301","จันทร์","B2B","สาขากรุงเทพกรีฑา"," 103 ถ.รามคำแหง  แขวงสะพานสูง เขตสะพานสูง จ.กรุงเทพฯ 10240 ","13.779208333333335,100.67510833333333",13.779208333333335,100.67510833333333,"สะพานสูง","รอน้ำลด","","ยังส่งไม่ได้",false,"","",""
1875,"61118","เวลธ์ พลัส เมดิคอล จำกัด","2026-09-28T11:17:00+07:00","โอนงานสิ้นวัน","ไม่สามารถเข้าส่งได้ น้ำท่วมสูงในพื้นที่","16304","เสาร์","B2B","สาขากรุงเทพกรีฑา","2 ซอย กรุงเทพกรีฑา 18 แยก 2 แขวงทับช้าง เขตสะพานสูง จ.กรุงเทพฯ 10250","13.739988333333335,100.67620000000001",13.739988333333335,100.67620000000001,"สะพานสูง","รอน้ำลด","","ยังส่งไม่ได้",true,"วีรวัฒน์ อุดมทรัพย์","28/09/2026","ผู้ทำรายการ:วีรวัฒน์ อุดมทรัพย์;โอนงานมาจากวันที่:28/09/2026"
1876,"61398/1","น้ำผึ้ง ละเมียดดี","2026-09-28T12:47:00+07:00","ปกติ","ไม่สามารถเข้าส่งได้ น้ำท่วมสูงในพื้นที่","16306","จันทร์","B2C","สาขากรุงเทพกรีฑา","เลขที่ 10 ซ.รามคำแหง164 แยก 7 ถ.รามคำแหง แขวงมีนบุรี เขตมีนบุรี กรุงเทพฯ 10510","13.7941717,100.7113469",13.7941717,100.7113469,"มีนบุรี","รอน้ำลด","","ยังส่งไม่ได้",false,"","",""
1877,"61510","นิพิฐพนธ์ คุรุวัชรพงษ์","2026-09-28T14:16:00+07:00","โอนงานสิ้นวัน","ไม่สามารถเข้าส่งได้ น้ำท่วมสูงในพื้นที่","16206","เสาร์","B2C","สาขากรุงเทพกรีฑา","11 ซ.ลาดพร้าว 136 แขวงคลองจั่น เขตบางกะปิ กรุงเทพฯ 10240","13.7693287,100.6369363",13.7693287,100.6369363,"บางกะปิ","รอน้ำลด","","ยังส่งไม่ได้",true,"จิรวัฒน์ สัยนิถี","28/09/2026","ผู้ทำรายการ:จิรวัฒน์ สัยนิถี;โอนงานมาจากวันที่:28/09/2026"
1878,"61552","สุจินต์ ตันติพิสิฐกุล","2026-09-28T12:37:00+07:00","โอนงานสิ้นวัน","ไม่สามารถเข้าส่งได้ เกิดข้อผิดพลาด (เลื่อนวันที่ส่ง)","16201","เสาร์","B2C","สาขากรุงเทพกรีฑา","416/57 ซ.ลาดพร้าว 87 แยก 14 ซ.ย่อย 3 แขวงวังทองหลาง เขตวังทองหลาง กรุงเทพฯ 10310","13.7950166,100.6219259",13.7950166,100.6219259,"วังทองหลาง","รอน้ำลด","","ยังส่งไม่ได้",true,"สถาพร นนท์เข็มพรหม","26/09/2026","ผู้ทำรายการ:สถาพร นนท์เข็มพรหม;โอนงานมาจากวันที่:26/09/2026"
1879,"62031","สุจินดา ศรีบัว","2026-09-28T12:36:00+07:00","ปกติ","ไม่สามารถเข้าส่งได้ น้ำท่วมสูงในพื้นที่","16306","จันทร์","B2C","สาขากรุงเทพกรีฑา","23/43 หมู่บ้านบัวขาว ซ.15 ถ.รามคำแหง 174 แขวงมีนบุรี เขตมีนบุรี จ.กรุงเทพฯ 10510","13.789478873715204,100.7172979880717",13.789478873715204,100.7172979880717,"มีนบุรี","รอน้ำลด","","ยังส่งไม่ได้",false,"","",""
1880,"62341","ตระกูล ธนภัทรศรีกุล","2026-09-28T14:15:00+07:00","โอนงานสิ้นวัน","ไม่สามารถเข้าส่งได้ น้ำท่วมสูงในพื้นที่","16206","เสาร์","B2C","สาขากรุงเทพกรีฑา","275 ซ.ลาดพร้าว 136  แขวงคลองจั่น เขตบางกะปิ จ.กรุงเทพฯ 10240","13.764484999999999,100.63739333333334",13.764484999999999,100.63739333333334,"บางกะปิ","รอน้ำลด","","ยังส่งไม่ได้",true,"วีรวัฒน์ อุดมทรัพย์","28/09/2026","ผู้ทำรายการ:วีรวัฒน์ อุดมทรัพย์;โอนงานมาจากวันที่:28/09/2026"
1881,"62392","เอซี เมอริท จำกัด","2026-09-28T14:27:00+07:00","โอนงานสิ้นวัน","ไม่สามารถเข้าส่งได้ น้ำท่วมสูงในพื้นที่","16206","เสาร์","B2B","สาขากรุงเทพกรีฑา","65/8 หมู่บ้านบ้านเรา ถนนแฮปปี้แลนด์ แขวงคลองจั่น เขตบางกะปิ กรุงเทพฯ 10240","13.775084757580016,100.64182956669609",13.775084757580016,100.64182956669609,"บางกะปิ","รอน้ำลด","","ยังส่งไม่ได้",true,"วุฒิชัย จีปน","26/09/2026","ผู้ทำรายการ:วุฒิชัย จีปน;โอนงานมาจากวันที่:26/09/2026"
1882,"62480/23","เสนาดีเวลลอปเม้นท์ จำกัด (มหาชน)","2026-09-28T12:14:00+07:00","โอนงานสิ้นวัน","ไม่สามารถเข้าส่งได้ น้ำท่วมสูงในพื้นที่","16203","เสาร์","B2B","สาขากรุงเทพกรีฑา"," 460 สนง.ขาย โครงการนิช โมโน รามคำแหง (RAMK) ซ.รามคำแหง 36 ถ.รามคำแหง แขวงหัวหมาก เขตบางกะปิ จ.กรุงเทพฯ 10240","13.76148943,100.63707741",13.76148943,100.63707741,"บางกะปิ","รอน้ำลด","","ยังส่งไม่ได้",true,"จิรวัฒน์ สัยนิถี","28/09/2026","ผู้ทำรายการ:จิรวัฒน์ สัยนิถี;โอนงานมาจากวันที่:28/09/2026"
1883,"63416","วิเอทิค จำกัด","2026-09-28T14:20:00+07:00","ปกติ","ไม่สามารถเข้าส่งได้ น้ำท่วมสูงในพื้นที่","16206","จันทร์","B2B","สาขากรุงเทพกรีฑา","300 ซ.ลาดพร้าว 130 (มหาดไทย2) ถ.ลาดพร้าว แขวงคลองจั่น เขตบางกะปิ กรุงเทพฯ 10240","13.7701405165717,100.63142074272037",13.7701405165717,100.63142074272037,"บางกะปิ","รอน้ำลด","","ยังส่งไม่ได้",false,"","",""
1884,"63597","พีเอเจ อาร์ท จำกัด","2026-09-28T12:50:00+07:00","ปกติ","ไม่สามารถเข้าส่งได้ น้ำท่วมสูงในพื้นที่","16204","จันทร์","B2B","สาขากรุงเทพกรีฑา","27 PHOKAEW 3 SOI, KLONGJAN, BANGKAPI, BANGKOK 10240","13.801453333333333,100.63388333333333",13.801453333333333,100.63388333333333,"","รอน้ำลด","","ยังส่งไม่ได้",false,"","",""
1885,"64939","แอดวานซ์ ดิจิตอล เทคกรุ๊ป จำกัด","2026-09-28T17:00:00+07:00","ปกติ","ไม่สามารถเข้าส่งได้ น้ำท่วมสูงในพื้นที่","16107","จันทร์","B2B","สาขากรุงเทพกรีฑา","อาคารจูบิลี่ เพรสทีจ ทาวน์เวอร์ ชั้น 21 ห้อง 2101 ถ.รัชดาภิเษก แขวงห้วยขวาง เขตห้วยขวาง กรุงเทพฯ 10310","13.7758563,100.5741412",13.7758563,100.5741412,"ห้วยขวาง","รอน้ำลด","","ยังส่งไม่ได้",false,"","",""
1886,"66363/1","โอเชี่ยนซัพพลายเออร์ จำกัด","2026-09-28T13:16:00+07:00","ปกติ","ไม่สามารถเข้าส่งได้ น้ำท่วมสูงในพื้นที่","16205","จันทร์","B2B","สาขากรุงเทพกรีฑา","206 หมู่บ้านศิชริน (ตรงข้ามซ.4) ถ.รามคำแหง 24 แยก 30 แขวงหัวหมาก เขตบางกะปิ กรุงเทพฯ 10240","13.74975958007897,100.62809541049025",13.74975958007897,100.62809541049025,"บางกะปิ","รอน้ำลด","","ยังส่งไม่ได้",false,"","",""
1887,"66993","พิมพ์จันทร์ วรสรรพวิทย์","2026-09-28T12:24:00+07:00","ปกติ","ไม่สามารถเข้าส่งได้ น้ำท่วมสูงในพื้นที่","16306","จันทร์","B2C","สาขากรุงเทพกรีฑา","12/31 หมู่บ้านบัวขาว ซ.6 ถ.รามคำแหง 174 ถ.รามคำแหง แขวงมีนบุรี เขตมีนบุรี กรุงเทพฯ 10510","13.791054054568189,100.71675503603959",13.791054054568189,100.71675503603959,"มีนบุรี","รอน้ำลด","","ยังส่งไม่ได้",false,"","",""
1888,"67171","สามศักดิ์ พิทักษ์มงคลกุล","2026-09-28T12:09:00+07:00","ตามน้ำ","ไม่สามารถเข้าส่งได้ เกิดข้อผิดพลาด (เลื่อนวันที่ส่ง)","16203","เสาร์","B2C","สาขากรุงเทพกรีฑา","37 คอนโดเดอะเวลลิงตัน ห้อง 415 ชั้น 4 ซ.รามคำแหง 40 แขวงหัวหมาก เขตบางกะปิ จ.กรุงเทพฯ 10240","13.754845,100.63961666666667",13.754845,100.63961666666667,"บางกะปิ","รอน้ำลด","","ยังส่งไม่ได้",false,"","",""
1889,"68111/175","สุรชัย ประถมศักดิ์","2026-09-28T11:21:00+07:00","โอนงานสิ้นวัน","ไม่สามารถเข้าส่งได้ น้ำท่วมสูงในพื้นที่","16304","เสาร์","B2C","สาขากรุงเทพกรีฑา","เลขที่ 19 FA แมนชั่น ห้อง 208  ซ. กรุงเทพกรีฑา 47  แขวงทับช้าง เขตสะพานสูง กทม 10240 ","13.738068333333334,100.69416333333332",13.738068333333334,100.69416333333332,"สะพานสูง","รอน้ำลด","","ยังส่งไม่ได้",true,"ฤทธิศักดิ์ สระเงินสิงห์","28/09/2026","ผู้ทำรายการ:ฤทธิศักดิ์ สระเงินสิงห์;โอนงานมาจากวันที่:28/09/2026"
1890,"68111/42","วิชญ์","2026-09-28T12:24:00+07:00","ปกติ","ไม่สามารถเข้าส่งได้ น้ำท่วมสูงในพื้นที่","16306","จันทร์","B2C","สาขากรุงเทพกรีฑา","12/16 หมู่บ้านบัวขาว ซ.2 ซอยรามคำแหง 174 ถ.รามคำแหง  แขวงมีนบุรี เขตมีนบุรี จ.กรุงเทพฯ 10510","13.790818333333334,100.71718166666666",13.790818333333334,100.71718166666666,"มีนบุรี","รอน้ำลด","","ยังส่งไม่ได้",false,"","",""
1891,"68388/1","เจเอ็นดี เว็บ จำกัด","2026-09-28T12:44:00+07:00","ปกติ","ไม่สามารถเข้าส่งได้ น้ำท่วมสูงในพื้นที่","16302","จันทร์","B2B","สาขากรุงเทพกรีฑา","300/286 หมู่บ้าน พาทิโอ ศรีนครินทร์-พระราม 9 ซ.1 ถ.กรุงเทพกรีฑา แขวงหัวหมาก เขตบางกะปิ จ.กรุงเทพฯ 10240","13.740711666666668,100.66291666666666",13.740711666666668,100.66291666666666,"บางกะปิ","รอน้ำลด","","ยังส่งไม่ได้",false,"","",""
1892,"69151","สุรีรัตน์ รุ่งภักดีสวัสดิ์","2026-09-28T12:50:00+07:00","ปกติ","ไม่สามารถเข้าส่งได้ น้ำท่วมสูงในพื้นที่","16201","จันทร์","B2C","สาขากรุงเทพกรีฑา","338/436 ซ.ลาดพร้าว 87 ถ.ลาดพร้าว แขวงคลองเจ้าคุณสิงห์ เขตวังทองหลาง กรุงเทพฯ 10310","13.792062923312187,100.62447256408632",13.792062923312187,100.62447256408632,"วังทองหลาง","รอน้ำลด","","ยังส่งไม่ได้",false,"","",""
1893,"70009","อัมพร แก้วนภา","2026-09-28T12:39:00+07:00","ปกติ","ไม่สามารถเข้าส่งได้ น้ำท่วมสูงในพื้นที่","16306","จันทร์","B2C","สาขากรุงเทพกรีฑา","48/218 หมู่บ้านเดอะวิลล่า ซ.รามคำแหง 174 ถ.รามคำแหง เขตมีนบุรี กรุงเทพฯ 10510","13.788789999999999,100.71908666666668",13.788789999999999,100.71908666666668,"มีนบุรี","รอน้ำลด","","ยังส่งไม่ได้",false,"","",""
1894,"70704/2","เพียวพลังงานไทย จำกัด","2026-09-28T13:23:00+07:00","ปกติ","ไม่สามารถเข้าส่งได้ น้ำท่วมสูงในพื้นที่","16301","จันทร์","B2B","สาขากรุงเทพกรีฑา","86 อาคารสัมมากรเพลส ถนนรามคำแหง แขวงสะพานสูง  เขตสะพานสูง กรุงเทพฯ 10240","13.776475000000001,100.6731",13.776475000000001,100.6731,"สะพานสูง","รอน้ำลด","","ยังส่งไม่ได้",false,"","",""
1895,"70805","เอกปกรณ์ จำกัด","2026-09-28T13:06:00+07:00","ปกติ","ไม่สามารถเข้าส่งได้ น้ำท่วมสูงในพื้นที่","16205","จันทร์","B2B","สาขากรุงเทพกรีฑา","47,49,51,53 ซ.ถาวรธวัช 1 (รามคำแหง 24) ถ.รามคำแหง แขวงหัวหมาก เขตบางกะปิ กรุงเทพฯ 10240","13.746683333333332,100.61674833333333",13.746683333333332,100.61674833333333,"บางกะปิ","รอน้ำลด","","ยังส่งไม่ได้",false,"","",""
1896,"70903","ฉวีวรรณ สุนทรกะลัมภ์","2026-09-28T11:26:00+07:00","โอนงานสิ้นวัน","ไม่สามารถเข้าส่งได้ น้ำท่วมสูงในพื้นที่","16304","เสาร์","B2C","สาขากรุงเทพกรีฑา","99/524 หมู่บ้าน นักกีฬาแหลมทอง ซ.5 ถ.กรุงเทพกรีฑา แขวงสะพานสูง เขตสะพานสูง จ.กรุงเทพฯ 10250","13.7445729,100.692111",13.7445729,100.692111,"สะพานสูง","รอน้ำลด","","ยังส่งไม่ได้",true,"วุฒิชัย จีปน","26/09/2026","ผู้ทำรายการ:วุฒิชัย จีปน;โอนงานมาจากวันที่:26/09/2026"
1897,"71313/1","จี.เอส.พี.เดคคอร์เรท โปรดักส์ เทรดดิ้ง จำกัด","2026-09-28T13:05:00+07:00","ปกติ","ไม่สามารถเข้าส่งได้ น้ำท่วมสูงในพื้นที่","16204","จันทร์","B2B","สาขากรุงเทพกรีฑา","4956/57 ซ.ลาดพร้าว 101 ถ.ลาดพร้าว แขวงคลองจั่น เขตบางกะปิ กรุงเทพฯ 10240","13.801448333333333,100.63383833333334",13.801448333333333,100.63383833333334,"บางกะปิ","รอน้ำลด","","ยังส่งไม่ได้",false,"","",""
1898,"71920","ภัทริดา เอี่ยมพ่วง","2026-09-28T12:14:00+07:00","โอนงานสิ้นวัน","ไม่สามารถเข้าส่งได้ เกิดข้อผิดพลาด (เลื่อนวันที่ส่ง)","16203","เสาร์","B2C","สาขากรุงเทพกรีฑา","อาคารฝักข้าวโพด  ตึก 3 ชั้น 9 ห้อง 8/122 ซ.รามคำแหง 40 ถ.รามคำแหง แขวงหัวหมาก เขตบางกะปิ กรุงเทพฯ 10240","13.7560451,100.6388826",13.7560451,100.6388826,"บางกะปิ","รอน้ำลด","","ยังส่งไม่ได้",true,"สถาพร นนท์เข็มพรหม","26/09/2026","ผู้ทำรายการ:สถาพร นนท์เข็มพรหม;โอนงานมาจากวันที่:26/09/2026"
1899,"71959","สาธิต จันทวีวัฒน์","2026-09-28T11:19:00+07:00","โอนงานสิ้นวัน","ไม่สามารถเข้าส่งได้ น้ำท่วมสูงในพื้นที่","16304","เสาร์","B2C","สาขากรุงเทพกรีฑา","12/147 หมู่บ้านเนอวาน่าพระราม 9 ถ.กรุงเทพ-กรีฑา ซ.32 แขวงสะพานสูง เขตสะพานสูง กรุงเทพฯ 10250","13.7364879,100.6892799",13.7364879,100.6892799,"สะพานสูง","รอน้ำลด","","ยังส่งไม่ได้",true,"ฤทธิศักดิ์ สระเงินสิงห์","28/09/2026","ผู้ทำรายการ:ฤทธิศักดิ์ สระเงินสิงห์;โอนงานมาจากวันที่:28/09/2026"
1900,"73236","อาคารสงเคราะห์สาขาย่อยเพียวเพลส รามคำแหง 110","2026-09-28T13:24:00+07:00","ปกติ","ไม่สามารถเข้าส่งได้ น้ำท่วมสูงในพื้นที่","16301","จันทร์","B2B","สาขากรุงเทพกรีฑา","86/2 ชั้น 2 ศูนย์การค้าเพียวเพลส ถนนรามคำแหง 110 แขวงสะพานสูง เขตสะพานสูง กรุงเทพฯ 10240","13.7764677,100.6732587",13.7764677,100.6732587,"สะพานสูง","รอน้ำลด","","ยังส่งไม่ได้",false,"","",""
1901,"73378","แคสเตอร์ แอนด์ วิลล์ (ไทยแลนด์) จำกัด","2026-09-28T13:05:00+07:00","ปกติ","ไม่สามารถเข้าส่งได้ น้ำท่วมสูงในพื้นที่","16204","จันทร์","B2B","สาขากรุงเทพกรีฑา","32/4 ซ.โพธิ์แก้ว3 ถ.ลาดพร้าว101 แขวงคลองจั่น เขตบางกะปิ กรุงเทพฯ 10240","13.800231339409947,100.63411317765713",13.800231339409947,100.63411317765713,"บางกะปิ","รอน้ำลด","","ยังส่งไม่ได้",false,"","",""
1902,"73749","โพสเท็ค พรีสเตรสซิ่ง จำกัด","2026-09-28T13:07:00+07:00","ปกติ","ไม่สามารถเข้าส่งได้ น้ำท่วมสูงในพื้นที่","16205","จันทร์","B2B","สาขากรุงเทพกรีฑา","877/32 หมู่บ้านเนอวานาแอทเวิร์ค ซ.ถาวรธวัช ถ.พระราม 9 แขวงสวนหลวง เขตสวนหลวง กรุงเทพฯ 10250","13.74437,100.61682166666667",13.74437,100.61682166666667,"สวนหลวง","รอน้ำลด","","ยังส่งไม่ได้",false,"","",""
1903,"74284","จำรัสลักษณ์ ขวัญนวล","2026-09-28T12:41:00+07:00","ปกติ","ไม่สามารถเข้าส่งได้ น้ำท่วมสูงในพื้นที่","16306","จันทร์","B2C","สาขากรุงเทพกรีฑา","48/185 หมู่บ้านเดอะวิลล่า ซ.รามคำแหง 174 แขวงมีนบุรี เขตมีนบุรี กรุงเทพฯ 10510","13.788151666666666,100.71784166666666",13.788151666666666,100.71784166666666,"มีนบุรี","รอน้ำลด","","ยังส่งไม่ได้",false,"","",""
1904,"74719","ต้นคิด มีเดีย จำกัด","2026-09-28T13:23:00+07:00","ปกติ","ไม่สามารถเข้าส่งได้ น้ำท่วมสูงในพื้นที่","16103","จันทร์","B2B","สาขากรุงเทพกรีฑา","98/335 หมู่บ้านกลางเมือง รามคำแหง39 แขวงพลับพลา เขตวังทองหลาง กรุงเทพฯ 10310","13.76217298,100.61083255",13.76217298,100.61083255,"วังทองหลาง","รอน้ำลด","","ยังส่งไม่ได้",false,"","",""
1905,"75189","ทินกร ตันติพงษ์ศิริกุล","2026-09-28T12:48:00+07:00","ปกติ","ไม่สามารถเข้าส่งได้ น้ำท่วมสูงในพื้นที่","16303","จันทร์","B2C","สาขากรุงเทพกรีฑา","314/419 หมู่บ้านปรีชาล้ำเพชร ซ.15 ถ.รามคำแหง 76 แขวงหัวหมาก เขตบางกะปิ กรุงเทพฯ 10240","13.76649128,100.66720338",13.76649128,100.66720338,"บางกะปิ","รอน้ำลด","","ยังส่งไม่ได้",false,"","",""
1906,"76136","คริสตจักร สานฝัน","2026-09-28T13:41:00+07:00","โอนงานสิ้นวัน","ไม่สามารถเข้าส่งได้ น้ำท่วมสูงในพื้นที่","16106","เสาร์","B2B","สาขากรุงเทพกรีฑา","230 หมู่บ้านพรรณวดี ถ.ลาดพร้าว ซ.64 แยก 2 แขวงวังทองหลาง เขตวังทองหลาง กรุงเทพฯ 10310","13.790733333333332,100.59859499999999",13.790733333333332,100.59859499999999,"วังทองหลาง","รอน้ำลด","","ยังส่งไม่ได้",true,"วุฒิชัย จีปน","26/09/2026","ผู้ทำรายการ:วุฒิชัย จีปน;โอนงานมาจากวันที่:26/09/2026"
1907,"77115","ภิตติ ด่านธานินทร์","2026-09-28T13:21:00+07:00","โอนงานสิ้นวัน","ไม่สามารถเข้าส่งได้ น้ำท่วมสูงในพื้นที่","16301","ศุกร์","B2C","สาขากรุงเทพกรีฑา","6 ถ.รามคำแหง ซ.118 แยก 46-13 แขวงสะพานสูง เขตพระโขนง กรุงเทพฯ 10240","13.764361,100.6830556",13.764361,100.6830556,"พระโขนง","รอน้ำลด","","ยังส่งไม่ได้",true,"จิรวัฒน์ สัยนิถี","28/09/2026","ผู้ทำรายการ:จิรวัฒน์ สัยนิถี;โอนงานมาจากวันที่:28/09/2026"
1908,"77827","โฟสซีน จำกัด","2026-09-28T13:20:00+07:00","ปกติ","ไม่สามารถเข้าส่งได้ เกิดข้อผิดพลาด (เลื่อนวันที่ส่ง)","16103","จันทร์","B2B","สาขากรุงเทพกรีฑา","188/263 ซ.ลาดพร้าว 84  แขวงวังทองหลาง เขตวังทองหลาง จ.กรุงเทพฯ 10310","13.7803267,100.6058035",13.7803267,100.6058035,"วังทองหลาง","รอน้ำลด","","ยังส่งไม่ได้",false,"","",""
1909,"78799","ซาลอนส์ซีเครท จำกัด","2026-09-28T13:15:00+07:00","ปกติ","ไม่สามารถเข้าส่งได้ น้ำท่วมสูงในพื้นที่","16204","จันทร์","B2B","สาขากรุงเทพกรีฑา","51,53 ซ.ลาดพร้าว 101  แขวงคลองเจ้าคุณสิงห์ เขตวังทองหลาง จ.กรุงเทพฯ 10310","13.7765475,100.6288518",13.7765475,100.6288518,"วังทองหลาง","รอน้ำลด","","ยังส่งไม่ได้",false,"","",""
1910,"79165","นิมิตพร ตราชู","2026-09-28T12:32:00+07:00","ปกติ","ไม่สามารถเข้าส่งได้ น้ำท่วมสูงในพื้นที่","16306","จันทร์","B2C","สาขากรุงเทพกรีฑา","48/55 หมู่บ้านเดอะวิลล่า ซ.5/1 ถ.รามคำแหง ซ.174 แขวงมีนบุรี เขตมีนบุรี กรุงเทพฯ 10510","13.787944999999999,100.71971666666668",13.787944999999999,100.71971666666668,"มีนบุรี","รอน้ำลด","","ยังส่งไม่ได้",false,"","",""
1911,"79422","วราลักษณ์ ช่องดารากุล","2026-09-28T13:24:00+07:00","โอนงานสิ้นวัน","ไม่สามารถเข้าส่งได้ น้ำท่วมสูงในพื้นที่","16106","เสาร์","B2C","สาขากรุงเทพกรีฑา","14 หมู่บ้านวัฒนานิเวศน์ ซ.6 ถ.สุทธิสาร แขวงสามเสนนอก เขตห้วยขวาง กทม.10310","13.793351666666668,100.58258833333333",13.793351666666668,100.58258833333333,"ห้วยขวาง","รอน้ำลด","","ยังส่งไม่ได้",true,"วุฒิชัย จีปน","26/09/2026","ผู้ทำรายการ:วุฒิชัย จีปน;โอนงานมาจากวันที่:26/09/2026"
1912,"80267","ธันยนันท์ วงศ์นาถสิริ","2026-09-28T14:20:00+07:00","เสริมน้ำ นอกรอบ","ไม่สามารถเข้าส่งได้ น้ำท่วมสูงในพื้นที่","16206","เสาร์","B2C","สาขากรุงเทพกรีฑา","คอนโดมโนกิตต์ อาคาร เอ ชั้น 5 ห้อง 102 ซ.ลาดพร้าว 132 แขวงคลองจั่น เขตบางกะปิ จ.กรุงเทพฯ 10240","13.770555000000002,100.63450666666668",13.770555000000002,100.63450666666668,"บางกะปิ","รอน้ำลด","","ยังส่งไม่ได้",false,"","",""
1913,"80779","ลลิสา ยุ่นประยงค์","2026-09-28T13:15:00+07:00","ปกติ","ไม่สามารถเข้าส่งได้ น้ำท่วมสูงในพื้นที่","16303","จันทร์","B2C","สาขากรุงเทพกรีฑา","301/693 ซ.16 หมู่บ้าน กิตตินิเวศน์ ซ.รามคำแหง 68 ถ.รามคำแหง แขวงหัวหมาก เขตบางกะปิ กรุงเทพฯ 10240","13.7622676,100.6680508",13.7622676,100.6680508,"บางกะปิ","รอน้ำลด","","ยังส่งไม่ได้",false,"","",""
1914,"81687","สุรพล อุณหเกตุ","2026-09-28T12:15:00+07:00","โอนงานสิ้นวัน","ไม่สามารถเข้าส่งได้ น้ำท่วมสูงในพื้นที่","16203","เสาร์","B2C","สาขากรุงเทพกรีฑา","87 หมู่บ้านบูรพา ซ.รามคำแหง 36 ถ.รามคำแหง แขวงหัวหมาก เขตบางกะปิ กรุงเทพฯ 10240","13.7593214,100.6371896",13.7593214,100.6371896,"บางกะปิ","รอน้ำลด","","ยังส่งไม่ได้",true,"ฤทธิศักดิ์ สระเงินสิงห์","28/09/2026","ผู้ทำรายการ:ฤทธิศักดิ์ สระเงินสิงห์;โอนงานมาจากวันที่:28/09/2026"
1915,"82103/1","วสันต์ กิ่งภากรณ์","2026-09-28T14:17:00+07:00","โอนงานสิ้นวัน","ไม่สามารถเข้าส่งได้ น้ำท่วมสูงในพื้นที่","16206","เสาร์","B2C","สาขากรุงเทพกรีฑา","81 ซ.ลาดพร้าว 134 แขวงคลองจั่น เขตบางกะปิ กรุงเทพฯ 10240","13.76650241,100.63659452",13.76650241,100.63659452,"บางกะปิ","รอน้ำลด","","ยังส่งไม่ได้",true,"วีรวัฒน์ อุดมทรัพย์","28/09/2026","ผู้ทำรายการ:วีรวัฒน์ อุดมทรัพย์;โอนงานมาจากวันที่:28/09/2026"
1916,"82567","ศุภกร อานันทศุภกุล","2026-09-28T12:51:00+07:00","ปกติ","ไม่สามารถเข้าส่งได้ น้ำท่วมสูงในพื้นที่","16306","จันทร์","B2C","สาขากรุงเทพกรีฑา","55 ซ.รามคำแหง 187 แยก 2 ถ.รามคำแหง แขวงมีนบุรี เขตมีนบุรี กรุงเทพฯ 10510","13.799024999999999,100.71193833333334",13.799024999999999,100.71193833333334,"มีนบุรี","รอน้ำลด","","ยังส่งไม่ได้",false,"","",""
1917,"82691","อาภาพรรณ จตุบวรชัย","2026-09-28T12:15:00+07:00","โอนงานสิ้นวัน","ไม่สามารถเข้าส่งได้ น้ำท่วมสูงในพื้นที่","16203","เสาร์","B2C","สาขากรุงเทพกรีฑา","65 ซ.รามคำแหง 36 (เข้า ซ.200ม. บ้านอยู่ซ้ายมือ) แขวงหัวหมาก เขตบางกะปิ กรุงเทพฯ 10240","13.759791666666668,100.637265",13.759791666666668,100.637265,"บางกะปิ","รอน้ำลด","","ยังส่งไม่ได้",true,"จิรวัฒน์ สัยนิถี","28/09/2026","ผู้ทำรายการ:จิรวัฒน์ สัยนิถี;โอนงานมาจากวันที่:28/09/2026"
1918,"82922","ควอลิไฟด์ เทรดดิ้ง จำกัด","2026-09-28T13:07:00+07:00","ปกติ","ไม่สามารถเข้าส่งได้ เกิดข้อผิดพลาด (เลื่อนวันที่ส่ง)","16205","จันทร์","B2B","สาขากรุงเทพกรีฑา","โครงการเนอวานาแอดเวิร์ค 877/14 ถ.พระราม 9 แขวงสวนหลวง เขตสวนหลวง กรุงเทพฯ 10250","13.74428666666667,100.61667333333335",13.74428666666667,100.61667333333335,"สวนหลวง","รอน้ำลด","","ยังส่งไม่ได้",false,"","",""
1919,"83171","กสุมา สุทธิธนะวัฒน์","2026-09-28T13:40:00+07:00","เสริมน้ำ ตรงรอบ","ไม่สามารถเข้าส่งได้ น้ำท่วมสูงในพื้นที่","16307","จันทร์","B2C","สาขากรุงเทพกรีฑา","1/7 ซ.ชัยพฤกษ์ 1 หมู่บ้านพฤกษชาติ ถ.รามคำแหง แขวงสะพานสูง เขตสะพานสูง กรุงเทพฯ 10240","13.7685701,100.6879094",13.7685701,100.6879094,"สะพานสูง","รอน้ำลด","","ยังส่งไม่ได้",false,"","",""
1920,"84636","กรวิกา เหล่าเรืองวัฒนะ","2026-09-28T12:53:00+07:00","ปกติ","ไม่สามารถเข้าส่งได้ น้ำท่วมสูงในพื้นที่","16201","จันทร์","B2C","สาขากรุงเทพกรีฑา","580/109 โครงการบ้านกลางเมืองลาดพร้าว 87 ถ.ลาดพร้าว แขวงคลองเจ้าคุณสิงห์ เขตวังทองหลาง กรุงเทพฯ 10310","13.7933088,100.6231794",13.7933088,100.6231794,"วังทองหลาง","รอน้ำลด","","ยังส่งไม่ได้",false,"","",""
1921,"84721","วันวิสาข์ ทองแกม","2026-09-28T12:45:00+07:00","ปกติ","ไม่สามารถเข้าส่งได้ น้ำท่วมสูงในพื้นที่","16201","จันทร์","B2C","สาขากรุงเทพกรีฑา","1117 ซ.ลาดพร้าว71 (สังคมสงเคราะห์31)  แขวง สะพานสอง เขตวังทองหลาง จ.กรุงเทพฯ 10310","13.7964055,100.5973176",13.7964055,100.5973176,"วังทองหลาง","รอน้ำลด","","ยังส่งไม่ได้",false,"","",""
1922,"85387","ไทย ฉวน ฉี แอนด์ เทรด (2559) จำกัด","2026-09-28T11:59:00+07:00","ปกติ","ไม่สามารถเข้าส่งได้ น้ำท่วมสูงในพื้นที่","16203","จันทร์","B2B","สาขากรุงเทพกรีฑา","1/6 ซ.รามคำแหง 15 (วีรผล)  แขวงหัวหมาก เขตบางกะปิ จ.กรุงเทพฯ 10240","13.752949999999998,100.60872333333333",13.752949999999998,100.60872333333333,"บางกะปิ","รอน้ำลด","","ยังส่งไม่ได้",false,"","",""
1923,"85874","จรูญ รักไทย","2026-09-28T12:52:00+07:00","ปกติ","ไม่สามารถเข้าส่งได้ น้ำท่วมสูงในพื้นที่","16201","จันทร์","B2C","สาขากรุงเทพกรีฑา","580/69 หมู่บ้านกลางเมือง 87 แยก 10 ซอยลาดพร้าว 87 แขวงคลองเจ้าคุณสิงห์ เขตวังทองหลาง กรุงเทพฯ 10310","13.7930343,100.6216923",13.7930343,100.6216923,"วังทองหลาง","รอน้ำลด","","ยังส่งไม่ได้",false,"","",""
1924,"86183","ดิมดาต้า ซิสเต็มส์ จำกัด","2026-09-28T11:22:00+07:00","โอนงานสิ้นวัน","ไม่สามารถเข้าส่งได้ น้ำท่วมสูงในพื้นที่","16304","เสาร์","B2B","สาขากรุงเทพกรีฑา","99/922 หมู่ 16 ถนนกรุงเทพ-กรีฑา แขวงสะพานสูง เขตสะพานสูง กรุงเทพฯ 10250","13.74842186,100.69342858",13.74842186,100.69342858,"สะพานสูง","รอน้ำลด","","ยังส่งไม่ได้",true,"ฤทธิศักดิ์ สระเงินสิงห์","28/09/2026","ผู้ทำรายการ:ฤทธิศักดิ์ สระเงินสิงห์;โอนงานมาจากวันที่:28/09/2026"
1925,"87200","มิลเลี่ยนเฮลธ์แคร์ จำกัด","2026-09-28T13:08:00+07:00","ปกติ","ไม่สามารถเข้าส่งได้ น้ำท่วมสูงในพื้นที่","16205","จันทร์","B2B","สาขากรุงเทพกรีฑา","877/6 หมู่บ้านเนอวานาแอทเวิร์ค ถ.พระราม 9 แขวงสวนหลวง เขตสวนหลวง กรุงเทพฯ 10250","13.743846666666665,100.61653",13.743846666666665,100.61653,"สวนหลวง","รอน้ำลด","","ยังส่งไม่ได้",false,"","",""
1926,"87258","เอนโดวาสเฑค จำกัด","2026-09-28T13:16:00+07:00","ปกติ","ไม่สามารถเข้าส่งได้ น้ำท่วมสูงในพื้นที่","16303","จันทร์","B2B","สาขากรุงเทพกรีฑา","301/991 หมู่บ้านกิตตินิเวศ ซอย 24 แยก 3 ถ.รามคำแหง ซ.68 แขวงหัวหมาก เขตบางกะปิ กรุงเทพฯ 10240","13.762823333333332,100.66768666666667",13.762823333333332,100.66768666666667,"บางกะปิ","รอน้ำลด","","ยังส่งไม่ได้",false,"","",""
1927,"87403","ทัชแล็บ 2013 จำกัด","2026-09-28T12:58:00+07:00","ปกติ","ไม่สามารถเข้าส่งได้ น้ำท่วมสูงในพื้นที่","16204","จันทร์","B2B","สาขากรุงเทพกรีฑา","66/15 ซ.ลาดพร้าว 101 ซอย 46 (กิตติจิตต์) แขวงคลองจั่น เขตบางกะปิ กรุงเทพฯ 10240","13.795048096217215,100.63440310768783",13.795048096217215,100.63440310768783,"บางกะปิ","รอน้ำลด","","ยังส่งไม่ได้",false,"","",""
1928,"87423","เอแปด ออโต้ เซอร์วิส","2026-09-28T12:39:00+07:00","ปกติ","ไม่สามารถเข้าส่งได้ เกิดข้อผิดพลาด (เลื่อนวันที่ส่ง)","16201","จันทร์","B2B","สาขากรุงเทพกรีฑา","54 ซอยลาดพร้าว 71 ถ.ลาดพร้าว แขวงสะพานสอง เขตวังทองหลาง กรุงเทพฯ 10310","13.789978388751068,100.60847899364306",13.789978388751068,100.60847899364306,"วังทองหลาง","รอน้ำลด","","ยังส่งไม่ได้",false,"","",""
1929,"88004","ดับบลิว เอ เอ จำกัด","2026-09-28T14:09:00+07:00","ปกติ","ไม่สามารถเข้าส่งได้ น้ำท่วมสูงในพื้นที่","16206","จันทร์","B2B","สาขากรุงเทพกรีฑา","2756,2758 ถ.ลาดพร้าว แขวคลองจั่น เขตบางกะปิ กรุงเทพฯ 10240","13.773636408965285,100.63042372635346",13.773636408965285,100.63042372635346,"บางกะปิ","รอน้ำลด","","ยังส่งไม่ได้",false,"","",""
1930,"88436","มาริสา ธนาฒยสกุล","2026-09-28T13:22:00+07:00","ปกติ","ไม่สามารถเข้าส่งได้ น้ำท่วมสูงในพื้นที่","16103","จันทร์","B2C","สาขากรุงเทพกรีฑา","98/45 บ้านกลางเมือง ถ.รามคำแหง ซ.รามคำแหง 39 (เทพลีลา) แขวงวังทองหลาง เขตวังทองหลาง กรุงเทพฯ 10310","13.76044921,100.6134831",13.76044921,100.6134831,"วังทองหลาง","รอน้ำลด","","ยังส่งไม่ได้",false,"","",""
1931,"88828","รัตนา วัชรกาฬ","2026-09-28T11:14:00+07:00","โอนงานสิ้นวัน","ไม่สามารถเข้าส่งได้ น้ำท่วมสูงในพื้นที่","16304","เสาร์","B2C","สาขากรุงเทพกรีฑา","99/685(เลขใหม่7) ซ.11ค. (เลขใหม่ 5แยก4-5)หมู่บ้านนักกีฬา ถ.กรุงเทพกรีฑา แขวงสะพานสูง เขตสะพานสูง กรุงเทพฯ 10250","13.74602308,100.69177546",13.74602308,100.69177546,"สะพานสูง","รอน้ำลด","","ยังส่งไม่ได้",true,"วุฒิชัย จีปน","26/09/2026","ผู้ทำรายการ:วุฒิชัย จีปน;โอนงานมาจากวันที่:26/09/2026"
1932,"89513","เน็กส์ ทู เอ็นดี จำกัด","2026-09-28T13:16:00+07:00","ปกติ","ไม่สามารถเข้าส่งได้ น้ำท่วมสูงในพื้นที่","16106","จันทร์","B2B","สาขากรุงเทพกรีฑา","1616/1 ที่ทำการใหม่สภาวิศวกร ห้องที่ 8 ชั้น 4 ซ.ลาดพร้าว 54 ถ.ลาดพร้าว แขวงวังทองหลาง เขตวังทองหลาง กรุงเทพฯ 10310","13.795093333333334,100.59193166666667",13.795093333333334,100.59193166666667,"วังทองหลาง","รอน้ำลด","","ยังส่งไม่ได้",false,"","",""
1933,"90041","ยูเค - แบ็กมอลล์ จำกัด","2026-09-28T12:53:00+07:00","ปกติ","ไม่สามารถเข้าส่งได้ น้ำท่วมสูงในพื้นที่","16201","จันทร์","B2B","สาขากรุงเทพกรีฑา","580/67 หมู่บ้านกลางเมืองลาดพร้าว 81 ซ.87 แยก 10 ถ.ลาดพร้าว แขวงคลองเจ้าคุณสิงห์ เขตวังทองหลาง กรุงเทพฯ 10310","13.793154750019312,100.6220075301826",13.793154750019312,100.6220075301826,"วังทองหลาง","รอน้ำลด","","ยังส่งไม่ได้",false,"","",""
1934,"90609","เอ็ม.พี.ชิปปิ้ง จำกัด","2026-09-28T18:57:00+07:00","เสริมน้ำ นอกรอบ","ไม่สามารถเข้าส่งได้ น้ำท่วมสูงในพื้นที่","50207","ศุกร์","B2B","สาขาพระราม 3","1/11 อาคารเอื้ออมรสุข (ชั้นล่าง ห้องที่ 3) ซ.พระรามที่ 3 ซ.75 แยก 1 แขวงช่องนนทรี เขตยานนาวา กรุงเทพฯ 10120","13.709048333333332,100.54928166666666",13.709048333333332,100.54928166666666,"ยานนาวา","รอน้ำลด","","ยังส่งไม่ได้",false,"","",""
1935,"90964","เพรสทีจ ซีเลคชั่น จำกัด","2026-09-28T12:54:00+07:00","ปกติ","ไม่สามารถเข้าส่งได้ น้ำท่วมสูงในพื้นที่","16204","จันทร์","B2B","สาขากรุงเทพกรีฑา","787 โซน car parking 4 (Happy Avenue) ซ.ลาดพร้าว 101 ถ.ลาดพร้าว แขวงคลองเจ้าคุณสิงห์ เขตวังทองหลาง จ.กรุงเทพฯ 10310","13.788019999999998,100.627735",13.788019999999998,100.627735,"วังทองหลาง","รอน้ำลด","","ยังส่งไม่ได้",false,"","",""
1936,"91154","พรฤดี แซ่หลี่","2026-09-28T12:58:00+07:00","ปกติ","ไม่สามารถเข้าส่งได้ น้ำท่วมสูงในพื้นที่","16204","จันทร์","B2C","สาขากรุงเทพกรีฑา","83/142 หมู่บ้านสิรินทร์เทพ ซอยลาดพร้าว 101 แขวงคลองจั่น เขตบางกะปิ กรุงเทพฯ 10240","13.79521472,100.6353448",13.79521472,100.6353448,"บางกะปิ","รอน้ำลด","","ยังส่งไม่ได้",false,"","",""
1937,"91245/3","โซเด็กซ์โซ่ ฟาซิลิตี้ และ รักษาความปลอดภัย เซอร์วิสเซส (ประเทศไทย) จำกัด","2026-09-28T11:47:00+07:00","ปกติ","ไม่สามารถเข้าส่งได้ น้ำท่วมสูงในพื้นที่","16203","จันทร์","B2B","สาขากรุงเทพกรีฑา","อาคาร B-BUILDING อาคาร 3 ชั้น 1 (OSP ) เลขที่ 348 ถ.รามคำแหง แขวงหัวหมาก เขตบางกะปิ กรุงเทพฯ 10240","13.759580000000001,100.63069666666667",13.759580000000001,100.63069666666667,"บางกะปิ","รอน้ำลด","","ยังส่งไม่ได้",false,"","",""
1938,"91714","วรพร เบญจางคกุล","2026-09-28T11:14:00+07:00","โอนงานสิ้นวัน","ไม่สามารถเข้าส่งได้ เกิดข้อผิดพลาด (เลื่อนวันที่ส่ง)","16304","เสาร์","B2C","สาขากรุงเทพกรีฑา","12/82 หมู่บ้านเนอวาน่า-พระราม 9 ถ.กรุงเทพกรีฑา แขวงสะพานสูง เขตสะพานสูง กรุงเทพฯ 10250","13.73733841,100.69063759",13.73733841,100.69063759,"สะพานสูง","รอน้ำลด","","ยังส่งไม่ได้",true,"สถาพร นนท์เข็มพรหม","26/09/2026","ผู้ทำรายการ:สถาพร นนท์เข็มพรหม;โอนงานมาจากวันที่:26/09/2026"
1939,"92213","วิฑูรย์ ตุลากร","2026-09-28T12:51:00+07:00","ปกติ","ไม่สามารถเข้าส่งได้ น้ำท่วมสูงในพื้นที่","16201","จันทร์","B2C","สาขากรุงเทพกรีฑา","312/5 ซ.ลาดพร้าว 87 แยก 10 ถ.ลาดพร้าว แขวงคลองเจ้าคุณสิงห์ เขตวังทองหลาง กรุงเทพฯ 10310","13.7914196,100.6231047",13.7914196,100.6231047,"วังทองหลาง","รอน้ำลด","","ยังส่งไม่ได้",false,"","",""
1940,"92688","ทีซี รีนิวอะเบิ้ล เอ็นเนอร์ยี่ จำกัด","2026-09-28T17:04:00+07:00","ปกติ","ไม่สามารถเข้าส่งได้ น้ำท่วมสูงในพื้นที่","16107","จันทร์","B2B","สาขากรุงเทพกรีฑา","202 อาคารจูบีลี่ เพรสทีจ ทาวน์เวอร์ ชั้น 15 ห้อง 1501 ถ.รัชดาภิเษก แขวงห้วยขวาง เขตห้วยขวาง กรุงเทพฯ 10310","13.775834999999999,100.57385333333335",13.775834999999999,100.57385333333335,"ห้วยขวาง","รอน้ำลด","","ยังส่งไม่ได้",false,"","",""
1941,"93392","วันชัย มานชู","2026-09-28T10:50:00+07:00","ปกติ","ไม่สามารถเข้าส่งได้ น้ำท่วมสูงในพื้นที่","16304","จันทร์","B2C","สาขากรุงเทพกรีฑา"," 51/1 ถ.กรุงเทพกรีฑา 20 แยก 9  แขวงสะพานสูง เขตสะพานสูง กรุงเทพฯ 10250","13.736138333333335,100.68711333333334",13.736138333333335,100.68711333333334,"สะพานสูง","รอน้ำลด","","ยังส่งไม่ได้",false,"","",""
1942,"94145","อรรคพล เชิดโชติเพ็ชร์","2026-09-28T12:33:00+07:00","ปกติ","ไม่สามารถเข้าส่งได้ น้ำท่วมสูงในพื้นที่","16306","จันทร์","B2C","สาขากรุงเทพกรีฑา","เลขที่ 16/4 หมู่บ้านบัวขาว ซ.62 ซ.รามคำแหง 174  ถ.รามคำแหง แขวงมีนบุรี เขตมีนบุรี กรุงเทพฯ 10510","13.788563333333332,100.71696666666666",13.788563333333332,100.71696666666666,"มีนบุรี","รอน้ำลด","","ยังส่งไม่ได้",false,"","",""
1943,"95170","ปริม หงษ์สวัสดิ์","2026-09-28T14:03:00+07:00","โอนงานสิ้นวัน","ไม่สามารถเข้าส่งได้ น้ำท่วมสูงในพื้นที่","16103","เสาร์","B2C","สาขากรุงเทพกรีฑา","98/174 หมู่บ้านกลางเมืองพระรามเก้า-รามคำแหง ซ.รามคำแหง39 ถ.รามคำแหง แขวงพลับพลา เขตวังทองหลาง กรุงเทพฯ 10310","13.762572790406038,100.61239183472958",13.762572790406038,100.61239183472958,"วังทองหลาง","รอน้ำลด","","ยังส่งไม่ได้",true,"สถาพร นนท์เข็มพรหม","26/09/2026","ผู้ทำรายการ:สถาพร นนท์เข็มพรหม;โอนงานมาจากวันที่:26/09/2026"
1944,"95370","เอาท์ดอร์ไลฟ์ จำกัด","2026-09-28T14:09:00+07:00","ปกติ","ไม่สามารถเข้าส่งได้ น้ำท่วมสูงในพื้นที่","16206","จันทร์","B2B","สาขากรุงเทพกรีฑา","ปากซอยลาดพร้าว 116 ถ.ลาดพร้าว  แขวงพลับพลา เขตวังทองหลวง กรุงเทพฯ 10310","13.77935669,100.6208555",13.77935669,100.6208555,"วังทองหลวง","รอน้ำลด","","ยังส่งไม่ได้",false,"","",""
1945,"95400","กฤษณะ ภิลัยวรรณ์","2026-09-28T11:21:00+07:00","โอนงานสิ้นวัน","ไม่สามารถเข้าส่งได้ น้ำท่วมสูงในพื้นที่","16304","เสาร์","B2C","สาขากรุงเทพกรีฑา","12/32 หมู่บ้านเนวาน่า ไอคอนพระราม 9 ซ.กรุงเทพกรีฑา 32 ถ.กรุงเทพกรีฑา  แขวงสะพานสูง เขตสะพานสูง กรุงเทพฯ 10240","13.73778924,100.69045612",13.73778924,100.69045612,"สะพานสูง","รอน้ำลด","","ยังส่งไม่ได้",true,"วีรวัฒน์ อุดมทรัพย์","28/09/2026","ผู้ทำรายการ:วีรวัฒน์ อุดมทรัพย์;โอนงานมาจากวันที่:28/09/2026"
1946,"95417","ฉัทชนัน สุริยาอมรานนท์","2026-09-28T11:15:00+07:00","โอนงานสิ้นวัน","ไม่สามารถเข้าส่งได้ น้ำท่วมสูงในพื้นที่","16304","เสาร์","B2C","สาขากรุงเทพกรีฑา","99/1455 หมู่บ้านนักกีฬาแหลมทอง ซอย 13 แขวงสะพานสูง เขตสะพานสูง กรุงเทพฯ 10240","13.749485,100.69546666666665",13.749485,100.69546666666665,"สะพานสูง","รอน้ำลด","","ยังส่งไม่ได้",true,"วุฒิชัย จีปน","26/09/2026","ผู้ทำรายการ:วุฒิชัย จีปน;โอนงานมาจากวันที่:26/09/2026"
1947,"95917","นิพันธ์ พิมพ์สวัสดิ์","2026-09-28T13:49:00+07:00","ปกติ","ไม่สามารถเข้าส่งได้ น้ำท่วมสูงในพื้นที่","16106","จันทร์","B2C","สาขากรุงเทพกรีฑา","7 ซอยพุ่มอุไร ถ.สุทธิสารวินิจฉัย แขวงสามเสนนอก เขตห้วยขวาง กรุงเทพฯ 10310","13.79140623,100.58271821",13.79140623,100.58271821,"ห้วยขวาง","รอน้ำลด","","ยังส่งไม่ได้",false,"","",""
1948,"96086","อุไรวรรณ หิรัญเทพ","2026-09-28T12:06:00+07:00","เสริมน้ำ ตรงรอบ","ไม่สามารถเข้าส่งได้ เกิดข้อผิดพลาด (เลื่อนวันที่ส่ง)","16203","เสาร์","B2C","สาขากรุงเทพกรีฑา","90 (62) ซอยรามคำแหง 48 ถนนรามคำแหง แขวงหัวหมาก เขตบางกะปิ กรุงเทพฯ 10240","13.7576487,100.6422909",13.7576487,100.6422909,"บางกะปิ","รอน้ำลด","","ยังส่งไม่ได้",false,"","",""
1949,"96295","จิรนนท์ สุภาพ","2026-09-28T13:05:00+07:00","ปกติ","ไม่สามารถเข้าส่งได้ น้ำท่วมสูงในพื้นที่","16307","จันทร์","B2C","สาขากรุงเทพกรีฑา","12/1 หมู่บ้านพฤกชาติ ซ.รามคำแหง 118 แยก 42-2 แขวงสะพานสูง เขตสะพานสูง กรุงเทพ 10240","13.7678212,100.6850513",13.7678212,100.6850513,"สะพานสูง","รอน้ำลด","","ยังส่งไม่ได้",false,"","",""
1950,"96493","เรไร วิไลรัตน์","2026-09-28T12:48:00+07:00","ปกติ","ไม่สามารถเข้าส่งได้ น้ำท่วมสูงในพื้นที่","16306","จันทร์","B2C","สาขากรุงเทพกรีฑา","3 หมู่บ้านธรากร รามคำแหง 164 แยก 7  แขวงมีนบุรี เขตมีนบุรี กรุงเทพฯ 10510","13.794171666666667,100.71130166666666",13.794171666666667,100.71130166666666,"มีนบุรี","รอน้ำลด","","ยังส่งไม่ได้",false,"","",""
1951,"96671","แอ๊พ ท๊อปเวิลด์ คอสเมติกส์ จำกัด","2026-09-28T08:27:00+07:00","ปกติ","ไม่สามารถเข้าส่งได้ น้ำท่วมสูงในพื้นที่","16104","จันทร์","B2B","สาขากรุงเทพกรีฑา","75/6-7 ซ.รามคำแหง 21 (นวศรี) แขวงหัวหมาก เขตบางกะปิ กรุงเทพฯ 10240","13.754929,100.6100597",13.754929,100.6100597,"บางกะปิ","รอน้ำลด","","ยังส่งไม่ได้",false,"","",""
1952,"97201","ณัฐนันท์ กอวงษ์","2026-09-28T12:36:00+07:00","โอนงานสิ้นวัน","ไม่สามารถเข้าส่งได้ น้ำท่วมสูงในพื้นที่","16201","เสาร์","B2C","สาขากรุงเทพกรีฑา","249/1 ซ.ลาดพร้าว87 แยก 5 ถ.ลาดพร้าว แขวงคลองเจ้าคุณสิงห์ เขตวังทองหลาง กรุงเทพฯ 10310","13.790898859424992,100.61777155134119",13.790898859424992,100.61777155134119,"วังทองหลาง","รอน้ำลด","","ยังส่งไม่ได้",true,"จิรวัฒน์ สัยนิถี","28/09/2026","ผู้ทำรายการ:จิรวัฒน์ สัยนิถี;โอนงานมาจากวันที่:28/09/2026"
1953,"97268/1","ซีเอสเอ็มอี มาร์เก็ตติ้ง จำกัด","2026-09-28T13:46:00+07:00","ปกติ","ไม่สามารถเข้าส่งได้ น้ำท่วมสูงในพื้นที่","16106","จันทร์","B2B","สาขากรุงเทพกรีฑา","48/5-6 อาคารสเปซ 48 ห้องเลขที่ 603 ชั้นที่ 6 ซ.รุ่งเรือง  ถ.รัชดาภิเษก แขวงสามเสนนอก เขตห้วยขวาง จ.กรุงเทพฯ 10310","13.791873333333335,100.57571333333333",13.791873333333335,100.57571333333333,"ห้วยขวาง","รอน้ำลด","","ยังส่งไม่ได้",false,"","",""
1954,"97357","มนตรี สายคำ","2026-09-28T13:24:00+07:00","ปกติ","ไม่สามารถเข้าส่งได้ น้ำท่วมสูงในพื้นที่","16301","จันทร์","B2C","สาขากรุงเทพกรีฑา","86 คลีนิกทันตกรรม สไมล์ไดอารี่ ห้างเพียวเพลส รามคำแหง ชั้น 2 ถ.รามคำแหง แขวงสะพานสูง เขตสะพานสูง กรุงเทพฯ 10240","13.776505000000002,100.67308499999999",13.776505000000002,100.67308499999999,"สะพานสูง","รอน้ำลด","","ยังส่งไม่ได้",false,"","",""
1955,"97499","คลิงสปอร์ บางกอก จำกัด","2026-09-28T17:04:00+07:00","ปกติ","ไม่สามารถเข้าส่งได้ น้ำท่วมสูงในพื้นที่","16107","จันทร์","B2B","สาขากรุงเทพกรีฑา","202 อาคารจูบิลี่ เพรสทีจ ทาวน์เวอร์ ชั้น 12 ยูนิต 1204 ถ.รัชดาภิเษก แขวงห้วยขวาง เขตห้วยขวาง กรุงเทพฯ 10310","13.775598333333335,100.57393166666667",13.775598333333335,100.57393166666667,"ห้วยขวาง","รอน้ำลด","","ยังส่งไม่ได้",false,"","",""
1956,"98667","ไลฟ์ โบ๊ท จำกัด (สำนักงานใหญ่)","2026-09-28T12:43:00+07:00","ปกติ","ไม่สามารถเข้าส่งได้ น้ำท่วมสูงในพื้นที่","16201","จันทร์","B2B","สาขากรุงเทพกรีฑา","559 ซ.ลาดพร้าว 71 ถ.ลาดพร้าว แขวงวังทองหลาง เขตวังทองหลาง กรุงเทพฯ 10230","13.795129606726592,100.60520920912559",13.795129606726592,100.60520920912559,"วังทองหลาง","รอน้ำลด","","ยังส่งไม่ได้",false,"","",""
1957,"99108","พัณณ์นพัช เพ็ชรพูนพิน","2026-09-28T14:26:00+07:00","โอนงานสิ้นวัน","ไม่สามารถเข้าส่งได้ น้ำท่วมสูงในพื้นที่","16206","เสาร์","B2C","สาขากรุงเทพกรีฑา","430/36 โครงการลุมพินีแฮปปี้แลนด์ ตึก F1 ซ.ศูนย์การค้า-แฮปปี้แลนด์ 2  แขวงคลองจั่น เขตบางกะปิ จ.กรุงเทพฯ 10240","13.7745312,100.6423667",13.7745312,100.6423667,"บางกะปิ","รอน้ำลด","","ยังส่งไม่ได้",true,"จิรวัฒน์ สัยนิถี","28/09/2026","ผู้ทำรายการ:จิรวัฒน์ สัยนิถี;โอนงานมาจากวันที่:28/09/2026"
1958,"99298","อินนิเชียล เอสเตท จำกัด","2026-09-28T08:29:00+07:00","ปกติ","ไม่สามารถเข้าส่งได้ เกิดข้อผิดพลาด (เลื่อนวันที่ส่ง)","16104","จันทร์","B2B","สาขากรุงเทพกรีฑา","อาคารสำนักงานเดอะไพร์ม พร็อพเพอร์ตี้ ซ.รามคำแหง 21 (นวศรี) แขวงหัวหมาก เขตบางกะปิ กรุงเทพฯ 10240","13.7553144,100.6101528",13.7553144,100.6101528,"บางกะปิ","รอน้ำลด","","ยังส่งไม่ได้",false,"","",""
1959,"99668","สะไบทอง จันทรประภาพ","2026-09-28T12:41:00+07:00","ปกติ","ไม่สามารถเข้าส่งได้ น้ำท่วมสูงในพื้นที่","16303","จันทร์","B2C","สาขากรุงเทพกรีฑา","79/144 หมู่บ้านภัทรา ซ.4 รามคำแหง 76 แขวงหัวหมาก เขตบางกะปิ กรุงเทพฯ 10240","13.766606666666666,100.66466333333334",13.766606666666666,100.66466333333334,"บางกะปิ","รอน้ำลด","","ยังส่งไม่ได้",false,"","",""
1960,"99776","ซี.พลาส.เอ็นจิเนียริ่ง (สำนักงานใหญ่)","2026-09-28T14:09:00+07:00","ปกติ","ไม่สามารถเข้าส่งได้ น้ำท่วมสูงในพื้นที่","16206","จันทร์","B2B","สาขากรุงเทพกรีฑา","525/63 หมู่บ้านสราญพฤกษ์ ซ.ลาดพร้าว 130 แยก 4 ถ.ลาดพร้าว แขวงพลับพลา เขตวังทองหลาง กรุงเทพฯ 10310","13.766361531904865,100.62832327339693",13.766361531904865,100.62832327339693,"วังทองหลาง","รอน้ำลด","","ยังส่งไม่ได้",false,"","",""
1961,"99780","สยาม ดิจิทัล เลนดิ้ง จำกัด","2026-09-28T11:57:00+07:00","ปกติ","ไม่สามารถเข้าส่งได้ น้ำท่วมสูงในพื้นที่","16203","จันทร์","B2B","สาขากรุงเทพกรีฑา","73 อาคาร รามคำแหง ฮิลส์ ชั้น 9 ห้อง ซี.ดี.อี ถ.รามคำแหง  แขวงหัวหมาก เขตบางกะปิ กรุงเทพฯ 10240","13.753775,100.61050166666668",13.753775,100.61050166666668,"บางกะปิ","รอน้ำลด","","ยังส่งไม่ได้",false,"","",""
1962,"99890","ธีระศักดิ์ มีหล้า","2026-09-28T14:10:00+07:00","ปกติ","ไม่สามารถเข้าส่งได้ น้ำท่วมสูงในพื้นที่","16206","จันทร์","B2C","สาขากรุงเทพกรีฑา","185/142 ซ.ลาดพร้าว 126 (กรัณฑ์พร) แขวงพลับพลา เขตวังทองหลาง กรุงเทพฯ 10310","13.769632177333953,100.62794150637069",13.769632177333953,100.62794150637069,"วังทองหลาง","รอน้ำลด","","ยังส่งไม่ได้",false,"","",""